#ifdef __has_include
    #if __has_include("lvgl.h")
        #ifndef LV_LVGL_H_INCLUDE_SIMPLE
            #define LV_LVGL_H_INCLUDE_SIMPLE
        #endif
    #endif
#endif

#if defined(LV_LVGL_H_INCLUDE_SIMPLE)
    #include "lvgl.h"
#else
    #include "lvgl/lvgl.h"
#endif


#ifndef LV_ATTRIBUTE_MEM_ALIGN
#define LV_ATTRIBUTE_MEM_ALIGN
#endif

#ifndef LV_ATTRIBUTE_IMG_GIF_DANI
#define LV_ATTRIBUTE_IMG_GIF_DANI
#endif

const LV_ATTRIBUTE_MEM_ALIGN LV_ATTRIBUTE_LARGE_CONST LV_ATTRIBUTE_IMG_GIF_DANI uint8_t gif_dani_map[] = {
    0x47, 0x49, 0x46, 0x38, 0x39, 0x61, 0xf0, 0x00, 0xf0, 0x00, 0xf7, 0x00, 0x00, 
    0x9a, 0x9a, 0x9a, 0x80, 0x80, 0x80, 0xfe, 0xfe, 0xfe, 0xfd, 0xfd, 0xfd, 0x9b, 
    0x9b, 0x9b, 0xfb, 0xfb, 0xfb, 0xfc, 0xfc, 0xfc, 0xf2, 0xf2, 0xf2, 0xf9, 0xf9, 
    0xf9, 0x9d, 0x9d, 0x9d, 0x9c, 0x9c, 0x9c, 0xf5, 0xf5, 0xf5, 0xa0, 0xa0, 0xa0, 
    0xfa, 0xfa, 0xfa, 0x81, 0x81, 0x81, 0xf8, 0xf8, 0xf8, 0xef, 0xef, 0xef, 0xf7, 
    0xf7, 0xf7, 0xf6, 0xf6, 0xf6, 0xa5, 0xa5, 0xa5, 0xe1, 0xe1, 0xe1, 0xa6, 0xa6, 
    0xa6, 0xa2, 0xa2, 0xa2, 0x9e, 0x9e, 0x9e, 0xea, 0xea, 0xea, 0xdf, 0xdf, 0xdf, 
    0x9f, 0x9f, 0x9f, 0xf4, 0xf4, 0xf4, 0xf0, 0xf0, 0xf0, 0xa4, 0xa4, 0xa4, 0xf3, 
    0xf3, 0xf3, 0xd3, 0xd3, 0xd3, 0x01, 0x01, 0x01, 0x82, 0x82, 0x82, 0xb7, 0xb7, 
    0xb7, 0xe2, 0xe2, 0xe2, 0xd5, 0xd5, 0xd5, 0xed, 0xed, 0xed, 0xd2, 0xd2, 0xd2, 
    0xe3, 0xe3, 0xe3, 0xad, 0xad, 0xad, 0x02, 0x02, 0x02, 0xb4, 0xb4, 0xb4, 0xc2, 
    0xc2, 0xc2, 0xba, 0xba, 0xba, 0xe5, 0xe5, 0xe5, 0x85, 0x85, 0x85, 0x83, 0x83, 
    0x83, 0xe0, 0xe0, 0xe0, 0xe8, 0xe8, 0xe8, 0xce, 0xce, 0xce, 0xe7, 0xe7, 0xe7, 
    0xeb, 0xeb, 0xeb, 0xcf, 0xcf, 0xcf, 0xb5, 0xb5, 0xb5, 0xcd, 0xcd, 0xcd, 0xe6, 
    0xe6, 0xe6, 0xee, 0xee, 0xee, 0x0b, 0x0b, 0x0b, 0xcc, 0xcc, 0xcc, 0xa3, 0xa3, 
    0xa3, 0xa9, 0xa9, 0xa9, 0xcb, 0xcb, 0xcb, 0xd7, 0xd7, 0xd7, 0xf1, 0xf1, 0xf1, 
    0xd6, 0xd6, 0xd6, 0xb2, 0xb2, 0xb2, 0xa7, 0xa7, 0xa7, 0x0a, 0x0a, 0x0a, 0x12, 
    0x12, 0x12, 0x03, 0x03, 0x03, 0xca, 0xca, 0xca, 0xbe, 0xbe, 0xbe, 0xb3, 0xb3, 
    0xb3, 0xaa, 0xaa, 0xaa, 0xb8, 0xb8, 0xb8, 0xab, 0xab, 0xab, 0xd1, 0xd1, 0xd1, 
    0xd9, 0xd9, 0xd9, 0x07, 0x07, 0x07, 0xde, 0xde, 0xde, 0xdc, 0xdc, 0xdc, 0x2b, 
    0x2b, 0x2b, 0xc6, 0xc6, 0xc6, 0xc0, 0xc0, 0xc0, 0xa8, 0xa8, 0xa8, 0x87, 0x87, 
    0x87, 0x5e, 0x5e, 0x5e, 0xa1, 0xa1, 0xa1, 0xc7, 0xc7, 0xc7, 0xbf, 0xbf, 0xbf, 
    0xda, 0xda, 0xda, 0xc4, 0xc4, 0xc4, 0x86, 0x86, 0x86, 0x8e, 0x8e, 0x8e, 0xe9, 
    0xe9, 0xe9, 0x0f, 0x0f, 0x0f, 0xdd, 0xdd, 0xdd, 0x10, 0x10, 0x10, 0x2f, 0x2f, 
    0x2f, 0x95, 0x95, 0x95, 0x84, 0x84, 0x84, 0xaf, 0xaf, 0xaf, 0x94, 0x94, 0x94, 
    0x90, 0x90, 0x90, 0x04, 0x04, 0x04, 0xd4, 0xd4, 0xd4, 0xec, 0xec, 0xec, 0x1a, 
    0x1a, 0x1a, 0x0c, 0x0c, 0x0c, 0xd0, 0xd0, 0xd0, 0xac, 0xac, 0xac, 0xe4, 0xe4, 
    0xe4, 0x7f, 0x7f, 0x7f, 0xc1, 0xc1, 0xc1, 0xc3, 0xc3, 0xc3, 0x56, 0x56, 0x56, 
    0x15, 0x15, 0x15, 0xbb, 0xbb, 0xbb, 0x32, 0x32, 0x32, 0x26, 0x26, 0x26, 0x1e, 
    0x1e, 0x1e, 0xd8, 0xd8, 0xd8, 0x08, 0x08, 0x08, 0xbc, 0xbc, 0xbc, 0x8c, 0x8c, 
    0x8c, 0xb1, 0xb1, 0xb1, 0xb9, 0xb9, 0xb9, 0x91, 0x91, 0x91, 0xc8, 0xc8, 0xc8, 
    0xb0, 0xb0, 0xb0, 0x7d, 0x7d, 0x7d, 0x96, 0x96, 0x96, 0x71, 0x71, 0x71, 0x19, 
    0x19, 0x19, 0x2c, 0x2c, 0x2c, 0xc5, 0xc5, 0xc5, 0x8a, 0x8a, 0x8a, 0x09, 0x09, 
    0x09, 0x06, 0x06, 0x06, 0x28, 0x28, 0x28, 0x0d, 0x0d, 0x0d, 0x53, 0x53, 0x53, 
    0x3a, 0x3a, 0x3a, 0x2a, 0x2a, 0x2a, 0xdb, 0xdb, 0xdb, 0x33, 0x33, 0x33, 0xb6, 
    0xb6, 0xb6, 0x8d, 0x8d, 0x8d, 0x69, 0x69, 0x69, 0xae, 0xae, 0xae, 0x6e, 0x6e, 
    0x6e, 0x89, 0x89, 0x89, 0x4d, 0x4d, 0x4d, 0x99, 0x99, 0x99, 0x42, 0x42, 0x42, 
    0x8b, 0x8b, 0x8b, 0x11, 0x11, 0x11, 0x14, 0x14, 0x14, 0x6d, 0x6d, 0x6d, 0x8f, 
    0x8f, 0x8f, 0xbd, 0xbd, 0xbd, 0x39, 0x39, 0x39, 0x92, 0x92, 0x92, 0x48, 0x48, 
    0x48, 0x1b, 0x1b, 0x1b, 0x27, 0x27, 0x27, 0x67, 0x67, 0x67, 0x23, 0x23, 0x23, 
    0x93, 0x93, 0x93, 0x70, 0x70, 0x70, 0x76, 0x76, 0x76, 0x51, 0x51, 0x51, 0x30, 
    0x30, 0x30, 0x88, 0x88, 0x88, 0x57, 0x57, 0x57, 0x2d, 0x2d, 0x2d, 0x1c, 0x1c, 
    0x1c, 0x59, 0x59, 0x59, 0x6b, 0x6b, 0x6b, 0x47, 0x47, 0x47, 0xc9, 0xc9, 0xc9, 
    0x4f, 0x4f, 0x4f, 0x0e, 0x0e, 0x0e, 0x98, 0x98, 0x98, 0x66, 0x66, 0x66, 0x40, 
    0x40, 0x40, 0x4b, 0x4b, 0x4b, 0x52, 0x52, 0x52, 0x5f, 0x5f, 0x5f, 0x37, 0x37, 
    0x37, 0x79, 0x79, 0x79, 0x34, 0x34, 0x34, 0x72, 0x72, 0x72, 0x16, 0x16, 0x16, 
    0x35, 0x35, 0x35, 0x22, 0x22, 0x22, 0x49, 0x49, 0x49, 0x77, 0x77, 0x77, 0x44, 
    0x44, 0x44, 0x05, 0x05, 0x05, 0x29, 0x29, 0x29, 0x21, 0x21, 0x21, 0x38, 0x38, 
    0x38, 0x45, 0x45, 0x45, 0x2e, 0x2e, 0x2e, 0x60, 0x60, 0x60, 0x36, 0x36, 0x36, 
    0x7a, 0x7a, 0x7a, 0x74, 0x74, 0x74, 0x13, 0x13, 0x13, 0x64, 0x64, 0x64, 0x3f, 
    0x3f, 0x3f, 0x4c, 0x4c, 0x4c, 0x3c, 0x3c, 0x3c, 0x7b, 0x7b, 0x7b, 0x3b, 0x3b, 
    0x3b, 0x61, 0x61, 0x61, 0x75, 0x75, 0x75, 0x65, 0x65, 0x65, 0x73, 0x73, 0x73, 
    0x6a, 0x6a, 0x6a, 0x24, 0x24, 0x24, 0x78, 0x78, 0x78, 0x17, 0x17, 0x17, 0x68, 
    0x68, 0x68, 0x5b, 0x5b, 0x5b, 0x63, 0x63, 0x63, 0x7e, 0x7e, 0x7e, 0x20, 0x20, 
    0x20, 0x62, 0x62, 0x62, 0x54, 0x54, 0x54, 0x25, 0x25, 0x25, 0x58, 0x58, 0x58, 
    0x41, 0x41, 0x41, 0x4a, 0x4a, 0x4a, 0x1f, 0x1f, 0x1f, 0x43, 0x43, 0x43, 0x31, 
    0x31, 0x31, 0x5d, 0x5d, 0x5d, 0x18, 0x18, 0x18, 0x97, 0x97, 0x97, 0x5c, 0x5c, 
    0x5c, 0x55, 0x55, 0x55, 0x50, 0x50, 0x50, 0x46, 0x46, 0x46, 0x3d, 0x3d, 0x3d, 
    0x7c, 0x7c, 0x7c, 0x6c, 0x6c, 0x6c, 0x5a, 0x5a, 0x5a, 0x6f, 0x6f, 0x6f, 0x3e, 
    0x3e, 0x3e, 0x1d, 0x1d, 0x1d, 0x00, 0x00, 0x00, 0xff, 0xff, 0xff, 0x00, 0x00, 
    0x00, 0x21, 0xff, 0x0b, 0x4e, 0x45, 0x54, 0x53, 0x43, 0x41, 0x50, 0x45, 0x32, 
    0x2e, 0x30, 0x03, 0x01, 0x00, 0x00, 0x00, 0x21, 0xf9, 0x04, 0x09, 0x08, 0x00, 
    0xff, 0x00, 0x2c, 0x00, 0x00, 0x00, 0x00, 0xf0, 0x00, 0xf0, 0x00, 0x00, 0x08, 
    0xff, 0x00, 0xff, 0x09, 0x1c, 0x48, 0xb0, 0xa0, 0xc1, 0x83, 0x08, 0x13, 0x2a, 
    0x5c, 0xc8, 0xb0, 0xa1, 0xc3, 0x87, 0x10, 0x23, 0x4a, 0x9c, 0x48, 0xb1, 0xa2, 
    0xc5, 0x8b, 0x18, 0x33, 0x6a, 0xdc, 0xc8, 0xb1, 0xa3, 0xc7, 0x8f, 0x20, 0x43, 
    0x8a, 0x1c, 0x49, 0xb2, 0xa4, 0xc9, 0x93, 0x28, 0x53, 0xaa, 0x5c, 0xc9, 0xb2, 
    0xa5, 0xcb, 0x97, 0x30, 0x63, 0xca, 0x9c, 0x49, 0xb3, 0xa6, 0xcd, 0x9b, 0x38, 
    0x73, 0xea, 0xdc, 0xc9, 0xb3, 0xa7, 0xcf, 0x9f, 0x40, 0x83, 0x0a, 0x1d, 0x4a, 
    0xb4, 0xa8, 0xd1, 0xa3, 0x48, 0x93, 0x2a, 0x5d, 0xca, 0xb4, 0xa9, 0xd3, 0xa7, 
    0x50, 0xa3, 0x4a, 0x9d, 0x4a, 0xb5, 0xaa, 0xd5, 0xab, 0x58, 0xb3, 0x6a, 0xdd, 
    0xca, 0xb5, 0xab, 0xd7, 0xaf, 0x60, 0xc3, 0x8a, 0x1d, 0x4b, 0xb6, 0xac, 0xd9, 
    0xb3, 0x68, 0xd3, 0xaa, 0x5d, 0xcb, 0xb6, 0xad, 0xdb, 0xb7, 0x70, 0xe3, 0xca, 
    0x9d, 0x4b, 0xb7, 0xae, 0xdd, 0xbb, 0x78, 0xf3, 0xea, 0xdd, 0xcb, 0xb7, 0xaf, 
    0xdf, 0xbf, 0x80, 0x03, 0x0b, 0x1e, 0x4c, 0xb8, 0xb0, 0xe1, 0xc3, 0x88, 0x13, 
    0x2b, 0x5e, 0xcc, 0xb8, 0xb1, 0xe3, 0xc7, 0x90, 0x23, 0xa7, 0xec, 0x47, 0xb9, 
    0xb2, 0xe4, 0xaa, 0x95, 0x33, 0x6b, 0xbe, 0xec, 0x54, 0xb3, 0x67, 0xcf, 0x9c, 
    0x95, 0x7e, 0x1e, 0x9d, 0x39, 0xf4, 0x51, 0xd2, 0xfd, 0x0c, 0x41, 0x32, 0x34, 
    0xda, 0x34, 0xd1, 0xcf, 0xf5, 0x5e, 0x20, 0x81, 0x81, 0xc0, 0x1f, 0x02, 0x37, 
    0xae, 0xc6, 0x80, 0x76, 0xfd, 0xf3, 0xf3, 0x3a, 0x27, 0xfe, 0x82, 0x0b, 0x1f, 
    0xfe, 0x6b, 0x33, 0xef, 0x9e, 0x9f, 0x57, 0x0d, 0x5f, 0x3e, 0xfc, 0x5c, 0xe9, 
    0xe3, 0x3b, 0x3f, 0x67, 0x61, 0x4e, 0xdd, 0xdf, 0x07, 0xe3, 0xd0, 0x6f, 0x7a, 
    0xf6, 0x86, 0xa4, 0x3a, 0xf5, 0x08, 0x69, 0xb0, 0x67, 0xff, 0x9f, 0xe9, 0x99, 
    0x94, 0x77, 0xef, 0xaa, 0x76, 0x8f, 0x8f, 0x59, 0xfe, 0xbc, 0xf7, 0x03, 0x45, 
    0xd4, 0xaf, 0x6f, 0xe9, 0xb9, 0x99, 0xfb, 0xf3, 0x4e, 0x52, 0xc8, 0x9f, 0x3f, 
    0x59, 0xb3, 0x3b, 0x1a, 0xf7, 0x9d, 0xa7, 0x06, 0x33, 0xfb, 0xf1, 0x67, 0x92, 
    0x66, 0xeb, 0x04, 0x18, 0xe0, 0x10, 0x46, 0x88, 0x67, 0x20, 0x49, 0x9a, 0xbd, 
    0xa2, 0xa0, 0x82, 0x48, 0x14, 0xf8, 0xe0, 0x47, 0x9a, 0xe1, 0x31, 0xe1, 0x84, 
    0x2e, 0x38, 0x78, 0xa1, 0x47, 0x9a, 0x81, 0xd0, 0xc4, 0x86, 0x13, 0x5a, 0xf3, 
    0xdc, 0x87, 0x20, 0x69, 0x16, 0x0a, 0x89, 0x13, 0xe2, 0xe0, 0x21, 0x8a, 0x19, 
    0x69, 0x96, 0x09, 0x8b, 0x1b, 0x52, 0x73, 0x22, 0x8c, 0x1b, 0x65, 0xa6, 0xc8, 
    0x03, 0x34, 0x4e, 0x18, 0xca, 0x8b, 0x38, 0x52, 0xa4, 0x59, 0x05, 0x3d, 0x4e, 
    0xb8, 0xc1, 0x13, 0x37, 0x06, 0x69, 0x51, 0x66, 0x6c, 0x14, 0xb9, 0xe1, 0x32, 
    0x49, 0x2a, 0x39, 0x91, 0x66, 0xf8, 0x38, 0x39, 0xa1, 0x3e, 0x51, 0x4a, 0x09, 
    0x91, 0x66, 0x29, 0x40, 0x60, 0xa5, 0x82, 0x96, 0x64, 0xa9, 0xa5, 0x43, 0x43, 
    0x7e, 0xa9, 0xa0, 0x0c, 0x40, 0x8e, 0xa9, 0x90, 0x66, 0xbc, 0x98, 0xa9, 0x60, 
    0x09, 0x69, 0xaa, 0x89, 0x50, 0x66, 0x75, 0xf0, 0xe8, 0x66, 0x80, 0x77, 0x88, 
    0x29, 0xe7, 0x41, 0x9a, 0x2d, 0x71, 0xa7, 0x82, 0x0a, 0xc4, 0xb9, 0xe7, 0x40, 
    0x99, 0x79, 0xf2, 0xa7, 0x82, 0x0b, 0xe8, 0xa0, 0xe7, 0xa0, 0x84, 0x56, 0x46, 
    0xcf, 0xa1, 0x0a, 0x92, 0xb2, 0x28, 0xa3, 0x9a, 0x69, 0x00, 0x69, 0x80, 0xa7, 
    0x4c, 0x3a, 0xa8, 0x66, 0x1f, 0x5c, 0x7a, 0x5f, 0x1f, 0x9a, 0xee, 0xa9, 0x99, 
    0x05, 0x9e, 0xba, 0xc7, 0x85, 0xa0, 0x9b, 0x56, 0x46, 0x40, 0xa9, 0xe7, 0x0d, 
    0xc0, 0x5a, 0xa8, 0x6a, 0x56, 0xff, 0x46, 0x0b, 0xab, 0xee, 0xf1, 0x81, 0xea, 
    0x9e, 0x74, 0xc4, 0xf3, 0x41, 0x14, 0x26, 0x98, 0xd0, 0x44, 0x18, 0xb4, 0x32, 
    0x27, 0x0b, 0xac, 0x63, 0xf6, 0xd3, 0x8c, 0x2e, 0x48, 0x66, 0xa6, 0x4c, 0x31, 
    0x01, 0xd8, 0xb0, 0x45, 0xb0, 0x7f, 0x10, 0x1b, 0x24, 0x6a, 0x9f, 0x95, 0x03, 
    0x0d, 0x09, 0xa5, 0xc2, 0x71, 0xeb, 0xb4, 0xd4, 0x92, 0x36, 0xcd, 0x11, 0x9e, 
    0x12, 0x23, 0xed, 0x87, 0xfe, 0x10, 0xd1, 0x2d, 0x6a, 0xbb, 0x04, 0x01, 0xa9, 
    0x1f, 0xdb, 0x1a, 0xb8, 0x1c, 0xa8, 0x94, 0x79, 0x22, 0x49, 0x31, 0xd3, 0x74, 
    0x53, 0x49, 0x25, 0xe1, 0x38, 0x02, 0x0c, 0x3f, 0xa4, 0x19, 0x41, 0xe4, 0xa1, 
    0x36, 0x8e, 0x9b, 0x1d, 0x75, 0x93, 0x24, 0xf2, 0xc7, 0x02, 0xde, 0x09, 0xa0, 
    0x47, 0x02, 0x92, 0x7e, 0x46, 0x8d, 0x04, 0x7f, 0x3a, 0x61, 0x9c, 0x85, 0xeb, 
    0x6d, 0x18, 0xc9, 0x0e, 0x5e, 0x0e, 0xf7, 0xc3, 0x29, 0xe0, 0x78, 0x46, 0x0c, 
    0x15, 0x7f, 0x66, 0xb3, 0xc8, 0xb9, 0x9f, 0x0d, 0xac, 0xe0, 0x0b, 0x94, 0xe9, 
    0x20, 0x8e, 0x20, 0xcb, 0x2d, 0x00, 0xcd, 0x67, 0x7d, 0xdc, 0xb9, 0x41, 0x7c, 
    0x24, 0x97, 0x7c, 0x5c, 0x70, 0x2d, 0x64, 0x20, 0x40, 0x75, 0x33, 0x78, 0x56, 
    0xcf, 0xb3, 0xc3, 0x21, 0x82, 0x8e, 0x67, 0x95, 0x98, 0xe9, 0x81, 0x14, 0x35, 
    0x53, 0xcb, 0xdb, 0x23, 0xe1, 0xe5, 0x61, 0x8e, 0x10, 0x08, 0x0f, 0xd7, 0xc2, 
    0x67, 0xec, 0x0c, 0xc0, 0x5c, 0x71, 0x9a, 0xd5, 0xf3, 0xa5, 0x08, 0xa3, 0xa1, 
    0x93, 0xce, 0x36, 0x75, 0x24, 0x4d, 0x59, 0x63, 0xd4, 0x4d, 0xe0, 0x99, 0x30, 
    0x0e, 0x78, 0x30, 0xdc, 0xcb, 0x9e, 0x41, 0xcc, 0x1c, 0x20, 0xe6, 0x66, 0x76, 
    0x8c, 0x95, 0x81, 0x68, 0x96, 0x4c, 0x38, 0x7f, 0x08, 0x87, 0x81, 0x38, 0xe8, 
    0x94, 0xff, 0xd2, 0x4a, 0x2e, 0x04, 0x30, 0x50, 0xc8, 0x21, 0xa8, 0x2d, 0x56, 
    0x9d, 0x2b, 0xa3, 0xed, 0xb3, 0x1c, 0x09, 0x60, 0x57, 0x66, 0xcd, 0xce, 0xd4, 
    0xc1, 0xf0, 0x6a, 0x65, 0xba, 0x58, 0xf9, 0x09, 0x65, 0xd9, 0xa8, 0x5b, 0x9d, 
    0x01, 0xcc, 0x65, 0x41, 0x0b, 0x69, 0x8a, 0x55, 0x37, 0x42, 0x39, 0xa3, 0xe5, 
    0xc0, 0x9c, 0x07, 0x68, 0x64, 0x52, 0x89, 0xe9, 0xde, 0x61, 0x20, 0x8a, 0x66, 
    0xe6, 0x39, 0x29, 0xc3, 0x88, 0x34, 0xd6, 0x52, 0xc8, 0x30, 0x0d, 0xb6, 0xab, 
    0x97, 0x77, 0x08, 0x90, 0xe1, 0x88, 0xa2, 0x99, 0xb9, 0x5d, 0xa4, 0x2f, 0x9a, 
    0xe5, 0x13, 0xac, 0x7b, 0x23, 0xac, 0x42, 0x31, 0x60, 0xf7, 0xd1, 0x50, 0x05, 
    0x2d, 0x9d, 0xc0, 0x73, 0xc6, 0x97, 0x03, 0x04, 0x5c, 0x59, 0x19, 0xc7, 0xbb, 
    0x17, 0xa8, 0xee, 0x78, 0x29, 0x08, 0x44, 0x04, 0x77, 0xea, 0x96, 0x19, 0xb6, 
    0xd9, 0x7b, 0x37, 0x84, 0xcd, 0x81, 0x31, 0x07, 0x41, 0xd4, 0x01, 0x9e, 0x70, 
    0xc4, 0x04, 0x85, 0xbc, 0xf3, 0x8a, 0x38, 0xc1, 0xbc, 0x81, 0x43, 0x80, 0x1e, 
    0x0c, 0x5d, 0x19, 0x31, 0x05, 0x94, 0xef, 0xdd, 0x2c, 0xcb, 0xab, 0xcb, 0x79, 
    0x56, 0xd1, 0x08, 0x4f, 0x38, 0x02, 0x0d, 0x25, 0x38, 0x0f, 0x26, 0xf0, 0xa0, 
    0x9f, 0xcf, 0x2c, 0xe2, 0x13, 0x01, 0xc2, 0x80, 0x66, 0xe8, 0xe0, 0x3f, 0xef, 
    0x24, 0x82, 0x7b, 0x6c, 0x39, 0x0f, 0x19, 0x34, 0x03, 0x06, 0x15, 0x54, 0x47, 
    0x7c, 0xd4, 0x02, 0xc6, 0x0a, 0xee, 0x73, 0x06, 0xcd, 0xe8, 0xa1, 0x82, 0xd5, 
    0x49, 0x85, 0xb8, 0xfa, 0x91, 0x89, 0x06, 0xec, 0xc5, 0x3d, 0xeb, 0xf0, 0x8c, 
    0x0e, 0xac, 0xb6, 0x1c, 0x6e, 0x24, 0x4d, 0x1b, 0xf7, 0x71, 0x46, 0x66, 0xf8, 
    0x81, 0x42, 0xef, 0xfc, 0x01, 0x64, 0xc1, 0xd9, 0xdd, 0x08, 0xff, 0x32, 0x50, 
    0x9d, 0x25, 0x78, 0x26, 0x0d, 0x34, 0xc4, 0x19, 0x2f, 0xc4, 0xd6, 0x0f, 0x56, 
    0xb8, 0xe7, 0x00, 0x9a, 0x71, 0x40, 0x0f, 0xef, 0xa3, 0x17, 0x6c, 0xe8, 0xa7, 
    0x1a, 0xac, 0x5b, 0x9c, 0x33, 0x56, 0xd8, 0x0f, 0x42, 0x0c, 0x07, 0x0a, 0xb7, 
    0x60, 0x22, 0x65, 0x36, 0xe1, 0x1e, 0x0d, 0x64, 0x26, 0x05, 0x53, 0x0c, 0x10, 
    0x5e, 0x32, 0x63, 0x8a, 0xfe, 0x55, 0x07, 0x11, 0x17, 0xa8, 0xc5, 0x72, 0x96, 
    0x28, 0x46, 0xca, 0x18, 0xc3, 0x3d, 0xba, 0xc8, 0x8c, 0x2b, 0xd2, 0xa8, 0xc6, 
    0xba, 0x68, 0x06, 0x18, 0x24, 0x62, 0x43, 0x1d, 0x2b, 0x93, 0x45, 0xea, 0x40, 
    0x41, 0x33, 0x40, 0xe0, 0xe3, 0x7d, 0x2c, 0x80, 0xc1, 0xae, 0x78, 0xc6, 0x05, 
    0x1b, 0x02, 0x61, 0x1d, 0x71, 0x78, 0x1e, 0xe2, 0x55, 0x46, 0x8a, 0x8a, 0xf4, 
    0x0e, 0x10, 0x4a, 0x01, 0xba, 0xb5, 0x70, 0x70, 0x43, 0x74, 0x18, 0x24, 0x65, 
    0x8c, 0xa0, 0x36, 0xef, 0xa8, 0x21, 0x33, 0xc4, 0xc8, 0xa4, 0x77, 0x82, 0xd0, 
    0x2d, 0x4f, 0x66, 0x66, 0x07, 0x13, 0xba, 0x84, 0x28, 0x29, 0xa3, 0x04, 0xf7, 
    0xd8, 0x23, 0x33, 0x70, 0x50, 0xe5, 0x77, 0xf2, 0xa4, 0x34, 0xb5, 0x64, 0xa6, 
    0x68, 0x0a, 0x4a, 0xc0, 0x2c, 0xfb, 0x61, 0x0e, 0xf7, 0xb0, 0xab, 0x32, 0x83, 
    0xd0, 0x25, 0x75, 0x06, 0x90, 0x88, 0x4d, 0x98, 0x22, 0x3c, 0xad, 0x49, 0x4b, 
    0x66, 0x62, 0x01, 0xb9, 0xfb, 0x8c, 0x60, 0x98, 0xc3, 0x70, 0x0f, 0x0d, 0x32, 
    0x53, 0x0e, 0x65, 0x9e, 0xa7, 0x05, 0x54, 0x70, 0x01, 0x33, 0xda, 0xd0, 0xc8, 
    0xab, 0x68, 0x46, 0x0d, 0x13, 0xaa, 0xc7, 0x2c, 0x0d, 0x71, 0x9f, 0x47, 0x64, 
    0x66, 0x84, 0xde, 0xd4, 0x66, 0x3a, 0xca, 0x69, 0x95, 0xcc, 0x58, 0x62, 0x42, 
    0x55, 0x98, 0x65, 0x0a, 0x72, 0x79, 0xff, 0x1e, 0x5c, 0x64, 0x06, 0x82, 0xf1, 
    0x74, 0x4f, 0x01, 0xe8, 0x89, 0x99, 0xca, 0x5c, 0x60, 0x42, 0x39, 0x18, 0xa6, 
    0x19, 0xdc, 0xc3, 0x01, 0x10, 0x54, 0xa6, 0x15, 0x01, 0xbd, 0x8f, 0x24, 0x04, 
    0x86, 0x95, 0xcc, 0x30, 0x60, 0x43, 0xf9, 0x98, 0xe5, 0xf4, 0xf0, 0x58, 0x99, 
    0x22, 0x24, 0x31, 0xa2, 0xd4, 0x41, 0x1c, 0x45, 0xeb, 0x59, 0x99, 0x8b, 0x4e, 
    0x68, 0x00, 0xca, 0x10, 0x25, 0x20, 0xee, 0x43, 0x89, 0xcc, 0xa0, 0x13, 0xa4, 
    0xd5, 0xf1, 0x40, 0x03, 0x2d, 0x93, 0xa3, 0x00, 0x46, 0xa7, 0x32, 0x1e, 0xdc, 
    0x10, 0x13, 0x44, 0x09, 0x8a, 0xfb, 0xfc, 0xa8, 0x32, 0x58, 0x80, 0xa9, 0x77, 
    0xc8, 0x61, 0xd3, 0x86, 0x9c, 0x2b, 0x28, 0x9a, 0xf9, 0x01, 0x89, 0xe0, 0x34, 
    0x48, 0x32, 0xdc, 0x47, 0x0f, 0x99, 0x99, 0x85, 0x50, 0xbd, 0x23, 0x8d, 0xa2, 
    0xf2, 0x89, 0x89, 0xbd, 0xa9, 0x8c, 0x18, 0xc0, 0x47, 0xa2, 0x6a, 0x0c, 0xb2, 
    0x53, 0x0c, 0x4d, 0x56, 0x3f, 0xa8, 0x31, 0xd5, 0xea, 0x38, 0x01, 0x69, 0xed, 
    0x9a, 0xa5, 0x4f, 0x32, 0x03, 0x48, 0x16, 0x45, 0x20, 0x8c, 0x4c, 0x2c, 0x86, 
    0x82, 0xd0, 0xda, 0x0f, 0x70, 0x70, 0x6e, 0x99, 0x19, 0x03, 0x29, 0x1d, 0x35, 
    0x75, 0xae, 0x34, 0x74, 0x02, 0x0c, 0x60, 0xe8, 0x44, 0x34, 0x6f, 0x4a, 0x99, 
    0x74, 0xf4, 0x88, 0x05, 0x4c, 0xa4, 0x87, 0xf0, 0xdc, 0x63, 0x8b, 0xcc, 0x50, 
    0x80, 0x3a, 0x3e, 0x50, 0x46, 0x27, 0xc8, 0x21, 0xd4, 0x5e, 0x2c, 0x8f, 0x5a, 
    0x6d, 0x10, 0xc5, 0x20, 0xfe, 0xd0, 0x02, 0x20, 0xe4, 0x00, 0x02, 0x07, 0x70, 
    0x43, 0x30, 0x04, 0x49, 0xd0, 0x03, 0x55, 0xa6, 0x0b, 0x45, 0xc2, 0x42, 0xcd, 
    0x32, 0x61, 0x87, 0x0d, 0x55, 0x22, 0x33, 0x37, 0x60, 0xce, 0x06, 0xe0, 0xda, 
    0x8f, 0x5e, 0xff, 0x08, 0xf5, 0x72, 0x59, 0x42, 0x4d, 0x1b, 0x6c, 0xa1, 0x81, 
    0x04, 0x7a, 0x67, 0x01, 0x96, 0x1c, 0xe9, 0x49, 0xde, 0xe9, 0xa4, 0x23, 0xd8, 
    0x43, 0x0c, 0x9f, 0xd9, 0x03, 0x23, 0xe8, 0xa1, 0x01, 0x22, 0x92, 0x68, 0x10, 
    0x99, 0xc9, 0xdb, 0x72, 0xb4, 0x95, 0x99, 0x19, 0x08, 0x75, 0x1a, 0x49, 0x22, 
    0x0d, 0x1b, 0xf2, 0x91, 0x84, 0x35, 0x4c, 0xa8, 0x1d, 0xa5, 0x1d, 0x49, 0x66, 
    0x74, 0xe0, 0x46, 0x27, 0x71, 0x80, 0x04, 0x4d, 0xf8, 0x80, 0x7a, 0x4d, 0xa0, 
    0x86, 0x18, 0x38, 0xa9, 0x84, 0x95, 0xe9, 0x00, 0x75, 0x86, 0x91, 0x99, 0x39, 
    0x08, 0x95, 0x95, 0x27, 0x1a, 0x8d, 0x18, 0xac, 0x50, 0x1b, 0x16, 0x3d, 0x23, 
    0xbc, 0x21, 0xc9, 0x8c, 0x2f, 0x40, 0x2a, 0x4c, 0x83, 0x52, 0x47, 0x06, 0xb9, 
    0x63, 0xc3, 0x06, 0x84, 0x1a, 0x03, 0xec, 0xcc, 0x94, 0x32, 0x7b, 0xb8, 0x82, 
    0x6f, 0x69, 0xf4, 0x00, 0x6f, 0x08, 0x57, 0xbc, 0x99, 0x41, 0x6d, 0x44, 0x55, 
    0xab, 0xaa, 0xea, 0x64, 0xc0, 0x18, 0xc6, 0xf8, 0x42, 0x59, 0xf7, 0xda, 0x0f, 
    0x29, 0x04, 0xc7, 0x07, 0x0e, 0xa5, 0x4c, 0x25, 0xac, 0x6b, 0xa5, 0x9d, 0xd2, 
    0xd4, 0x26, 0x9a, 0x39, 0x01, 0x48, 0x39, 0x4c, 0x19, 0x00, 0x94, 0xf5, 0x3e, 
    0x39, 0x08, 0x1b, 0x65, 0x1a, 0xe1, 0x5d, 0x7f, 0x98, 0x20, 0x17, 0xc1, 0x00, 
    0xda, 0xd6, 0x2e, 0x2c, 0x92, 0xcc, 0x18, 0x0f, 0xa4, 0x0c, 0xc8, 0xcc, 0xaa, 
    0xcc, 0xf4, 0x87, 0x28, 0xa4, 0xb1, 0x03, 0x99, 0x11, 0x82, 0xa7, 0xa0, 0xfb, 
    0x62, 0x9a, 0x68, 0x06, 0x0a, 0x30, 0xd5, 0x44, 0x66, 0x82, 0x6a, 0x25, 0x0a, 
    0xe8, 0x06, 0x04, 0xdf, 0x78, 0x69, 0x05, 0x49, 0x90, 0x99, 0x98, 0x41, 0x6a, 
    0x00, 0x9c, 0xac, 0x32, 0x79, 0x2a, 0x73, 0x07, 0xa1, 0x06, 0x20, 0xff, 0x33, 
    0x36, 0xf8, 0x92, 0x57, 0x33, 0x53, 0x0c, 0x2d, 0x54, 0x30, 0x03, 0x99, 0xd9, 
    0xc6, 0xa5, 0x8e, 0xa9, 0x66, 0xf6, 0x64, 0x46, 0xbe, 0x30, 0xcd, 0x54, 0x65, 
    0x62, 0x6b, 0xa5, 0x5d, 0x7c, 0x46, 0x1b, 0x79, 0x0d, 0x16, 0x04, 0x14, 0x51, 
    0x99, 0x04, 0x41, 0xaa, 0x10, 0x44, 0x4e, 0x51, 0x65, 0x62, 0x31, 0xd5, 0x86, 
    0xf5, 0xc3, 0x08, 0xee, 0xb5, 0xd2, 0xa9, 0x3e, 0x23, 0x85, 0x8f, 0xd2, 0x2a, 
    0x0f, 0x95, 0xd1, 0x10, 0xa4, 0x86, 0xd5, 0x67, 0x3f, 0x53, 0x46, 0xaa, 0x42, 
    0x35, 0x45, 0x65, 0xf2, 0xe0, 0xa6, 0xcf, 0x7d, 0x46, 0xcc, 0xc1, 0x82, 0x12, 
    0x65, 0x52, 0xe0, 0xdc, 0x3f, 0x8d, 0x03, 0xc0, 0x1d, 0xc9, 0x0c, 0x0b, 0x84, 
    0xca, 0x81, 0x3d, 0x54, 0x86, 0x8c, 0x66, 0x5a, 0xc1, 0x68, 0x58, 0x7c, 0x3c, 
    0xac, 0x51, 0xa6, 0x06, 0x90, 0x9a, 0x04, 0xae, 0x6b, 0x0a, 0xe1, 0x05, 0xc3, 
    0x74, 0x0b, 0x51, 0x1d, 0x8e, 0x09, 0x64, 0x20, 0x62, 0x16, 0x11, 0x48, 0x33, 
    0xc2, 0xd0, 0x70, 0xf6, 0x70, 0xd0, 0xb1, 0x7e, 0x1c, 0xe3, 0xae, 0x87, 0xda, 
    0xc7, 0xb2, 0x63, 0x54, 0x19, 0x53, 0x4c, 0x55, 0x0b, 0x99, 0x49, 0x40, 0x70, 
    0x0c, 0x90, 0x09, 0xca, 0x3c, 0x01, 0x0f, 0xa4, 0xf8, 0x46, 0x07, 0x3e, 0xb0, 
    0xd8, 0xea, 0x60, 0x29, 0x33, 0xdd, 0xa8, 0x40, 0xbd, 0x8f, 0x97, 0x03, 0x6d, 
    0x60, 0xcf, 0x53, 0x4c, 0x2d, 0x35, 0x7d, 0x2a, 0xe3, 0x88, 0xa9, 0x5e, 0xb0, 
    0x32, 0x60, 0x15, 0xf6, 0x68, 0x84, 0xb1, 0x09, 0x6e, 0xf8, 0xe1, 0x03, 0x00, 
    0x5a, 0x8e, 0x04, 0x33, 0x43, 0x89, 0x1b, 0x17, 0x89, 0x15, 0x91, 0x66, 0x36, 
    0x65, 0x7a, 0x30, 0x55, 0x13, 0x51, 0x46, 0x1a, 0xc2, 0xf9, 0x69, 0xb7, 0xf6, 
    0x00, 0x09, 0x3a, 0xfc, 0xa2, 0x02, 0x35, 0xff, 0x58, 0x83, 0x23, 0x32, 0xc3, 
    0x0c, 0x8b, 0xa7, 0x36, 0xe3, 0x1a, 0xc9, 0x8c, 0x11, 0x38, 0x20, 0xd4, 0x1c, 
    0xe4, 0xae, 0x1f, 0x6d, 0xf5, 0x47, 0x04, 0xd4, 0x21, 0x46, 0xe0, 0x55, 0x26, 
    0xe2, 0x2e, 0x67, 0x91, 0xb2, 0x05, 0xbe, 0x12, 0x3a, 0x4f, 0x35, 0xc9, 0x95, 
    0xd1, 0xc7, 0x72, 0x90, 0x10, 0x8c, 0x62, 0x58, 0x58, 0x8c, 0x21, 0x08, 0x7a, 
    0x8f, 0x0a, 0x3c, 0x36, 0x99, 0x64, 0xc6, 0x52, 0x42, 0x0d, 0x65, 0x65, 0x5a, 
    0x5b, 0x1d, 0x28, 0xf8, 0x01, 0x13, 0xe2, 0x58, 0x06, 0x3b, 0x48, 0xf6, 0xaf, 
    0x0d, 0xad, 0xc1, 0x04, 0x91, 0xf0, 0x34, 0x4c, 0xdb, 0x4d, 0xf4, 0xfe, 0xcc, 
    0x9a, 0xab, 0x20, 0x6d, 0x00, 0x39, 0x29, 0xd3, 0x89, 0x6a, 0xde, 0x07, 0x06, 
    0x1d, 0x50, 0x85, 0x3a, 0x62, 0x41, 0x9a, 0x3d, 0xc8, 0x78, 0x42, 0x49, 0x98, 
    0x3b, 0x3b, 0x44, 0x50, 0x56, 0x09, 0xdc, 0xbc, 0x1f, 0x56, 0xaf, 0x0c, 0x59, 
    0xef, 0x9b, 0x19, 0xc3, 0xd2, 0xc8, 0x00, 0x4e, 0xf0, 0x03, 0x27, 0x4e, 0xc1, 
    0x0c, 0x9f, 0xf7, 0x23, 0x0f, 0x99, 0xbe, 0x0f, 0x0e, 0x52, 0x8c, 0xf0, 0xa9, 
    0xca, 0x61, 0xdc, 0x15, 0x51, 0xd1, 0x54, 0x09, 0x11, 0x65, 0x37, 0xd5, 0x42, 
    0x33, 0xe6, 0x0e, 0x90, 0xad, 0x34, 0x13, 0x87, 0xa9, 0x6a, 0xbd, 0xea, 0x30, 
    0xc9, 0x0c, 0x2c, 0xca, 0x7a, 0x4b, 0x77, 0xb3, 0xef, 0x4b, 0xca, 0xcb, 0x0c, 
    0x24, 0xef, 0x73, 0x00, 0x3c, 0x68, 0x06, 0x5c, 0x30, 0xfd, 0x02, 0xe8, 0x85, 
    0x34, 0xbe, 0xa9, 0x9e, 0x20, 0x33, 0x6d, 0xfe, 0x13, 0x95, 0x2b, 0xe3, 0xd4, 
    0xfb, 0x78, 0xe0, 0x13, 0xcf, 0xc0, 0x43, 0x3b, 0x08, 0x0d, 0x53, 0x1b, 0xc2, 
    0x7c, 0x49, 0x99, 0x11, 0x45, 0x59, 0x41, 0x91, 0x99, 0x68, 0x40, 0x2a, 0x19, 
    0x9a, 0x79, 0xac, 0xff, 0xd4, 0xdd, 0x33, 0x39, 0xc4, 0xc7, 0x3e, 0x33, 0xb5, 
    0x86, 0x29, 0xe1, 0x2a, 0x03, 0x6b, 0x37, 0x71, 0x00, 0x0c, 0x99, 0x31, 0x44, 
    0x79, 0xc7, 0xcf, 0x1c, 0x3c, 0x5f, 0x3f, 0xf4, 0x99, 0xf9, 0xb7, 0x50, 0x85, 
    0x1f, 0x6a, 0x4f, 0x4d, 0x41, 0x33, 0xf2, 0x40, 0x7f, 0xd5, 0x01, 0x5f, 0xb0, 
    0x37, 0x70, 0x95, 0x51, 0x07, 0x37, 0x46, 0x63, 0xfd, 0xe0, 0x05, 0xa5, 0xb2, 
    0x41, 0x99, 0x81, 0x02, 0x02, 0xc8, 0x1c, 0x9e, 0x70, 0x7f, 0xc4, 0x57, 0x19, 
    0x55, 0x70, 0x63, 0x13, 0x55, 0x19, 0x99, 0x77, 0x29, 0xce, 0x91, 0x19, 0x5c, 
    0x10, 0x81, 0xc2, 0xa1, 0x04, 0xc3, 0x17, 0x11, 0x9a, 0x71, 0x0e, 0x37, 0xa6, 
    0x70, 0x94, 0x31, 0x7b, 0xac, 0x32, 0x00, 0x9c, 0xd7, 0x0f, 0x29, 0x60, 0x27, 
    0x11, 0xd8, 0x0a, 0x14, 0x38, 0x25, 0x99, 0xd1, 0x63, 0x53, 0xb5, 0x09, 0x65, 
    0x16, 0x2c, 0x2a, 0xa0, 0x19, 0xb6, 0x00, 0x82, 0x2e, 0x32, 0x83, 0x24, 0x98, 
    0x19, 0xd3, 0x70, 0x63, 0x3d, 0x53, 0x19, 0x44, 0x00, 0x6e, 0xac, 0x22, 0x08, 
    0x9a, 0x81, 0x09, 0x11, 0x78, 0x3e, 0x6d, 0x57, 0x12, 0xd8, 0x76, 0x7b, 0x30, 
    0xd5, 0x05, 0x99, 0x91, 0x4c, 0xd9, 0x63, 0x59, 0x95, 0x91, 0x02, 0x34, 0x47, 
    0x7f, 0x57, 0x00, 0x84, 0x5b, 0x92, 0x19, 0x27, 0x74, 0x63, 0xbe, 0x36, 0x6b, 
    0x30, 0x78, 0x3c, 0xb0, 0x90, 0x19, 0x07, 0x45, 0x7f, 0xe0, 0xf7, 0x84, 0x18, 
    0x56, 0x19, 0xb6, 0x75, 0x63, 0x44, 0x55, 0x19, 0x73, 0xe3, 0x3f, 0x64, 0x56, 
    0x19, 0x76, 0x46, 0x7f, 0x5c, 0x64, 0x7e, 0x2c, 0x11, 0x7f, 0x16, 0x77, 0x48, 
    0x99, 0x31, 0x05, 0x28, 0x24, 0x08, 0x6c, 0x60, 0x04, 0xdc, 0x10, 0x81, 0x4f, 
    0x57, 0x80, 0x2a, 0x91, 0x19, 0x72, 0x60, 0x71, 0x21, 0x90, 0x19, 0x8f, 0xff, 
    0x30, 0x45, 0x12, 0x30, 0x02, 0x11, 0x78, 0x00, 0x73, 0x87, 0x88, 0x6e, 0x57, 
    0x39, 0x16, 0x17, 0x07, 0xd5, 0x05, 0x82, 0x69, 0x34, 0x74, 0x6c, 0x58, 0x64, 
    0x94, 0x11, 0x09, 0x2e, 0x47, 0x01, 0xa8, 0xd0, 0x0f, 0x62, 0xd0, 0x53, 0x9c, 
    0x38, 0x45, 0xd1, 0xe0, 0x85, 0x0f, 0x41, 0x19, 0xa4, 0x12, 0x74, 0x02, 0x60, 
    0x02, 0x85, 0x94, 0x8a, 0x1b, 0xc2, 0x05, 0xbe, 0xb0, 0x0e, 0x89, 0x46, 0x22, 
    0xa4, 0xf3, 0x89, 0x45, 0xc6, 0x08, 0xb4, 0xf8, 0x8b, 0x01, 0xe2, 0x87, 0xfd, 
    0xe0, 0x0e, 0x3d, 0xc2, 0x67, 0x96, 0x38, 0x19, 0xc0, 0x01, 0x8c, 0xca, 0x58, 
    0x1d, 0x28, 0x53, 0x19, 0xac, 0x30, 0x09, 0x24, 0x92, 0x0a, 0x23, 0x18, 0x11, 
    0xda, 0xb6, 0x8c, 0xd6, 0x28, 0x1c, 0x6c, 0x93, 0x19, 0xa7, 0x70, 0x04, 0xf7, 
    0x83, 0x1f, 0x0a, 0x80, 0x0d, 0x56, 0x35, 0x12, 0xd7, 0x38, 0x8e, 0xc2, 0x01, 
    0x69, 0x9f, 0x91, 0x06, 0x8c, 0xb0, 0x0b, 0xb9, 0x10, 0x00, 0x17, 0x50, 0x01, 
    0x43, 0xc0, 0x03, 0xae, 0xd0, 0x0b, 0xa5, 0x88, 0x3e, 0x2e, 0x41, 0x8e, 0xe4, 
    0xd8, 0x85, 0xc3, 0x74, 0x8c, 0x2b, 0x61, 0x8f, 0xe3, 0x88, 0x71, 0xf9, 0x38, 
    0x13, 0xfc, 0x78, 0x8d, 0xdb, 0x30, 0x4c, 0x35, 0x11, 0x90, 0xd6, 0x18, 0x0f, 
    0xf9, 0x75, 0x54, 0x37, 0x61, 0x90, 0xcb, 0xc8, 0x09, 0xac, 0x88, 0x12, 0x0c, 
    0x19, 0x74, 0x50, 0x30, 0x0b, 0xc7, 0x50, 0x91, 0xac, 0xa0, 0x0a, 0x1d, 0x80, 
    0x01, 0xc2, 0xe1, 0x4e, 0xbc, 0xb8, 0x13, 0x11, 0x79, 0x63, 0x26, 0x80, 0x0b, 
    0x96, 0x57, 0x19, 0x3a, 0xb0, 0x0d, 0x44, 0x24, 0x58, 0x1d, 0xa9, 0x13, 0x1f, 
    0x29, 0x54, 0xb8, 0xc0, 0x08, 0xdd, 0x92, 0x02, 0xe7, 0x00, 0x7f, 0x29, 0x99, 
    0x13, 0x2b, 0x19, 0x51, 0x1c, 0x80, 0x5d, 0x62, 0xff, 0xa4, 0x14, 0x35, 0x19, 
    0x4f, 0x24, 0xa0, 0x63, 0x9a, 0xa1, 0x03, 0xd2, 0x20, 0x93, 0x9d, 0x84, 0x14, 
    0x3b, 0xa9, 0x4c, 0x5a, 0x10, 0x37, 0x99, 0x01, 0x06, 0xef, 0x80, 0x01, 0x1e, 
    0x00, 0x01, 0x19, 0xe0, 0x07, 0xe3, 0x70, 0x78, 0x33, 0x49, 0x93, 0x45, 0x99, 
    0x49, 0x14, 0xe0, 0x19, 0x52, 0x40, 0x00, 0xb9, 0x18, 0x1c, 0x5b, 0x50, 0x89, 
    0x53, 0x89, 0x13, 0x55, 0x99, 0x49, 0x32, 0x98, 0x19, 0x8f, 0x72, 0x1e, 0x5c, 
    0x33, 0x8d, 0x2a, 0x11, 0x96, 0x7c, 0xe4, 0x6a, 0x95, 0x81, 0x75, 0xee, 0xf1, 
    0x66, 0xe1, 0xa8, 0x92, 0x6a, 0xd9, 0x43, 0x54, 0xa0, 0x19, 0xbf, 0x30, 0x21, 
    0x0e, 0x19, 0x97, 0x60, 0x39, 0x97, 0x28, 0x74, 0x88, 0xfd, 0xe0, 0x0c, 0x24, 
    0x32, 0x07, 0x23, 0xa9, 0x87, 0x43, 0xc1, 0x97, 0x15, 0x74, 0x1d, 0xab, 0x46, 
    0x23, 0x32, 0x80, 0x94, 0x5f, 0x29, 0x13, 0x86, 0xe9, 0x3f, 0x8c, 0x74, 0x5a, 
    0x3d, 0x42, 0x01, 0xee, 0x80, 0x96, 0x24, 0xf1, 0x98, 0xe5, 0x83, 0x6e, 0x95, 
    0x31, 0x84, 0x3d, 0x32, 0x00, 0x1e, 0xd7, 0x98, 0x30, 0x81, 0x99, 0xe5, 0x43, 
    0x5a, 0xc6, 0x62, 0x25, 0xa0, 0x06, 0x9a, 0x2f, 0x21, 0x9a, 0xc7, 0x03, 0x04, 
    0x28, 0xd9, 0x0f, 0x8f, 0xe8, 0x24, 0x48, 0xa7, 0x8f, 0x3c, 0xa1, 0x9a, 0xc1, 
    0x52, 0x97, 0x95, 0x51, 0x25, 0x4e, 0xd2, 0x60, 0x0f, 0x19, 0x12, 0xb4, 0x49, 
    0x2b, 0x88, 0x55, 0x19, 0x2f, 0x60, 0x25, 0x02, 0x40, 0x9a, 0x84, 0xf9, 0x13, 
    0xbd, 0xc9, 0x2a, 0xd1, 0x52, 0x19, 0x89, 0xf0, 0x25, 0x8d, 0x85, 0x9a, 0x2d, 
    0x71, 0x9c, 0xa5, 0x62, 0x9b, 0x94, 0xd1, 0x26, 0x56, 0x82, 0x93, 0xb2, 0x29, 
    0x97, 0xd0, 0x09, 0x29, 0x1c, 0xa0, 0x19, 0x26, 0x60, 0x25, 0xe6, 0xb0, 0x9b, 
    0x20, 0x91, 0x9d, 0x9e, 0xff, 0x92, 0x1e, 0x95, 0x21, 0x0b, 0x56, 0xf2, 0x0e, 
    0xe0, 0xf9, 0x11, 0xe2, 0x79, 0x29, 0x0f, 0x00, 0x4d, 0xfd, 0x80, 0x0c, 0xe2, 
    0xd7, 0x23, 0xf2, 0x90, 0x9e, 0x1e, 0xb1, 0x9e, 0x97, 0x02, 0x08, 0x99, 0xf1, 
    0x0d, 0x4e, 0x62, 0x36, 0xce, 0xc9, 0x12, 0xf6, 0x09, 0x29, 0x67, 0x49, 0x19, 
    0xf7, 0x60, 0x25, 0x95, 0xe0, 0x50, 0x44, 0xf1, 0x9f, 0x87, 0xd2, 0x88, 0x95, 
    0x91, 0x04, 0x5f, 0x52, 0x01, 0x45, 0x81, 0xa0, 0x7f, 0x92, 0x7b, 0x94, 0x81, 
    0x08, 0x56, 0x72, 0x0d, 0x52, 0x70, 0x0b, 0x07, 0x0a, 0xa1, 0x6e, 0x62, 0x05, 
    0xa5, 0x57, 0x24, 0x36, 0x40, 0x9f, 0x1d, 0xa1, 0xa1, 0x6e, 0xc2, 0x03, 0x99, 
    0xb1, 0x9c, 0x45, 0x62, 0x0c, 0x20, 0xca, 0x11, 0x22, 0x6a, 0x26, 0x4d, 0x80, 
    0x4a, 0xb4, 0x43, 0x23, 0x2b, 0xf0, 0x60, 0x42, 0xb1, 0xa2, 0x66, 0xa2, 0x6a, 
    0x99, 0xb1, 0x0b, 0xf3, 0xb7, 0x21, 0xc4, 0x39, 0xa3, 0x34, 0x6a, 0x25, 0x22, 
    0xa8, 0x19, 0x90, 0x90, 0x8c, 0x1b, 0x22, 0x01, 0x8d, 0x90, 0xa2, 0x1a, 0xd1, 
    0xa3, 0x5f, 0xd2, 0x81, 0x99, 0x81, 0x0c, 0x3c, 0x40, 0x22, 0x3f, 0xda, 0x9f, 
    0x69, 0x89, 0xa4, 0x15, 0x8a, 0x5c, 0xfe, 0xd1, 0x03, 0x30, 0xa0, 0x20, 0x92, 
    0x54, 0x98, 0x52, 0x6a, 0x25, 0x1c, 0x80, 0x5b, 0xe5, 0xb1, 0x81, 0xd4, 0x71, 
    0x03, 0x96, 0xc9, 0x9b, 0x5b, 0xfa, 0x25, 0x82, 0xe6, 0x19, 0x2d, 0x77, 0x1e, 
    0x1c, 0x79, 0x9d, 0xd8, 0x59, 0xa6, 0x4e, 0x42, 0x05, 0x2e, 0xa9, 0x19, 0x8a, 
    0x70, 0x1e, 0xaf, 0x30, 0xa6, 0x64, 0xea, 0xa6, 0x5f, 0xa2, 0x09, 0x95, 0x59, 
    0x19, 0x94, 0x44, 0x1d, 0x00, 0x60, 0xa7, 0x77, 0x8a, 0xa7, 0x5f, 0xa2, 0x07, 
    0x83, 0x10, 0x0e, 0x39, 0x45, 0x1d, 0x12, 0x0a, 0xa5, 0xfe, 0x29, 0xa8, 0xc7, 
    0xeb, 0x33, 0x0a, 0x7a, 0x69, 0x13, 0x8c, 0x1a, 0x2c, 0x3a, 0x04, 0xa8, 0x22, 
    0x11, 0xa9, 0xa5, 0x22, 0x00, 0xdd, 0xf0, 0xa8, 0x0b, 0x69, 0xa9, 0x90, 0xb2, 
    0x00, 0x74, 0xa5, 0xa8, 0xa9, 0xc9, 0xa9, 0x7f, 0xa2, 0x02, 0xbe, 0x47, 0xa9, 
    0x97, 0x29, 0xaa, 0x66, 0x22, 0x02, 0xaf, 0xa3, 0xa9, 0x54, 0x89, 0xaa, 0x2c, 
    0xd2, 0x00, 0x14, 0x10, 0x08, 0x80, 0x70, 0x0c, 0x83, 0x95, 0x14, 0xae, 0x6a, 
    0x76, 0x1a, 0x50, 0x0d, 0xe5, 0x47, 0x8f, 0xb6, 0x7a, 0xab, 0x4f, 0x94, 0x04, 
    0xd9, 0x50, 0xa4, 0xbd, 0xd4, 0x14, 0xbe, 0x5a, 0x1d, 0x1b, 0x10, 0x0a, 0xdb, 
    0x50, 0x55, 0xad, 0x04, 0x15, 0xc5, 0x3a, 0x1c, 0x0b, 0xe0, 0x07, 0xe2, 0x30, 
    0x81, 0x24, 0x23, 0x15, 0xcd, 0xea, 0x0f, 0x25, 0x50, 0x08, 0x3e, 0x59, 0x38, 
    0x56, 0xd1, 0xac, 0x82, 0xa0, 0xac, 0xda, 0x8a, 0x15, 0xc5, 0xda, 0xa2, 0xdf, 
    0xaa, 0x15, 0xc5, 0x2a, 0x49, 0x46, 0xba, 0xa9, 0xae, 0x0a, 0x2f, 0xe7, 0xda, 
    0xaa, 0xa2, 0x2a, 0x00, 0x8c, 0x59, 0x16, 0xb7, 0xca, 0x9f, 0xa0, 0xaa, 0x93, 
    0xae, 0x9a, 0x87, 0x66, 0xe1, 0xaa, 0xd6, 0x37, 0xaf, 0xf4, 0xca, 0xa9, 0x09, 
    0xb5, 0xae, 0xb3, 0x29, 0xaa, 0xe0, 0xe5, 0xaf, 0x1e, 0xc9, 0xa9, 0x1c, 0x2a, 
    0xb0, 0x03, 0x1b, 0xa9, 0xc2, 0xa8, 0xaf, 0x4b, 0xc1, 0xa9, 0x3c, 0x67, 0xb0, 
    0x07, 0x2b, 0xa8, 0xd7, 0x60, 0xaa, 0x5a, 0x2a, 0xa8, 0xf6, 0xe7, 0xb0, 0x0f, 
    0xeb, 0xa6, 0x6b, 0xa8, 0xb0, 0xc4, 0x2a, 0xa8, 0x89, 0x5a, 0x9c, 0x67, 0x21, 
    0xa8, 0x12, 0x63, 0xb1, 0x3d, 0x81, 0xa7, 0x07, 0x40, 0x5f, 0x22, 0xcb, 0x13, 
    0x01, 0x01, 0x00, 0x21, 0xf9, 0x04, 0x09, 0x08, 0x00, 0xff, 0x00, 0x2c, 0x00, 
    0x00, 0x00, 0x00, 0xf0, 0x00, 0xf0, 0x00, 0x00, 0x08, 0xff, 0x00, 0xff, 0x09, 
    0x1c, 0x48, 0xb0, 0xa0, 0xc1, 0x83, 0x08, 0x13, 0x2a, 0x5c, 0xc8, 0xb0, 0xa1, 
    0xc3, 0x87, 0x10, 0x23, 0x4a, 0x9c, 0x48, 0xb1, 0xa2, 0xc5, 0x8b, 0x18, 0x33, 
    0x6a, 0xdc, 0xc8, 0xb1, 0xa3, 0xc7, 0x8f, 0x20, 0x43, 0x8a, 0x1c, 0x49, 0xb2, 
    0xa4, 0xc9, 0x93, 0x28, 0x53, 0xaa, 0x5c, 0xc9, 0xb2, 0xa5, 0xcb, 0x97, 0x30, 
    0x63, 0xca, 0x9c, 0x49, 0xb3, 0xa6, 0xcd, 0x9b, 0x38, 0x73, 0xea, 0xdc, 0xc9, 
    0xb3, 0xa7, 0xcf, 0x9f, 0x40, 0x83, 0x0a, 0x1d, 0x4a, 0xb4, 0xa8, 0xd1, 0xa3, 
    0x48, 0x93, 0x2a, 0x5d, 0xca, 0xb4, 0xa9, 0xd3, 0xa7, 0x50, 0xa3, 0x4a, 0x9d, 
    0x4a, 0xb5, 0xaa, 0xd5, 0xab, 0x58, 0xb3, 0x6a, 0xdd, 0xca, 0xb5, 0xab, 0xd7, 
    0xaf, 0x60, 0xc3, 0x8a, 0x1d, 0x4b, 0xb6, 0xac, 0xd9, 0xb3, 0x68, 0xd3, 0xaa, 
    0x5d, 0xcb, 0xb6, 0xad, 0xdb, 0xb7, 0x70, 0xe3, 0xca, 0x9d, 0x4b, 0xb7, 0xae, 
    0xdd, 0xbb, 0x78, 0xf3, 0xea, 0xdd, 0xcb, 0xb7, 0xaf, 0xdf, 0xbf, 0x80, 0x03, 
    0x0b, 0x1e, 0x4c, 0xb8, 0xb0, 0xe1, 0xc3, 0x88, 0x13, 0x2b, 0xbe, 0xda, 0xaf, 
    0xb1, 0xe3, 0x7e, 0x8b, 0xb9, 0x3e, 0x9e, 0xdc, 0x38, 0xb2, 0x55, 0xca, 0x98, 
    0x1d, 0x5b, 0x96, 0x9a, 0xb9, 0x33, 0xe4, 0xcd, 0x4d, 0x3b, 0x3f, 0x61, 0x24, 
    0xe9, 0x50, 0x0a, 0xcc, 0xa0, 0x97, 0x62, 0x6e, 0x43, 0x8b, 0xc9, 0x0c, 0x7f, 
    0xb0, 0x61, 0x44, 0xcb, 0x43, 0x39, 0xf5, 0xd1, 0xcc, 0x95, 0xd6, 0xc0, 0xde, 
    0xbd, 0xdb, 0x00, 0xbe, 0xda, 0xb6, 0x85, 0x66, 0x96, 0x34, 0x87, 0xb7, 0xf1, 
    0xdd, 0xf7, 0x80, 0x07, 0xf7, 0x99, 0x59, 0xc1, 0xf1, 0xe7, 0xb0, 0x4f, 0x4d, 
    0x5e, 0xde, 0x33, 0xf3, 0xa6, 0x23, 0xd0, 0xb3, 0x9f, 0x9b, 0x4e, 0x3d, 0x27, 
    0x66, 0x70, 0x13, 0xb2, 0x8b, 0xff, 0xf7, 0xa7, 0xe8, 0x71, 0x77, 0x9c, 0x94, 
    0x41, 0xc8, 0x02, 0x32, 0x5e, 0xbc, 0x38, 0xf3, 0xe7, 0x6b, 0x52, 0x36, 0xb4, 
    0xa5, 0xfd, 0xf8, 0x0b, 0xf0, 0xe3, 0xcb, 0xa4, 0x8c, 0xe7, 0x84, 0xfd, 0xf1, 
    0x28, 0xe4, 0xa7, 0xdf, 0x4b, 0x94, 0x95, 0xd2, 0xc0, 0x7f, 0xe3, 0x0d, 0x21, 
    0xe0, 0x80, 0x2d, 0x4d, 0xc6, 0x46, 0x14, 0x08, 0x8e, 0xf7, 0xc6, 0x82, 0x0c, 
    0xaa, 0x34, 0xd9, 0x2d, 0x39, 0x44, 0x38, 0x5e, 0x16, 0xdc, 0x55, 0x68, 0xe1, 
    0x63, 0xd2, 0xc8, 0xa0, 0xe1, 0x78, 0x07, 0x2c, 0x42, 0xa1, 0x87, 0x24, 0x4d, 
    0x06, 0xc2, 0x6b, 0x23, 0x8e, 0xc7, 0xcd, 0x89, 0x28, 0x8a, 0x34, 0x19, 0x0a, 
    0x2d, 0xb6, 0x17, 0x46, 0x87, 0x31, 0x8e, 0x34, 0x99, 0x03, 0x35, 0xda, 0xd7, 
    0x0c, 0x8c, 0x39, 0x76, 0xf4, 0x18, 0x18, 0x3d, 0xda, 0x87, 0x06, 0x8e, 0x41, 
    0x7a, 0x34, 0x59, 0x02, 0x45, 0xb6, 0x07, 0xc1, 0x13, 0x40, 0x26, 0x79, 0xd1, 
    0x64, 0xcd, 0x34, 0x69, 0x9f, 0x23, 0x51, 0x4a, 0x49, 0x11, 0x65, 0xfe, 0x59, 
    0x39, 0x9e, 0x74, 0x9a, 0x69, 0xc9, 0xd1, 0x64, 0x57, 0x78, 0xd9, 0x1e, 0x23, 
    0x59, 0x8a, 0x09, 0xd1, 0x64, 0xad, 0x98, 0x39, 0x5e, 0x2d, 0x48, 0xaa, 0xb9, 
    0xe5, 0x63, 0x8b, 0x94, 0xe0, 0xa6, 0x78, 0xd3, 0xa4, 0x29, 0x27, 0x43, 0x94, 
    0x05, 0x72, 0x67, 0x76, 0x12, 0xec, 0xa1, 0xe7, 0x9e, 0x09, 0x51, 0x96, 0xc4, 
    0x9f, 0xd9, 0xc9, 0x10, 0x27, 0xa1, 0x0e, 0x51, 0xa6, 0x01, 0xa2, 0xd9, 0x55, 
    0x31, 0x28, 0xa3, 0x06, 0x4d, 0x16, 0x00, 0xa4, 0xd9, 0x1d, 0x19, 0x26, 0xa5, 
    0x6b, 0x3e, 0x46, 0x0b, 0xa6, 0xd9, 0x41, 0x33, 0x29, 0xa7, 0x02, 0x3d, 0x76, 
    0x8b, 0x9d, 0xa0, 0x3e, 0xf7, 0xe2, 0xa6, 0xa4, 0xf2, 0xf9, 0xd8, 0x1f, 0xa9, 
    0x42, 0xff, 0x47, 0xce, 0xa8, 0x9c, 0x3e, 0xc6, 0x46, 0xac, 0xd0, 0x51, 0x42, 
    0x2b, 0xa3, 0x93, 0x01, 0x80, 0xeb, 0x73, 0x3c, 0xec, 0x4a, 0xe8, 0x63, 0x86, 
    0xfc, 0xfa, 0x9c, 0x19, 0xc2, 0xee, 0xf9, 0x58, 0x17, 0x08, 0x62, 0x80, 0x88, 
    0x02, 0x2f, 0xdc, 0x53, 0x48, 0x2f, 0xe3, 0x58, 0xd1, 0xc3, 0x0a, 0x38, 0x68, 
    0xa8, 0x45, 0xb2, 0x72, 0x3a, 0x06, 0x82, 0x09, 0xbc, 0x3d, 0x00, 0x07, 0x06, 
    0xbc, 0x61, 0xa0, 0x85, 0x2a, 0x77, 0x08, 0xda, 0xd9, 0x22, 0x8e, 0x8c, 0x52, 
    0xc3, 0x7f, 0x35, 0x2c, 0xda, 0x2a, 0x41, 0x8f, 0xd5, 0xb1, 0x9b, 0x02, 0xf5, 
    0x80, 0x63, 0xc4, 0x13, 0xa6, 0x38, 0x02, 0xc8, 0x15, 0xe5, 0x79, 0x86, 0x19, 
    0x1e, 0x1d, 0xb4, 0x07, 0x84, 0xbc, 0xf3, 0x96, 0xea, 0xd8, 0x13, 0x22, 0xcc, 
    0xa0, 0x8e, 0xc0, 0x10, 0x63, 0xe6, 0xc8, 0x00, 0xe3, 0x6d, 0xc2, 0xad, 0x98, 
    0x93, 0x41, 0x19, 0xf1, 0xc6, 0x8f, 0x1d, 0x12, 0x89, 0x78, 0x4e, 0x5c, 0xac, 
    0x25, 0xc7, 0x8f, 0x89, 0x71, 0x88, 0x28, 0x99, 0x88, 0x73, 0x89, 0x15, 0x01, 
    0x5c, 0x52, 0xc9, 0x39, 0xcb, 0x24, 0x23, 0x06, 0x65, 0x46, 0x74, 0x33, 0x01, 
    0x19, 0xe4, 0x18, 0x93, 0x08, 0x0a, 0x47, 0xb4, 0x00, 0x9b, 0x20, 0x8c, 0x98, 
    0x42, 0x4e, 0xc2, 0x0a, 0x09, 0x8c, 0xc7, 0xcc, 0x8e, 0x3d, 0xc2, 0x03, 0x05, 
    0x31, 0xc0, 0x01, 0x03, 0x14, 0x50, 0x64, 0x40, 0x41, 0x0b, 0x18, 0x40, 0xb0, 
    0x00, 0x02, 0x39, 0x0c, 0x81, 0x4a, 0xc4, 0x69, 0x58, 0xc3, 0x05, 0x6f, 0x95, 
    0x8a, 0xdc, 0x9d, 0x67, 0x90, 0xf4, 0x82, 0xc4, 0x03, 0x33, 0x10, 0xe2, 0x4c, 
    0x25, 0x7f, 0xe4, 0x80, 0x03, 0x14, 0x41, 0xd4, 0xe0, 0x43, 0x20, 0x81, 0xd4, 
    0xb2, 0x43, 0x13, 0x3f, 0x64, 0x10, 0x03, 0x07, 0x11, 0x14, 0xff, 0x80, 0x40, 
    0x31, 0x1c, 0x97, 0x01, 0x5b, 0x06, 0x04, 0xfc, 0xb3, 0xb1, 0x9a, 0x9d, 0xa5, 
    0x61, 0xcc, 0x07, 0x0b, 0x1c, 0x90, 0xc3, 0x1a, 0x18, 0x44, 0x1e, 0xc3, 0x09, 
    0x91, 0x34, 0x11, 0x88, 0x16, 0x4b, 0xa8, 0x20, 0x84, 0x10, 0x49, 0xd8, 0xc0, 
    0x82, 0x1c, 0x47, 0x90, 0x40, 0xc1, 0x1a, 0x0b, 0x14, 0xd0, 0x00, 0xc9, 0x77, 
    0x48, 0x42, 0xb2, 0xd8, 0x89, 0x65, 0x86, 0xc7, 0x37, 0x91, 0x2c, 0xc0, 0xc1, 
    0x17, 0x27, 0x84, 0xe1, 0xc4, 0x0f, 0xb8, 0x93, 0x50, 0x43, 0x20, 0x48, 0xd8, 
    0x60, 0x49, 0x0f, 0x15, 0x74, 0xd0, 0x01, 0x01, 0x16, 0x00, 0x50, 0x81, 0x08, 
    0x73, 0xb8, 0x91, 0x01, 0x0d, 0x0b, 0x34, 0x90, 0x0d, 0x65, 0x3a, 0x80, 0xb1, 
    0x7a, 0xc4, 0x39, 0x62, 0x56, 0x8a, 0x10, 0x08, 0x2c, 0x00, 0xc1, 0x0c, 0x19, 
    0x04, 0x71, 0xc3, 0x14, 0x2b, 0x50, 0xa1, 0x85, 0x16, 0xa1, 0xfc, 0x91, 0xc4, 
    0x1b, 0x15, 0x60, 0xa1, 0x41, 0x02, 0xda, 0x10, 0xb3, 0xc7, 0x2d, 0x69, 0xe8, 
    0xb0, 0x8e, 0x1f, 0x48, 0xc8, 0x10, 0x06, 0x0d, 0x1b, 0x20, 0x00, 0x48, 0x31, 
    0xe3, 0x90, 0xc1, 0x47, 0x18, 0x6b, 0x80, 0x40, 0x06, 0x96, 0x90, 0x9c, 0x88, 
    0x15, 0xc1, 0x14, 0xd2, 0xf3, 0x8c, 0x87, 0x32, 0xf3, 0x09, 0x08, 0x44, 0x00, 
    0x08, 0x5f, 0x80, 0x01, 0x09, 0x7c, 0x20, 0x07, 0xf3, 0x99, 0x01, 0x05, 0x18, 
    0x7c, 0x03, 0xf0, 0x2c, 0xa0, 0x01, 0x05, 0x10, 0xe0, 0x79, 0x94, 0xb1, 0x87, 
    0x20, 0x90, 0x70, 0x83, 0x30, 0xec, 0x6d, 0x01, 0x0f, 0x40, 0x80, 0x0a, 0x11, 
    0xd0, 0x80, 0x02, 0x14, 0x60, 0x00, 0x03, 0x30, 0xc1, 0x23, 0x28, 0xa3, 0x08, 
    0x1d, 0xa0, 0x62, 0x13, 0x21, 0xd0, 0x82, 0x07, 0xfc, 0xc1, 0x81, 0x1a, 0x0c, 
    0xc1, 0x0a, 0xf9, 0x00, 0x06, 0x11, 0xff, 0x14, 0x38, 0x36, 0xca, 0x3c, 0xe3, 
    0x03, 0x0d, 0x58, 0x40, 0x09, 0x46, 0xf0, 0x83, 0x1d, 0x50, 0x41, 0x04, 0x96, 
    0xa8, 0x42, 0x07, 0x2c, 0xc0, 0x80, 0x2a, 0x32, 0x40, 0x03, 0x17, 0xf0, 0x20, 
    0x00, 0x5c, 0xd0, 0x99, 0x65, 0x98, 0xc1, 0x0e, 0x47, 0x08, 0x02, 0x0c, 0x62, 
    0x50, 0x02, 0x08, 0x98, 0x11, 0x02, 0x1c, 0x38, 0xc0, 0x06, 0x24, 0x80, 0x00, 
    0x03, 0x08, 0xe0, 0x13, 0x93, 0x79, 0x04, 0xc5, 0xc6, 0x83, 0x81, 0x59, 0x09, 
    0x2c, 0x38, 0x98, 0x49, 0xc7, 0x00, 0x10, 0xe0, 0x01, 0x0c, 0x40, 0xa1, 0x09, 
    0x5c, 0xf8, 0x83, 0x19, 0xaa, 0xc0, 0x03, 0x06, 0x64, 0x51, 0x01, 0x88, 0xf4, 
    0x20, 0x01, 0x00, 0xc0, 0xc8, 0x3b, 0x78, 0xe6, 0x0c, 0x28, 0x58, 0xc2, 0x0a, 
    0x6e, 0x40, 0x82, 0x48, 0x84, 0x01, 0x0a, 0x61, 0x08, 0x83, 0xd4, 0x5a, 0x40, 
    0x03, 0x20, 0xf4, 0x6d, 0x00, 0xc1, 0xa0, 0x93, 0x1b, 0xfe, 0x43, 0x0d, 0x88, 
    0xa5, 0x86, 0x32, 0x8d, 0x40, 0x82, 0x01, 0x10, 0x70, 0x80, 0x19, 0x6c, 0xc1, 
    0x07, 0x48, 0xf0, 0x83, 0x05, 0x8c, 0xd1, 0x07, 0x45, 0x32, 0xf2, 0x96, 0xb8, 
    0x0c, 0x81, 0xc0, 0x64, 0x61, 0x81, 0x2a, 0x98, 0x41, 0x04, 0x48, 0xe0, 0xc2, 
    0x14, 0x86, 0x39, 0x85, 0x2c, 0x1c, 0xa1, 0x06, 0x7a, 0x18, 0x41, 0x09, 0x4a, 
    0x37, 0x00, 0x62, 0x3c, 0x66, 0x0c, 0xff, 0x89, 0x80, 0x2e, 0xa8, 0x17, 0x19, 
    0xca, 0x14, 0x23, 0x03, 0x7b, 0x6c, 0xa5, 0x1e, 0x8e, 0xc0, 0x02, 0x33, 0xcc, 
    0x63, 0x66, 0x46, 0x70, 0x04, 0x2e, 0xc7, 0xc9, 0x48, 0x7a, 0x08, 0x6c, 0x17, 
    0x09, 0x60, 0x40, 0x07, 0x7a, 0x80, 0x02, 0x3f, 0x6c, 0x6e, 0x73, 0x49, 0x98, 
    0x84, 0x1d, 0x10, 0xd1, 0x04, 0x18, 0xac, 0x41, 0x02, 0x05, 0x80, 0x93, 0x63, 
    0x8c, 0xc0, 0xff, 0x9e, 0xff, 0xa0, 0xe0, 0x17, 0xa7, 0xe8, 0xc5, 0x2e, 0x86, 
    0x51, 0x07, 0xd4, 0x28, 0x86, 0x32, 0x97, 0xf0, 0x47, 0x36, 0x71, 0xf0, 0x83, 
    0x29, 0x2c, 0x81, 0x09, 0x90, 0x98, 0x4c, 0x3d, 0xc8, 0x89, 0x4b, 0xd5, 0x79, 
    0x46, 0x1c, 0x00, 0x50, 0x40, 0x02, 0x34, 0x80, 0x05, 0x0b, 0xf0, 0xe0, 0xa3, 
    0x3c, 0xe8, 0xc0, 0x04, 0x94, 0x20, 0x04, 0x24, 0xd4, 0x20, 0x03, 0x39, 0x88, 
    0x80, 0x01, 0xf2, 0xe4, 0x98, 0x84, 0xd6, 0x48, 0x02, 0x04, 0x50, 0xce, 0x61, 
    0x28, 0x33, 0x08, 0x85, 0x36, 0xc0, 0x03, 0x31, 0xd0, 0x43, 0x20, 0x44, 0xc0, 
    0x04, 0x5a, 0x40, 0x4f, 0x13, 0x14, 0x65, 0xe4, 0x3e, 0x04, 0x76, 0x0f, 0x46, 
    0x12, 0x80, 0x00, 0x88, 0x4c, 0x80, 0x52, 0xe3, 0x31, 0x8b, 0x4d, 0xd0, 0xa1, 
    0x0b, 0x15, 0xa0, 0x42, 0x13, 0x4e, 0x00, 0x01, 0x04, 0x40, 0xe1, 0x31, 0xc8, 
    0x38, 0x40, 0x91, 0x7c, 0x40, 0x1b, 0xd6, 0xbd, 0x85, 0x32, 0xa9, 0xf0, 0x87, 
    0x00, 0x0a, 0xb0, 0x00, 0x0c, 0x44, 0x22, 0x10, 0x4b, 0x50, 0x02, 0x17, 0x29, 
    0xf3, 0x84, 0x51, 0x04, 0x15, 0x00, 0xa1, 0xec, 0x0c, 0x11, 0xde, 0x7a, 0x0f, 
    0xa4, 0x35, 0x86, 0x08, 0x57, 0x90, 0x03, 0x09, 0x5a, 0xe0, 0x81, 0x06, 0xb4, 
    0xe3, 0x31, 0xa0, 0x68, 0x52, 0x09, 0xd2, 0x80, 0xb0, 0xbe, 0x50, 0xe6, 0x02, 
    0x62, 0x35, 0x40, 0x04, 0x72, 0x90, 0x81, 0x1b, 0xb0, 0x00, 0x05, 0x16, 0xa0, 
    0x03, 0x66, 0x74, 0x70, 0x86, 0xb7, 0x02, 0x20, 0x16, 0x9d, 0x91, 0x45, 0x50, 
    0xb9, 0x71, 0x1a, 0xca, 0xc8, 0x23, 0x10, 0x91, 0x28, 0x41, 0x04, 0x96, 0xf0, 
    0x18, 0x66, 0x58, 0x69, 0x0e, 0x84, 0x65, 0x55, 0x4c, 0x64, 0x6a, 0x14, 0xca, 
    0x58, 0x00, 0x36, 0x7b, 0xe4, 0xc0, 0x09, 0xdc, 0x80, 0x04, 0x4b, 0xff, 0x74, 
    0x20, 0x01, 0x11, 0xa5, 0x4c, 0x27, 0x80, 0xfa, 0xd6, 0x2e, 0x64, 0xc6, 0x16, 
    0x41, 0x1d, 0x85, 0x67, 0x6c, 0xe0, 0x06, 0xbe, 0x16, 0x80, 0x1d, 0x8e, 0x01, 
    0x03, 0xb9, 0x9a, 0x84, 0x08, 0xaf, 0x66, 0x84, 0x88, 0x45, 0xa1, 0xcc, 0x0b, 
    0x60, 0x33, 0xd6, 0x0d, 0xc4, 0xe0, 0x07, 0x73, 0x48, 0x42, 0x05, 0x34, 0x40, 
    0x00, 0x4f, 0x60, 0x06, 0x1e, 0x96, 0x65, 0xa4, 0x39, 0x6e, 0xf1, 0x18, 0x22, 
    0xac, 0xe3, 0xad, 0xa5, 0xec, 0xcc, 0x19, 0x02, 0x01, 0x85, 0x1c, 0x20, 0xe0, 
    0x12, 0x43, 0x0a, 0x6c, 0x93, 0x50, 0x20, 0x09, 0x76, 0x9c, 0x62, 0x3f, 0xa6, 
    0x24, 0xca, 0x64, 0xd2, 0xb1, 0x9b, 0x01, 0x44, 0xa0, 0x04, 0x51, 0x38, 0xc2, 
    0x24, 0x7a, 0xc0, 0x00, 0x05, 0x00, 0x02, 0x19, 0x98, 0x41, 0x45, 0x78, 0x19, 
    0x49, 0x06, 0x71, 0x2c, 0x03, 0x18, 0xf3, 0x40, 0xc3, 0x5b, 0xad, 0x20, 0x30, 
    0x4c, 0x50, 0xe1, 0x07, 0x18, 0x88, 0x80, 0x0d, 0x28, 0xa3, 0x0b, 0x2f, 0x09, 
    0x00, 0x36, 0x04, 0xe2, 0xd8, 0x50, 0x26, 0xb3, 0x8f, 0xdd, 0x08, 0xa0, 0x01, 
    0x07, 0x80, 0x43, 0x13, 0x90, 0x80, 0x02, 0x1e, 0x24, 0x80, 0x00, 0xa9, 0x30, 
    0x11, 0x65, 0x48, 0xb1, 0xe0, 0x1a, 0xdf, 0xf2, 0x0a, 0x9e, 0x49, 0x01, 0x2e, 
    0x58, 0xd0, 0x84, 0x16, 0x6c, 0xc0, 0x03, 0x78, 0xa0, 0x0c, 0x1d, 0xfe, 0x64, 
    0x38, 0xd5, 0xea, 0x68, 0x32, 0xc7, 0xc8, 0x45, 0x26, 0x82, 0xcc, 0x5a, 0x9e, 
    0x4c, 0x86, 0x08, 0xbc, 0xf1, 0xef, 0x1a, 0xb6, 0x80, 0x88, 0x24, 0x4c, 0xe0, 
    0x02, 0x8b, 0x04, 0xc0, 0x30, 0x28, 0x93, 0x02, 0x09, 0xdb, 0xb8, 0xc6, 0xac, 
    0xf0, 0x4c, 0x27, 0x2a, 0xa0, 0x82, 0x23, 0xc0, 0xe0, 0x00, 0x0d, 0x68, 0x00, 
    0x1c, 0x27, 0x93, 0x05, 0x37, 0x09, 0x60, 0xff, 0x19, 0x9d, 0x91, 0x51, 0xc9, 
    0xbe, 0xb6, 0x9b, 0x25, 0xa0, 0xa3, 0xc9, 0x3a, 0x99, 0x8c, 0x12, 0x4c, 0x5c, 
    0x80, 0x0d, 0xa8, 0xd8, 0x0e, 0x4c, 0xc0, 0x82, 0x02, 0x6e, 0xe9, 0x02, 0x75, 
    0x35, 0xe6, 0x09, 0xd1, 0xf8, 0xb2, 0x8d, 0xe3, 0x9a, 0x19, 0x6f, 0xf0, 0xc0, 
    0x0f, 0x53, 0x88, 0x44, 0x55, 0x29, 0x66, 0x07, 0x61, 0x3c, 0xa6, 0x1e, 0x6e, 
    0x2a, 0x40, 0x7e, 0x85, 0xf4, 0x18, 0x1d, 0x40, 0xc8, 0x38, 0x1b, 0x38, 0x44, 
    0x61, 0xe5, 0xf3, 0x98, 0x77, 0x44, 0x19, 0x6b, 0x61, 0x08, 0x84, 0x95, 0xb1, 
    0x8c, 0x4b, 0x2f, 0xd0, 0x83, 0x11, 0x90, 0xe0, 0x05, 0x25, 0x28, 0x1a, 0x07, 
    0x59, 0x50, 0x03, 0x12, 0x6c, 0xa8, 0x03, 0x38, 0xd8, 0xc0, 0x8e, 0x56, 0xa8, 
    0x43, 0x1e, 0xaa, 0x98, 0xf5, 0x5b, 0x4b, 0xd1, 0x99, 0x6d, 0x60, 0x01, 0x05, 
    0x72, 0xf8, 0x01, 0x0d, 0x24, 0x30, 0x80, 0x0f, 0x33, 0x60, 0x32, 0x19, 0x32, 
    0x53, 0x00, 0x36, 0xad, 0x91, 0x8c, 0x05, 0x21, 0x3b, 0x16, 0x35, 0x32, 0x7a, 
    0x1e, 0xa3, 0xd5, 0xfe, 0x4a, 0x00, 0x03, 0x24, 0xa0, 0x02, 0x64, 0x07, 0x6d, 
    0x63, 0x2f, 0x4c, 0xc3, 0x99, 0x10, 0x43, 0x06, 0x23, 0xae, 0x10, 0x02, 0x8a, 
    0x16, 0x22, 0x33, 0x52, 0x20, 0x00, 0x03, 0x94, 0xc0, 0x87, 0xe2, 0xa2, 0x99, 
    0x62, 0x57, 0x7d, 0xcc, 0xbb, 0xdc, 0x44, 0x08, 0x5e, 0x30, 0xa2, 0xa0, 0x99, 
    0xd9, 0x08, 0x65, 0x6a, 0x21, 0x9e, 0x19, 0xe0, 0x99, 0xd4, 0x8e, 0x81, 0x06, 
    0x6f, 0xc6, 0xea, 0x01, 0x38, 0xc8, 0x80, 0x05, 0x55, 0xe0, 0xae, 0x8d, 0xaf, 
    0xa0, 0xb1, 0xd5, 0xb5, 0x02, 0x1a, 0xe4, 0xcc, 0x04, 0x65, 0x96, 0x01, 0x00, 
    0x02, 0x5c, 0xa0, 0x02, 0x36, 0xc8, 0x42, 0x24, 0xbe, 0xb0, 0x81, 0x06, 0x34, 
    0x1b, 0x1c, 0x8f, 0xff, 0xb1, 0x01, 0xa4, 0x22, 0x10, 0x04, 0x06, 0xf0, 0xc2, 
    0x08, 0x07, 0x97, 0x48, 0xaf, 0xda, 0xa3, 0x80, 0x51, 0xaf, 0xd6, 0x31, 0xc2, 
    0x98, 0x23, 0x75, 0x1b, 0xc0, 0x01, 0x18, 0xd4, 0xc2, 0x06, 0x57, 0xae, 0x31, 
    0x2e, 0xb6, 0x3c, 0xbd, 0xc7, 0xac, 0x03, 0x13, 0xe3, 0x0c, 0xc6, 0x18, 0x4a, 
    0x01, 0x0f, 0x58, 0x5c, 0xe2, 0x96, 0x09, 0xb0, 0x00, 0x0a, 0xec, 0x70, 0x83, 
    0x28, 0x60, 0x60, 0x03, 0x2f, 0x34, 0xa7, 0x63, 0x44, 0x10, 0xab, 0x0c, 0xe0, 
    0xd8, 0xe6, 0xae, 0x72, 0xcc, 0x38, 0xfe, 0xa3, 0x75, 0x6d, 0xcf, 0x44, 0xcf, 
    0xc6, 0xd9, 0x63, 0x09, 0x22, 0xc1, 0x05, 0x41, 0x58, 0x80, 0xdc, 0x96, 0xed, 
    0x03, 0x3c, 0x8a, 0x4e, 0x99, 0x34, 0x6c, 0xa3, 0xc6, 0x1e, 0x9f, 0x80, 0x25, 
    0xf8, 0xb0, 0x83, 0xfb, 0xa9, 0xf4, 0xdd, 0x8e, 0xc1, 0x0e, 0xae, 0x84, 0x00, 
    0xf6, 0xa2, 0x3d, 0x46, 0x19, 0x08, 0x1a, 0x80, 0x8c, 0x2b, 0xe3, 0x1d, 0xc7, 
    0x40, 0x39, 0xed, 0x11, 0xc0, 0xc0, 0x0f, 0xc4, 0x2d, 0xe8, 0xf0, 0xe2, 0xa2, 
    0x08, 0x74, 0xcf, 0xcc, 0x79, 0xc3, 0x8b, 0x54, 0x0d, 0x4c, 0xc0, 0x0c, 0x48, 
    0x68, 0xc2, 0x08, 0xd0, 0xfc, 0x8b, 0xc7, 0xc8, 0xc1, 0x58, 0x61, 0x4e, 0x16, 
    0x0d, 0x3f, 0x10, 0x21, 0x2f, 0x14, 0xfe, 0x43, 0x8e, 0x29, 0x53, 0xda, 0x25, 
    0x10, 0x83, 0x0f, 0xf0, 0x81, 0x09, 0x12, 0xb7, 0x6c, 0x6e, 0x33, 0x8f, 0x99, 
    0x47, 0xd4, 0x58, 0x01, 0x17, 0x98, 0x80, 0x10, 0xa6, 0xb0, 0x05, 0xd1, 0x8a, 
    0xca, 0x31, 0xa7, 0xff, 0x95, 0x04, 0x62, 0x5e, 0x28, 0xca, 0xfc, 0x60, 0x44, 
    0x3a, 0x70, 0x2e, 0xa7, 0x1d, 0xd3, 0x04, 0xe3, 0x08, 0xc0, 0x00, 0x0b, 0xc0, 
    0x41, 0x13, 0xfe, 0xd0, 0x83, 0xdc, 0x07, 0x55, 0xe3, 0xbc, 0xef, 0x0c, 0xff, 
    0x70, 0x2d, 0xcb, 0x0d, 0x71, 0x04, 0xc3, 0x02, 0x6f, 0xd0, 0x02, 0x09, 0x30, 
    0x20, 0x81, 0x41, 0x3c, 0x86, 0x0f, 0xc6, 0xf2, 0x47, 0xe9, 0x5f, 0x5f, 0xe4, 
    0xc7, 0xb4, 0x81, 0x05, 0x2d, 0xfa, 0xab, 0xd9, 0x61, 0xf2, 0x18, 0x56, 0x1c, 
    0xa7, 0xba, 0x70, 0x50, 0x03, 0x22, 0x30, 0x04, 0xac, 0x16, 0x54, 0x7d, 0x10, 
    0x7e, 0x02, 0xe3, 0x65, 0xe4, 0xe4, 0x00, 0x6c, 0xe0, 0x18, 0xad, 0x80, 0x05, 
    0x7c, 0xd0, 0x04, 0x31, 0xb0, 0x00, 0x67, 0xf0, 0x18, 0x9a, 0x10, 0x7f, 0xfe, 
    0xa0, 0x0c, 0x06, 0xb5, 0x10, 0xba, 0x05, 0x07, 0x35, 0xc2, 0x68, 0x9f, 0x81, 
    0x70, 0x8d, 0x51, 0x1f, 0xd6, 0x57, 0x00, 0x1e, 0x30, 0x02, 0x37, 0x30, 0x09, 
    0x04, 0x98, 0x65, 0x14, 0x85, 0x25, 0x08, 0xd8, 0x45, 0x14, 0x95, 0x0d, 0x9d, 
    0xe5, 0x18, 0x78, 0xf0, 0x07, 0x35, 0x80, 0x03, 0x1b, 0x10, 0x0a, 0x8f, 0xe1, 
    0x0c, 0x18, 0x48, 0x03, 0xd8, 0xb0, 0x81, 0x08, 0x41, 0x19, 0xd8, 0x00, 0x05, 
    0x3d, 0x52, 0x73, 0xfb, 0xe7, 0x12, 0x1d, 0xf3, 0x1c, 0x63, 0x75, 0x00, 0x23, 
    0xb0, 0x03, 0x36, 0x50, 0x01, 0x05, 0x48, 0x51, 0xd2, 0xf0, 0x82, 0x9e, 0xe1, 
    0x00, 0xe3, 0x14, 0x0e, 0x99, 0x41, 0x09, 0x3b, 0x70, 0x02, 0x07, 0xb0, 0x00, 
    0xd1, 0xd7, 0x18, 0x79, 0x80, 0x81, 0xb0, 0xa1, 0x0d, 0x40, 0x48, 0x2f, 0x94, 
    0xb1, 0x0a, 0x4d, 0x32, 0x05, 0xd2, 0x57, 0x6d, 0x8f, 0x11, 0x1e, 0xff, 0x57, 
    0x00, 0x07, 0x40, 0x01, 0x4e, 0x58, 0x01, 0x09, 0xf0, 0x56, 0x6b, 0x45, 0x85, 
    0x99, 0x41, 0x0d, 0xad, 0x96, 0x5a, 0x94, 0x31, 0x0d, 0x59, 0x00, 0x05, 0x55, 
    0xf5, 0x0a, 0x8f, 0xa1, 0x06, 0x62, 0xe8, 0x0f, 0x2a, 0xe0, 0x5d, 0x48, 0x92, 
    0x19, 0x67, 0x60, 0x25, 0x5b, 0x40, 0x7f, 0x25, 0xff, 0xf1, 0x18, 0xa6, 0x00, 
    0x1d, 0x4b, 0x48, 0x01, 0x3e, 0xa0, 0x02, 0x13, 0x50, 0x87, 0x41, 0x05, 0x26, 
    0x78, 0xf8, 0x5d, 0xb8, 0x34, 0x06, 0x9d, 0xc1, 0x0d, 0x72, 0xa0, 0x07, 0x19, 
    0x86, 0x04, 0x8f, 0x71, 0x0f, 0x85, 0xe8, 0x0f, 0x40, 0xe0, 0x82, 0xf9, 0x91, 
    0x19, 0x04, 0xe0, 0x25, 0x5f, 0xe0, 0x88, 0x47, 0xe6, 0x18, 0x55, 0x20, 0x89, 
    0x70, 0x48, 0x89, 0x96, 0x88, 0x89, 0x14, 0xc5, 0x0b, 0x9b, 0x98, 0x19, 0x44, 
    0x40, 0x08, 0x8c, 0x24, 0x5c, 0x99, 0x01, 0x02, 0x00, 0xc0, 0x07, 0x1f, 0x80, 
    0x03, 0x0b, 0xd0, 0x02, 0x33, 0x28, 0x0b, 0xa7, 0x08, 0x1b, 0x58, 0xc8, 0x1d, 
    0x94, 0xc1, 0x0f, 0x15, 0x60, 0x26, 0x03, 0xc0, 0x0f, 0x6b, 0x38, 0x25, 0x8e, 
    0xd1, 0x06, 0xd9, 0x31, 0x89, 0x95, 0x78, 0x89, 0x6f, 0x35, 0x54, 0xbb, 0x88, 
    0x19, 0x65, 0xc0, 0x48, 0x71, 0xd0, 0x19, 0x45, 0x30, 0x04, 0x22, 0x20, 0x03, 
    0x23, 0xb0, 0x01, 0x18, 0x50, 0x71, 0xbc, 0xb0, 0x8c, 0xb0, 0xb1, 0x02, 0x93, 
    0xd1, 0x0e, 0xcd, 0xe5, 0x18, 0x62, 0x00, 0x00, 0x06, 0x70, 0x27, 0xb2, 0x50, 
    0x8d, 0x15, 0x31, 0x19, 0xdd, 0x90, 0x8d, 0xb5, 0xb8, 0x8d, 0xb8, 0x48, 0x4e, 
    0x33, 0xf4, 0x8d, 0x34, 0xc5, 0x48, 0xae, 0xd0, 0x19, 0xbb, 0x00, 0x72, 0x3b, 
    0x40, 0x01, 0x71, 0x38, 0x83, 0xf2, 0xe0, 0x8e, 0xb0, 0x11, 0x20, 0x8e, 0x51, 
    0x04, 0xfe, 0x60, 0x09, 0xb0, 0x00, 0x0c, 0x5e, 0x80, 0x2a, 0x77, 0x62, 0x84, 
    0x47, 0x88, 0x12, 0x93, 0xd1, 0x6d, 0x4a, 0xf8, 0x8f, 0xb7, 0xf8, 0x56, 0xd6, 
    0x40, 0x90, 0x94, 0x11, 0x07, 0xb7, 0x94, 0x0c, 0x98, 0x21, 0x0c, 0x09, 0x30, 
    0x01, 0x49, 0x60, 0x66, 0x07, 0xd0, 0x04, 0x8f, 0x11, 0x07, 0x10, 0x09, 0x1b, 
    0xc6, 0xf0, 0x18, 0xb2, 0xff, 0x07, 0x2a, 0x07, 0xc0, 0x87, 0x21, 0x88, 0x84, 
    0x8f, 0x71, 0x0a, 0xe2, 0xa1, 0x8d, 0x23, 0x19, 0x54, 0xb6, 0x60, 0x92, 0x8f, 
    0x91, 0x02, 0x89, 0x70, 0x4b, 0xa0, 0xa0, 0x81, 0x8f, 0x51, 0x04, 0xae, 0xd0, 
    0x92, 0x2a, 0xe0, 0x03, 0x67, 0x46, 0x78, 0x8e, 0x31, 0x04, 0x35, 0xe9, 0x0f, 
    0x10, 0x30, 0x19, 0x3e, 0x93, 0x2a, 0x20, 0xc4, 0x78, 0x21, 0xe6, 0x18, 0xfd, 
    0x44, 0x8b, 0x71, 0x08, 0x90, 0x6f, 0x05, 0x82, 0x26, 0x29, 0x06, 0xbc, 0x75, 
    0x4b, 0xd3, 0x20, 0x09, 0xf0, 0x90, 0x07, 0xf3, 0x40, 0x06, 0x1e, 0x57, 0x01, 
    0x93, 0x70, 0x03, 0x23, 0xe0, 0x01, 0xaa, 0xf0, 0x18, 0x02, 0x40, 0x01, 0x74, 
    0x30, 0x0e, 0x30, 0xe0, 0x8e, 0xce, 0xf0, 0x18, 0xb9, 0x10, 0x2b, 0xdb, 0xd2, 
    0x91, 0x8f, 0xf8, 0x18, 0xbb, 0x30, 0x1e, 0x42, 0xc9, 0x8d, 0x41, 0x45, 0x06, 
    0x86, 0x66, 0x92, 0x86, 0xb0, 0x60, 0x04, 0xa0, 0x01, 0x3d, 0xf0, 0x07, 0x6e, 
    0x00, 0x07, 0x1b, 0x80, 0x26, 0x8d, 0xf1, 0x0c, 0x14, 0xd0, 0x09, 0x87, 0x06, 
    0x0d, 0x4e, 0x70, 0x8a, 0x30, 0x60, 0x2b, 0xb1, 0x42, 0x01, 0xb0, 0x38, 0x7d, 
    0x8d, 0xe1, 0x81, 0x41, 0x59, 0x8b, 0x73, 0x18, 0x90, 0xe4, 0x24, 0x0a, 0x46, 
    0xd9, 0x18, 0xde, 0xb0, 0x60, 0x0a, 0x80, 0x05, 0x6f, 0x80, 0x04, 0x24, 0x50, 
    0x7b, 0x8f, 0x11, 0x0c, 0xf3, 0xf7, 0x18, 0x99, 0xb0, 0x5c, 0x18, 0x28, 0x59, 
    0x8e, 0x01, 0x2e, 0xa0, 0x62, 0x00, 0x53, 0x48, 0x98, 0x72, 0xe6, 0x18, 0xdf, 
    0xd0, 0x1e, 0x4b, 0xd8, 0x84, 0x4f, 0x18, 0x85, 0xe4, 0x34, 0x0b, 0xaf, 0xd9, 
    0x0f, 0xba, 0xb0, 0x60, 0x09, 0xd0, 0x01, 0x7e, 0x80, 0x08, 0x51, 0x50, 0x02, 
    0x84, 0xf0, 0x18, 0x6f, 0x90, 0x00, 0x98, 0x21, 0x06, 0x9c, 0x70, 0x8f, 0xf1, 
    0xff, 0xc7, 0x02, 0xb9, 0x19, 0x2b, 0xde, 0xe8, 0x95, 0x2b, 0x51, 0x5e, 0xff, 
    0x61, 0x82, 0x27, 0x90, 0x82, 0x2b, 0xf8, 0x56, 0xf1, 0x00, 0x02, 0xaf, 0x69, 
    0x0c, 0x9c, 0x27, 0x99, 0x7f, 0x70, 0x03, 0x5c, 0x98, 0x8f, 0x8e, 0x11, 0x03, 
    0x1b, 0xd0, 0x19, 0xe8, 0x10, 0x03, 0xf1, 0xb7, 0x01, 0x30, 0xd7, 0x18, 0xa5, 
    0x10, 0x2b, 0xdf, 0xa0, 0x8f, 0x8d, 0xf2, 0x18, 0xbf, 0x60, 0x1f, 0x00, 0x28, 
    0x80, 0x55, 0xe0, 0x9c, 0xe4, 0x94, 0x0e, 0x46, 0x59, 0x07, 0xd4, 0xc9, 0x03, 
    0x66, 0xb0, 0x02, 0x41, 0x80, 0x01, 0x0b, 0x80, 0x99, 0xfd, 0xd0, 0x08, 0x05, 
    0xe0, 0x0f, 0xa9, 0x87, 0x19, 0xaf, 0x80, 0x81, 0x16, 0xe3, 0x18, 0x44, 0x08, 
    0x2a, 0x14, 0x66, 0x9c, 0x20, 0x61, 0x2a, 0x1f, 0xa6, 0x9c, 0xd8, 0xa7, 0x7d, 
    0x2c, 0xd0, 0x7d, 0x2c, 0x18, 0x54, 0xa6, 0x60, 0x92, 0x85, 0x10, 0x5e, 0x0a, 
    0xc0, 0x00, 0x55, 0x20, 0x02, 0x3b, 0x90, 0x01, 0x1c, 0x80, 0x03, 0xf2, 0xd9, 
    0x18, 0xed, 0x00, 0x1b, 0x0d, 0x80, 0x88, 0x94, 0x11, 0x89, 0xf1, 0x77, 0x0d, 
    0xaf, 0x92, 0x2a, 0xc0, 0x80, 0xa0, 0x61, 0xd7, 0x18, 0xb8, 0xf0, 0x1f, 0x02, 
    0x30, 0x00, 0xb4, 0xa7, 0x06, 0xb7, 0xc7, 0x00, 0x33, 0x4a, 0x51, 0xbe, 0xf5, 
    0x8d, 0xd2, 0x50, 0xa1, 0x66, 0x20, 0x07, 0x41, 0x30, 0x81, 0x24, 0xf0, 0x18, 
    0xd1, 0xb0, 0x1b, 0x0d, 0x88, 0x19, 0xce, 0x11, 0x7f, 0xae, 0xe7, 0x18, 0x96, 
    0x00, 0x2a, 0xf9, 0xa6, 0xa2, 0x4a, 0xe2, 0x18, 0xb7, 0x10, 0x21, 0xfe, 0x25, 
    0x79, 0x5a, 0x80, 0x02, 0x05, 0xb6, 0x60, 0xbd, 0xf0, 0x8d, 0x18, 0x67, 0x59, 
    0x39, 0xda, 0x03, 0x4b, 0xb0, 0x90, 0x1c, 0x80, 0x00, 0x7f, 0xf0, 0x18, 0x05, 
    0xe3, 0x0f, 0x89, 0x80, 0x19, 0x77, 0xb0, 0x02, 0x62, 0xff, 0x48, 0x9e, 0x8e, 
    0xc1, 0x24, 0x98, 0xb2, 0x0d, 0x4e, 0xca, 0x81, 0xcb, 0x42, 0xa7, 0x0f, 0x50, 
    0x02, 0x5b, 0xb0, 0x02, 0x66, 0xf0, 0x76, 0x35, 0x46, 0x0a, 0x9b, 0xc8, 0x0a, 
    0x9c, 0x57, 0x9d, 0x82, 0x30, 0x07, 0x18, 0xb6, 0x00, 0x06, 0xc0, 0x68, 0x7b, 
    0x00, 0x1b, 0x34, 0xb0, 0x78, 0xfd, 0xa0, 0x04, 0x24, 0xa0, 0x07, 0xa7, 0x68, 
    0x00, 0x46, 0xea, 0x7f, 0x90, 0x92, 0x03, 0x03, 0x8a, 0x9e, 0x1e, 0xe9, 0x18, 
    0xb1, 0xa0, 0x21, 0x02, 0x80, 0x00, 0x02, 0x94, 0x05, 0x49, 0x70, 0x5b, 0x36, 
    0x06, 0x9c, 0x08, 0xf8, 0x0c, 0xb2, 0xc9, 0x00, 0x93, 0x29, 0x03, 0x14, 0x00, 
    0x04, 0x6d, 0xd4, 0x06, 0xf4, 0x38, 0x07, 0x07, 0x20, 0x88, 0x49, 0x53, 0x93, 
    0xe5, 0x70, 0x8d, 0x98, 0x72, 0x90, 0x93, 0xda, 0x7c, 0x5b, 0xc7, 0xab, 0x70, 
    0xd8, 0x84, 0x22, 0x00, 0x85, 0x59, 0xfa, 0x56, 0xab, 0x30, 0x77, 0xbc, 0x77, 
    0x07, 0x35, 0x56, 0x9d, 0x7e, 0x30, 0x07, 0xa2, 0x28, 0x01, 0x06, 0xa0, 0x09, 
    0xba, 0x35, 0x19, 0x3b, 0x50, 0x93, 0xe6, 0xf0, 0x18, 0x68, 0x00, 0x29, 0xc7, 
    0x90, 0xad, 0x41, 0xf8, 0x18, 0x90, 0x30, 0x22, 0xd7, 0x97, 0x7d, 0x6e, 0x60, 
    0x07, 0x32, 0xaa, 0x68, 0x65, 0x37, 0x3d, 0xcc, 0xf0, 0x7b, 0xf3, 0xc6, 0x02, 
    0x32, 0x70, 0x02, 0x40, 0x60, 0x72, 0x96, 0xe6, 0x19, 0x2e, 0x05, 0x91, 0x7a, 
    0x40, 0x27, 0x0b, 0x80, 0x28, 0x77, 0x06, 0xa7, 0x63, 0xf2, 0x18, 0x2a, 0xd0, 
    0x22, 0x75, 0x1a, 0x6e, 0x6f, 0xc0, 0xa9, 0x8a, 0xa6, 0x0d, 0x63, 0x70, 0xab, 
    0x11, 0x13, 0x0b, 0xb3, 0x80, 0x77, 0xc1, 0x27, 0x04, 0x88, 0xa0, 0x07, 0xcb, 
    0x66, 0x00, 0x3b, 0x20, 0x30, 0x20, 0xa0, 0x91, 0xff, 0xf1, 0x06, 0xc5, 0xa0, 
    0x0c, 0xa8, 0x90, 0x09, 0x0c, 0xff, 0x60, 0x26, 0xcf, 0xf0, 0x18, 0x42, 0x80, 
    0x28, 0x25, 0x8a, 0xab, 0x26, 0xf1, 0x18, 0xc7, 0x50, 0x23, 0x03, 0xf0, 0x00, 
    0x39, 0x10, 0x09, 0x53, 0xe0, 0x07, 0xb7, 0x15, 0xae, 0x0b, 0x96, 0x08, 0xbc, 
    0xd0, 0xb0, 0x9e, 0x01, 0x0b, 0xdc, 0x60, 0x63, 0x1e, 0xc7, 0x03, 0x96, 0x10, 
    0x0a, 0x26, 0xc0, 0x85, 0x0d, 0x20, 0x00, 0xaa, 0xd8, 0x19, 0x63, 0x87, 0x20, 
    0x1b, 0x46, 0x26, 0x5e, 0x22, 0x91, 0x8d, 0x41, 0x93, 0x7f, 0x32, 0x6d, 0x16, 
    0xcb, 0x86, 0x8e, 0xf1, 0x31, 0x2d, 0x72, 0x62, 0x71, 0xb8, 0x03, 0x2a, 0x08, 
    0xa1, 0x8a, 0xf6, 0x0b, 0x57, 0x20, 0x0f, 0x8e, 0xa0, 0x0b, 0xd6, 0x20, 0x0a, 
    0xcf, 0x20, 0x0a, 0x9b, 0x70, 0x05, 0x2e, 0xf0, 0x65, 0x04, 0x10, 0x75, 0x4c, 
    0xc0, 0x02, 0x47, 0x00, 0x05, 0x6b, 0xa0, 0x52, 0x19, 0x50, 0x2f, 0x32, 0x30, 
    0x01, 0xce, 0x40, 0x8d, 0x8f, 0x11, 0x0e, 0x08, 0xa2, 0x89, 0x8f, 0xc1, 0x7a, 
    0x4d, 0x12, 0x2f, 0xb1, 0x87, 0x28, 0x1c, 0x82, 0xaf, 0x05, 0xf1, 0x18, 0x77, 
    0xd0, 0x23, 0xfd, 0x8a, 0x03, 0xb6, 0xc7, 0x04, 0x79, 0xaa, 0x68, 0xa2, 0x8b, 
    0x77, 0x09, 0x80, 0x05, 0x4a, 0x20, 0x02, 0xb5, 0xb0, 0x05, 0x57, 0x57, 0x00, 
    0x5a, 0xfb, 0x18, 0xf8, 0xb0, 0x1b, 0x0f, 0x20, 0x05, 0x93, 0x41, 0x0e, 0xff, 
    0x81, 0x1f, 0x94, 0x41, 0x88, 0x4d, 0xd2, 0x9f, 0x8e, 0x31, 0x5d, 0x88, 0xd2, 
    0x55, 0x3e, 0x7b, 0x9c, 0x8d, 0xc1, 0x03, 0x45, 0x32, 0xb4, 0x53, 0xc6, 0x05, 
    0x7e, 0xe0, 0x62, 0xa3, 0x9b, 0xbc, 0x7e, 0x8a, 0x05, 0x55, 0x60, 0x03, 0x88, 
    0xf0, 0x03, 0x38, 0xe0, 0x01, 0x08, 0x40, 0xa5, 0x93, 0xd1, 0x25, 0xb0, 0x01, 
    0x04, 0xbb, 0xd7, 0x18, 0x21, 0x60, 0x1f, 0x03, 0x70, 0x0e, 0x3c, 0xd9, 0x8f, 
    0x5e, 0xff, 0x82, 0x09, 0x8d, 0x71, 0x07, 0x10, 0x00, 0x29, 0x65, 0x80, 0xb9, 
    0x03, 0xf1, 0x18, 0xa8, 0xd0, 0x24, 0x27, 0x06, 0x04, 0x28, 0xb8, 0x04, 0x55, 
    0x80, 0xa5, 0xca, 0x3b, 0xbf, 0xb8, 0x94, 0xa3, 0x43, 0x90, 0x04, 0x5c, 0x40, 
    0x02, 0x38, 0x70, 0x00, 0xd3, 0xeb, 0x0f, 0x31, 0xe5, 0x18, 0xd3, 0x70, 0x1c, 
    0x11, 0x90, 0x40, 0x8e, 0x51, 0x53, 0xf6, 0x41, 0x01, 0xbf, 0x70, 0x0c, 0x8e, 
    0x70, 0xa8, 0x66, 0x72, 0x04, 0x4b, 0x00, 0x2a, 0x1f, 0x50, 0x9a, 0x13, 0x31, 
    0x19, 0x37, 0x5b, 0x24, 0xfd, 0xfa, 0x05, 0x24, 0x20, 0x07, 0x96, 0xe0, 0x62, 
    0x4a, 0x4b, 0xbf, 0x36, 0xa6, 0x00, 0x1a, 0x50, 0x01, 0x7e, 0x40, 0x05, 0x1f, 
    0x70, 0x02, 0x1c, 0xf0, 0x00, 0xcd, 0xe6, 0x0f, 0xbe, 0xdb, 0x0f, 0x9f, 0x66, 
    0x1c, 0x6a, 0x80, 0x79, 0x8f, 0xc1, 0x23, 0x57, 0x89, 0x29, 0x07, 0x10, 0x30, 
    0xbf, 0xfb, 0x11, 0x9d, 0xe6, 0x25, 0xb1, 0x95, 0x01, 0x3b, 0x20, 0x02, 0xdd, 
    0x07, 0x77, 0x1e, 0xac, 0x68, 0x20, 0x5c, 0x01, 0x82, 0x40, 0x05, 0x6e, 0x30, 
    0x02, 0x10, 0xf0, 0x00, 0x6e, 0xe4, 0x0f, 0x5b, 0xda, 0x18, 0xd0, 0x04, 0x1d, 
    0x30, 0x30, 0x83, 0xc1, 0x3b, 0xc3, 0x98, 0xf2, 0x83, 0x67, 0xbb, 0x8f, 0x8e, 
    0x51, 0x0c, 0x1e, 0x46, 0x56, 0x31, 0x10, 0x04, 0x54, 0x20, 0x08, 0x1d, 0x00, 
    0xb7, 0x41, 0xfc, 0x56, 0x48, 0xc5, 0x00, 0x13, 0x20, 0x08, 0xa1, 0x70, 0x52, 
    0x25, 0xc0, 0xae, 0x2d, 0x6a, 0x57, 0xfd, 0xd0, 0xa6, 0xd9, 0x31, 0x05, 0x46, 
    0xda, 0x18, 0x82, 0x40, 0xc5, 0x88, 0x52, 0x0d, 0x98, 0x3b, 0x19, 0x76, 0x20, 
    0x8d, 0x08, 0xc0, 0x01, 0x28, 0x08, 0x68, 0x6f, 0xd7, 0xc1, 0x63, 0x8c, 0x4b, 
    0x7f, 0xcb, 0xbc, 0x7e, 0xa0, 0x05, 0x27, 0x75, 0x4f, 0xac, 0xff, 0x0b, 0x1b, 
    0x4a, 0xf0, 0x18, 0xa2, 0xd0, 0x1e, 0x27, 0x40, 0x19, 0x6d, 0x66, 0xc7, 0x6e, 
    0x62, 0xc5, 0x37, 0x6c, 0x9a, 0xc9, 0xe0, 0x66, 0x05, 0x20, 0x01, 0x34, 0xb0, 
    0x05, 0x81, 0x60, 0x03, 0x04, 0xa6, 0x45, 0x83, 0x1c, 0x54, 0xc0, 0x67, 0x01, 
    0x3d, 0xa0, 0x02, 0x46, 0x9c, 0x01, 0xa4, 0xf3, 0x42, 0xbb, 0xb1, 0xc2, 0xc9, 
    0x37, 0x1e, 0x8e, 0xea, 0x18, 0x8b, 0x50, 0x7d, 0x94, 0x6c, 0x25, 0x06, 0xe0, 
    0xb4, 0x3d, 0xb9, 0xa2, 0x8f, 0x41, 0x67, 0x66, 0x72, 0x62, 0x1e, 0xc0, 0x50, 
    0x73, 0xa0, 0x02, 0x43, 0x80, 0x05, 0x2f, 0x36, 0xca, 0xe3, 0xd4, 0x79, 0x1d, 
    0x80, 0x02, 0x22, 0x30, 0x05, 0x1f, 0xa0, 0x4c, 0xf8, 0xa4, 0x73, 0xd0, 0xe9, 
    0x18, 0xeb, 0xfb, 0x1f, 0xa4, 0xd8, 0x69, 0x2d, 0x5a, 0xcb, 0x3d, 0x42, 0x9a, 
    0xf8, 0x4a, 0x2c, 0x88, 0x32, 0xb4, 0xb2, 0x65, 0x02, 0x2b, 0x90, 0x04, 0x3d, 
    0x60, 0x01, 0x59, 0x24, 0xc8, 0xc9, 0x8b, 0x54, 0x17, 0x80, 0x05, 0x43, 0x60, 
    0x06, 0x7c, 0x10, 0x08, 0x3f, 0x00, 0x07, 0x10, 0xf0, 0xcc, 0xbb, 0x91, 0x95, 
    0x8f, 0x01, 0xc7, 0xff, 0x01, 0x08, 0x93, 0x61, 0x0b, 0xd8, 0x5c, 0x24, 0x64, 
    0xb0, 0xcd, 0x8f, 0x01, 0xa9, 0x77, 0x72, 0x7d, 0x0f, 0x00, 0x01, 0x23, 0xa0, 
    0x06, 0x5c, 0x20, 0x02, 0x28, 0x30, 0x01, 0x0c, 0xf0, 0x62, 0xe6, 0xec, 0xb7, 
    0xe9, 0xd4, 0x01, 0x4c, 0x60, 0x03, 0x72, 0x50, 0x03, 0x51, 0x10, 0x03, 0x07, 
    0xa0, 0xc4, 0xd7, 0xec, 0x0f, 0xdd, 0xf0, 0x18, 0xfa, 0xac, 0x21, 0x1a, 0x30, 
    0x19, 0xc9, 0xb9, 0xcf, 0x23, 0x72, 0x02, 0x36, 0x9c, 0xcb, 0x38, 0xec, 0x18, 
    0x99, 0x0c, 0x29, 0xd7, 0x17, 0x01, 0x10, 0x00, 0x07, 0x41, 0x50, 0x0b, 0x7c, 
    0x20, 0x04, 0x3d, 0xd0, 0x01, 0xeb, 0xff, 0xd3, 0xd0, 0x96, 0x85, 0x54, 0x1b, 
    0x65, 0x01, 0x43, 0x20, 0x08, 0x2c, 0xc0, 0xcc, 0x14, 0x80, 0x3f, 0xd3, 0x9b, 
    0xd1, 0x91, 0xfc, 0x18, 0xd9, 0x32, 0x22, 0xc4, 0xda, 0x18, 0x23, 0x20, 0xd2, 
    0x11, 0xb2, 0x00, 0x4c, 0x79, 0xc5, 0x32, 0xe7, 0x18, 0x24, 0xa8, 0xd2, 0x06, 
    0xf0, 0x00, 0x40, 0x10, 0x03, 0x61, 0xe0, 0x06, 0x88, 0xf0, 0x07, 0x82, 0x40, 
    0x48, 0xeb, 0x23, 0xca, 0x78, 0x87, 0xce, 0x0c, 0xc0, 0x03, 0xbe, 0x24, 0x02, 
    0x93, 0x14, 0x09, 0x2d, 0xc0, 0x01, 0xcf, 0x9c, 0xd1, 0xfe, 0x60, 0x0f, 0x8f, 
    0x31, 0x64, 0x35, 0xe2, 0x9a, 0x38, 0x17, 0x6d, 0x4a, 0x3d, 0x1e, 0x40, 0x26, 
    0xc1, 0x11, 0xe1, 0x80, 0xb1, 0x72, 0x7d, 0x08, 0xb0, 0x01, 0x6b, 0x30, 0x02, 
    0x7a, 0xb0, 0x03, 0x2b, 0x20, 0x02, 0x66, 0x30, 0x04, 0x85, 0x74, 0x01, 0x09, 
    0x80, 0x48, 0x47, 0x95, 0xd8, 0x8a, 0x8d, 0x54, 0x1a, 0x95, 0xce, 0x13, 0xd0, 
    0x03, 0xbf, 0x44, 0x05, 0xa1, 0x03, 0x03, 0x18, 0x70, 0xd1, 0xac, 0x6c, 0x1c, 
    0x91, 0x30, 0x19, 0x27, 0xda, 0x22, 0xa1, 0xf9, 0x18, 0xb0, 0xf0, 0xa1, 0x73, 
    0x2d, 0x1e, 0xad, 0xc0, 0x7c, 0x02, 0xd7, 0x18, 0xf1, 0x9a, 0xd7, 0x03, 0x50, 
    0x00, 0x11, 0x70, 0x00, 0x18, 0x40, 0x01, 0x4d, 0xb4, 0x02, 0x4b, 0x20, 0x08, 
    0x4a, 0x10, 0x3c, 0x54, 0x74, 0x45, 0x17, 0x70, 0xdb, 0xb8, 0xad, 0x01, 0x55, 
    0x64, 0x01, 0x1d, 0x50, 0x05, 0x6f, 0x90, 0x04, 0x2c, 0x30, 0x07, 0x3b, 0x10, 
    0x04, 0x19, 0xf0, 0x05, 0x68, 0x6d, 0x72, 0x6a, 0x0d, 0x1b, 0xd3, 0xe4, 0x18, 
    0xb4, 0x5b, 0x24, 0x15, 0xf8, 0x18, 0xfc, 0x15, 0xda, 0xd0, 0x81, 0xc7, 0x76, 
    0x7d, 0xd7, 0xfd, 0x60, 0x6a, 0xc6, 0xa2, 0xd7, 0x12, 0xc0, 0x01, 0x31, 0x90, 
    0x01, 0x13, 0xff, 0xb4, 0x02, 0x76, 0x60, 0x03, 0x7e, 0x60, 0x09, 0x4c, 0xd0, 
    0x03, 0x55, 0x30, 0x04, 0x15, 0x90, 0xde, 0x15, 0x30, 0x04, 0x55, 0xa0, 0x04, 
    0x6f, 0x60, 0x09, 0x42, 0x00, 0x4c, 0x53, 0x20, 0x03, 0x7a, 0x30, 0x46, 0x56, 
    0xd3, 0x46, 0x3a, 0x67, 0x1c, 0x93, 0x80, 0x55, 0xe2, 0x59, 0x24, 0x2c, 0xd5, 
    0x18, 0x46, 0x20, 0xdd, 0xcf, 0x71, 0xd4, 0x97, 0xac, 0x24, 0x20, 0xd0, 0xdf, 
    0xbf, 0x22, 0x00, 0x7a, 0x2d, 0x3b, 0x5f, 0x40, 0x01, 0x4e, 0x60, 0x02, 0x3b, 
    0x00, 0x3e, 0x5a, 0xc0, 0x07, 0x2c, 0xb0, 0x04, 0x22, 0x70, 0xe1, 0x22, 0xb0, 
    0x04, 0x2c, 0xc0, 0x07, 0x54, 0x30, 0x07, 0x59, 0x70, 0x03, 0x6a, 0x10, 0x06, 
    0x70, 0xd0, 0x49, 0x57, 0x63, 0x00, 0x29, 0x0c, 0x1d, 0x43, 0xe4, 0x18, 0x64, 
    0x6b, 0x25, 0x21, 0x1a, 0x98, 0xc6, 0x32, 0x09, 0x0e, 0x20, 0x22, 0x4d, 0x32, 
    0xb0, 0x05, 0xae, 0x24, 0x95, 0x70, 0x8a, 0x53, 0xea, 0x37, 0xb2, 0x43, 0x03, 
    0x2d, 0x40, 0x01, 0x51, 0xa0, 0x07, 0x24, 0x60, 0x02, 0x35, 0x20, 0x03, 0x3b, 
    0x50, 0xe4, 0x3b, 0x20, 0x03, 0x6e, 0xf0, 0x01, 0x24, 0xe0, 0x04, 0x61, 0x30, 
    0x02, 0x33, 0x50, 0x02, 0x07, 0xc0, 0x46, 0x26, 0x9e, 0xdc, 0xbc, 0xa1, 0x2b, 
    0x13, 0x89, 0xe0, 0x4d, 0x62, 0x05, 0x8f, 0x90, 0x0d, 0xf1, 0xb7, 0xdf, 0x8d, 
    0xa1, 0x05, 0x3d, 0xf2, 0x03, 0x70, 0x56, 0xdd, 0x13, 0xb1, 0x08, 0x07, 0xb2, 
    0x8c, 0x53, 0x6a, 0x00, 0x0d, 0x10, 0x01, 0x8d, 0x03, 0x01, 0x90, 0x13, 0x03, 
    0x38, 0xd0, 0x02, 0x70, 0x70, 0x02, 0x27, 0x00, 0x07, 0x2d, 0x30, 0x03, 0x31, 
    0x80, 0x01, 0x25, 0xc0, 0x01, 0x1e, 0x70, 0x35, 0x2f, 0xa4, 0xe0, 0xe3, 0x11, 
    0x05, 0x93, 0xf1, 0xca, 0x02, 0x7e, 0x1c, 0x35, 0xda, 0x18, 0x8f, 0xff, 0x1c, 
    0x21, 0x10, 0x10, 0x0a, 0x56, 0xb0, 0xdc, 0x64, 0x3e, 0x11, 0x88, 0x55, 0x93, 
    0x53, 0x9a, 0xda, 0x0d, 0x80, 0x00, 0x11, 0x20, 0x01, 0x0b, 0xf0, 0x63, 0x1e, 
    0xb0, 0xe9, 0x1e, 0xb0, 0x01, 0x1b, 0xb0, 0x00, 0x11, 0x90, 0x42, 0x05, 0x30, 
    0xe5, 0xff, 0xe1, 0x89, 0x8e, 0x01, 0x0c, 0x85, 0x9e, 0x1d, 0xbe, 0x4b, 0x0c, 
    0xcf, 0x01, 0x01, 0x2d, 0x10, 0x05, 0x32, 0x50, 0x0b, 0x48, 0xd0, 0x03, 0xae, 
    0x60, 0x0e, 0xc0, 0x40, 0xc0, 0xa4, 0x0d, 0x12, 0x94, 0xac, 0xe0, 0x93, 0x3e, 
    0x00, 0x06, 0x60, 0x00, 0x2e, 0xe4, 0x42, 0xbf, 0x0e, 0x43, 0xcd, 0x46, 0xe5, 
    0xd9, 0xc1, 0x04, 0x93, 0x91, 0x01, 0xa9, 0x0e, 0x1d, 0x12, 0xda, 0x18, 0x9e, 
    0xe0, 0x04, 0x21, 0xe0, 0x0e, 0x90, 0x20, 0x05, 0x90, 0x50, 0x0e, 0x8d, 0x20, 
    0xb2, 0xd4, 0xa4, 0x12, 0x73, 0xcd, 0xeb, 0xdc, 0x6e, 0xec, 0xed, 0xb1, 0x01, 
    0x00, 0xd7, 0x18, 0x9c, 0xb0, 0xec, 0xd0, 0xf1, 0x6c, 0x8d, 0xb1, 0x08, 0x3c, 
    0x49, 0x77, 0x2d, 0x41, 0xee, 0x3d, 0x92, 0x6d, 0xfd, 0x10, 0x86, 0xec, 0x7e, 
    0x1c, 0x21, 0x43, 0x85, 0x2f, 0x11, 0xef, 0x23, 0xf2, 0xdc, 0x8e, 0xa1, 0x72, 
    0xf6, 0x1e, 0x65, 0xe4, 0xaa, 0xee, 0x32, 0xb1, 0xef, 0x08, 0x22, 0x08, 0x20, 
    0x0d, 0xf0, 0xc6, 0x01, 0x00, 0xd9, 0x9e, 0x13, 0x04, 0xdf, 0x1e, 0x39, 0x10, 
    0xa4, 0x8d, 0x51, 0x0e, 0x09, 0xcf, 0x1b, 0x05, 0x50, 0x9c, 0x35, 0x8e, 0xf0, 
    0x0f, 0x9f, 0x1d, 0xa6, 0xde, 0x18, 0x20, 0xd0, 0x97, 0x15, 0x0f, 0x1b, 0xee, 
    0x4e, 0x14, 0x1b, 0xff, 0x1c, 0x6b, 0x96, 0xef, 0x1f, 0xef, 0x0f, 0x0f, 0xe0, 
    0xc6, 0x1e, 0x3f, 0xf2, 0xbb, 0xa1, 0x4f, 0x8e, 0xa1, 0x0d, 0x28, 0x0f, 0x0a, 
    0x8f, 0xce, 0x12, 0x28, 0x0f, 0x1b, 0x1b, 0xff, 0xb0, 0xc2, 0xea, 0x80, 0xf2, 
    0x02, 0x10, 0xee, 0x26, 0xfd, 0x13, 0x31, 0xef, 0x0f, 0x8e, 0xe4, 0x2d, 0x31, 
    0x8f, 0xec, 0xe8, 0xfb, 0x11, 0x31, 0xff, 0xd1, 0x8f, 0xe1, 0x2b, 0x28, 0x7f, 
    0xaf, 0x9b, 0xf2, 0xf2, 0x25, 0x81, 0xf2, 0xf3, 0xee, 0x18, 0x0b, 0x8a, 0xf2, 
    0x0f, 0xd0, 0x08, 0xf0, 0x11, 0x70, 0x3b, 0x81, 0xf2, 0x2a, 0xe9, 0x18, 0xfc, 
    0xb0, 0xf3, 0x08, 0x00, 0xc3, 0x95, 0x01, 0x5d, 0x38, 0x31, 0xf2, 0x13, 0xf2, 
    0x18, 0xb0, 0xba, 0xf3, 0x6c, 0xad, 0x19, 0x8d, 0x49, 0xf5, 0x36, 0x31, 0xf2, 
    0xd5, 0xea, 0x18, 0xf2, 0xb5, 0xf3, 0x6b, 0xda, 0x18, 0x27, 0x90, 0x04, 0x8e, 
    0xb1, 0x0b, 0x9e, 0x8a, 0xf6, 0x33, 0xf1, 0xf1, 0xf0, 0xe5, 0x18, 0x88, 0xb7, 
    0xf3, 0xb0, 0x31, 0xa6, 0x8e, 0xc1, 0x23, 0x84, 0x90, 0x0b, 0xf8, 0xe7, 0x0f, 
    0xd5, 0x5c, 0x86, 0x30, 0xb1, 0xf1, 0x43, 0xed, 0x18, 0x4c, 0xc0, 0xf7, 0xd7, 
    0x9b, 0xe2, 0xfd, 0x50, 0xf3, 0xc7, 0x71, 0x03, 0x25, 0x69, 0xf7, 0xf5, 0x5e, 
    0xf1, 0x7e, 0xe0, 0x29, 0x8c, 0xbf, 0x1b, 0xc4, 0xd6, 0x18, 0x29, 0xfd, 0x1c, 
    0x35, 0x30, 0x08, 0x5c, 0x1f, 0xf4, 0x0b, 0xb1, 0xf1, 0x7e, 0xdf, 0x18, 0xbe, 
    0xc9, 0xf7, 0x33, 0xc0, 0x87, 0x43, 0x2a, 0x1e, 0x10, 0x10, 0xcd, 0x4a, 0x7f, 
    0x11, 0x1f, 0x5f, 0x05, 0x90, 0x30, 0x0c, 0xc5, 0x91, 0xf9, 0xfe, 0x00, 0xf4, 
    0x8d, 0xe1, 0x05, 0xf6, 0x81, 0x08, 0x39, 0xfb, 0xfa, 0x15, 0x61, 0xfb, 0x7c, 
    0x8f, 0xf4, 0xa7, 0x89, 0x20, 0xe3, 0xe0, 0xfb, 0x14, 0x01, 0xfc, 0x31, 0xaf, 
    0xf2, 0xfd, 0xe0, 0x0d, 0x1a, 0xa2, 0x7f, 0x13, 0x4f, 0x12, 0xc8, 0x8f, 0xf2, 
    0xb2, 0xeb, 0xf4, 0x1a, 0x52, 0xfc, 0x4e, 0xdd, 0x11, 0xd1, 0xff, 0xf1, 0x2e, 
    0xef, 0x18, 0x69, 0xff, 0x20, 0x01, 0x1a, 0x22, 0xad, 0xcf, 0x3f, 0x12, 0xd9, 
    0x5f, 0xf1, 0x3e, 0x30, 0x19, 0x51, 0xaa, 0x21, 0x90, 0x7b, 0xf8, 0xe3, 0x4f, 
    0xf0, 0x05, 0xc0, 0xaa, 0x48, 0xaa, 0x21, 0x15, 0x20, 0xfa, 0x08, 0xb1, 0xfe, 
    0x04, 0x5f, 0x94, 0x8f, 0x31, 0x4a, 0x23, 0x72, 0xb9, 0xe1, 0x2f, 0x12, 0xf4, 
    0xbf, 0xef, 0xf6, 0xef, 0x18, 0x87, 0xd2, 0x22, 0x0b, 0xb0, 0x7b, 0xea, 0xdf, 
    0xff, 0xe4, 0x8e, 0xad, 0x8e, 0x31, 0x0f, 0x45, 0xe2, 0x53, 0xfb, 0x1f, 0x12, 
    0xfd, 0xcf, 0xee, 0xbf, 0x51, 0x5a, 0x45, 0xa2, 0x06, 0xf2, 0x7f, 0x10, 0xfd, 
    0x4f, 0xee, 0x4d, 0xdc, 0x18, 0xe0, 0x80, 0xe5, 0x1a, 0xa2, 0xfc, 0xea, 0xdf, 
    0xff, 0x85, 0x9e, 0x0b, 0x93, 0x21, 0x0d, 0xd6, 0x5b, 0x23, 0x82, 0x2e, 0xff, 
    0x06, 0xd1, 0xff, 0xa9, 0x9e, 0x03, 0x4f, 0xa6, 0xb6, 0x45, 0x62, 0x70, 0xf2, 
    0x6f, 0x10, 0xfd, 0x9f, 0xea, 0x0b, 0x60, 0x68, 0xc2, 0xf0, 0x99, 0x56, 0x12, 
    0xf2, 0x39, 0x9f, 0x12, 0xfd, 0xbf, 0xec, 0x2c, 0xc0, 0x08, 0xc2, 0xb0, 0x09, 
    0x2c, 0xd2, 0x24, 0xdb, 0x7f, 0xfd, 0x1c, 0xd1, 0xff, 0xec, 0xee, 0xfd, 0x5e, 
    0xe2, 0x9d, 0xc6, 0x3f, 0x11, 0xfd, 0x4f, 0xff, 0x25, 0x10, 0x0d, 0xb9, 0xbe, 
    0xf4, 0xfd, 0x9f, 0xfd, 0x3f, 0x10, 0x0e, 0xe4, 0x65, 0xfc, 0xbf, 0xdf, 0xff, 
    0xc8, 0x9f, 0x05, 0x04, 0x7e, 0xfd, 0x42, 0xdf, 0xff, 0xb6, 0x3f, 0x09, 0x96, 
    0x9c, 0xeb, 0x28, 0xd1, 0xff, 0x8c, 0x8f, 0x08, 0xab, 0xc0, 0x64, 0x94, 0xaf, 
    0xfe, 0xfd, 0x1f, 0xf3, 0xdb, 0xe9, 0xf5, 0x77, 0xdf, 0xff, 0x3b, 0x8f, 0xeb, 
    0xc6, 0xcf, 0x11, 0xfd, 0xbf, 0xf1, 0x4d, 0xb0, 0x0a, 0x8f, 0xe0, 0x0c, 0x0f, 
    0x50, 0x7f, 0xf2, 0x3f, 0x11, 0xfd, 0x4f, 0xf0, 0x39, 0x30, 0x09, 0x97, 0xff, 
    0x90, 0xbd, 0xb1, 0xa0, 0x30, 0xfb, 0x5f, 0xf9, 0xfd, 0x1f, 0xef, 0xef, 0x45, 
    0x5e, 0x86, 0xef, 0x13, 0xfd, 0x6f, 0xef, 0x15, 0xd0, 0xd4, 0x86, 0xef, 0x13, 
    0xfd, 0xcf, 0xee, 0x37, 0x60, 0xc9, 0x94, 0x0f, 0x14, 0xfd, 0x4f, 0xee, 0xee, 
    0x1a, 0x67, 0x47, 0xd1, 0xff, 0xcb, 0xee, 0xe8, 0xc6, 0xef, 0x12, 0xfd, 0x5f, 
    0xe8, 0x4d, 0x70, 0x9e, 0xf2, 0x0f, 0xfd, 0xfd, 0x1f, 0xda, 0x5f, 0x90, 0xf7, 
    0xc6, 0xff, 0xef, 0xfd, 0xaf, 0xd4, 0x31, 0xe0, 0x0a, 0xce, 0x9a, 0xeb, 0x27, 
    0xdf, 0xff, 0xfb, 0xac, 0x02, 0x8e, 0x6f, 0xfc, 0x34, 0xd1, 0xff, 0x22, 0x9d, 
    0xa2, 0x86, 0xcf, 0x14, 0xfd, 0x8f, 0xcd, 0x9c, 0xb0, 0x35, 0x86, 0xef, 0x14, 
    0xfd, 0x4f, 0xc9, 0x13, 0xc0, 0xa1, 0xc6, 0x4f, 0xf1, 0xfd, 0x7f, 0x95, 0x14, 
    0x50, 0xf6, 0xb9, 0xce, 0x14, 0xfd, 0x7f, 0x95, 0x12, 0xf0, 0x01, 0x6e, 0x2c, 
    0xff, 0xea, 0xdf, 0xff, 0xee, 0xd8, 0x03, 0x38, 0x2f, 0xff, 0xff, 0xde, 0xff, 
    0xee, 0x18, 0xb1, 0x86, 0x7f, 0x15, 0xfd, 0x0f, 0x91, 0x57, 0x2f, 0xff, 0x69, 
    0xdf, 0xff, 0xcb, 0x18, 0xc1, 0xf2, 0xff, 0xf5, 0xfd, 0xbf, 0x8c, 0x96, 0x9c, 
    0xf3, 0x5b, 0xd1, 0xff, 0xcb, 0x28, 0xf0, 0xf2, 0x4f, 0xf1, 0xfd, 0x5f, 0x88, 
    0x9c, 0x79, 0xfd, 0x4f, 0xd1, 0xff, 0xa7, 0x18, 0xf6, 0xd7, 0xff, 0x14, 0xfd, 
    0x5f, 0x88, 0x0f, 0xe0, 0xac, 0xd7, 0x0f, 0x15, 0xfd, 0x5f, 0x88, 0xe0, 0xbf, 
    0xff, 0x55, 0xd1, 0xff, 0x62, 0x58, 0xfa, 0xfb, 0x6f, 0x15, 0xfd, 0x2f, 0x86, 
    0x0f, 0x23, 0xff, 0x3c, 0xd1, 0xff, 0x18, 0x08, 0x8c, 0xd7, 0x2f, 0x15, 0xfd, 
    0x1f, 0xa0, 0xc6, 0xaf, 0x14, 0xfd, 0x1f, 0x7f, 0xcc, 0x60, 0xfc, 0x4a, 0xd1, 
    0xff, 0xc6, 0xb2, 0x9d, 0xf2, 0xaf, 0xf3, 0xfd, 0x2e, 0x8f, 0x2b, 0x11, 0x90, 
    0xeb, 0x5c, 0xd1, 0xff, 0xbf, 0xb2, 0x2a, 0xd7, 0x5f, 0x15, 0xfd, 0x8f, 0x2b, 
    0x8a, 0x22, 0xff, 0x41, 0xd1, 0xff, 0xb8, 0x02, 0x0b, 0xc6, 0xdf, 0x14, 0xfd, 
    0x1f, 0x2b, 0x54, 0x79, 0xfd, 0x57, 0xd1, 0xff, 0xa9, 0x32, 0x03, 0xb8, 0xcc, 
    0x16, 0x01, 0x01, 0x00, 0x21, 0xf9, 0x04, 0x09, 0x08, 0x00, 0xff, 0x00, 0x2c, 
    0x00, 0x00, 0x00, 0x00, 0xf0, 0x00, 0xf0, 0x00, 0x00, 0x08, 0xff, 0x00, 0xff, 
    0x09, 0x1c, 0x48, 0xb0, 0xa0, 0xc1, 0x83, 0x08, 0x13, 0x2a, 0x5c, 0xc8, 0xb0, 
    0xa1, 0xc3, 0x87, 0x10, 0x23, 0x4a, 0x9c, 0x48, 0xb1, 0xa2, 0xc5, 0x8b, 0x18, 
    0x33, 0x6a, 0xdc, 0xc8, 0xb1, 0xa3, 0xc7, 0x8f, 0x20, 0x43, 0x8a, 0x1c, 0x49, 
    0xb2, 0xa4, 0xc9, 0x93, 0x28, 0x53, 0xaa, 0x5c, 0xc9, 0xb2, 0xa5, 0xcb, 0x97, 
    0x30, 0x63, 0xca, 0x9c, 0x49, 0xb3, 0xa6, 0xcd, 0x9b, 0x38, 0x73, 0xea, 0xdc, 
    0xc9, 0xb3, 0xa7, 0xcf, 0x9f, 0x40, 0x83, 0x0a, 0x1d, 0x4a, 0xb4, 0xa8, 0xd1, 
    0xa3, 0x48, 0x93, 0x2a, 0x5d, 0xca, 0xb4, 0xa9, 0xd3, 0xa7, 0x50, 0xa3, 0x4a, 
    0x9d, 0x4a, 0xb5, 0xaa, 0xd5, 0xab, 0x58, 0xb3, 0x6a, 0xdd, 0xca, 0xb5, 0xab, 
    0xd7, 0xaf, 0x60, 0xc3, 0x8a, 0x1d, 0x4b, 0xb6, 0xac, 0xd9, 0xb3, 0x68, 0xd3, 
    0xaa, 0x5d, 0xcb, 0xb6, 0xad, 0xdb, 0xb7, 0x70, 0xe3, 0xca, 0x9d, 0x4b, 0xb7, 
    0xae, 0xdd, 0xbb, 0x78, 0xf3, 0xea, 0xdd, 0xcb, 0xb7, 0xaf, 0xdf, 0xbf, 0x80, 
    0x03, 0x0b, 0x1e, 0x4c, 0xb8, 0xb0, 0xe1, 0xc3, 0x88, 0x13, 0x2b, 0x5e, 0xcc, 
    0xb8, 0xb1, 0xe3, 0xc7, 0x90, 0x23, 0x4b, 0x9e, 0x4c, 0xb9, 0xb2, 0xe5, 0xcb, 
    0x98, 0x33, 0x6b, 0xde, 0xcc, 0xb9, 0xf3, 0xe5, 0x7e, 0xa0, 0x43, 0x83, 0xf6, 
    0x8c, 0x54, 0xb4, 0xe9, 0xd0, 0xa4, 0x89, 0x9e, 0x5e, 0x3d, 0x3a, 0xf5, 0x4f, 
    0xd6, 0xb0, 0x5d, 0xf7, 0x3c, 0x2d, 0xa6, 0x82, 0x09, 0x33, 0xe1, 0x4a, 0xb1, 
    0x96, 0x9d, 0xf3, 0x74, 0x26, 0x38, 0xfe, 0x82, 0xfb, 0x6b, 0x80, 0x82, 0xd9, 
    0x6a, 0xde, 0x36, 0x4f, 0x5b, 0x10, 0xce, 0x3c, 0x78, 0x16, 0x23, 0xa6, 0x91, 
    0xd3, 0x3c, 0xcd, 0xa5, 0xb9, 0x75, 0x13, 0xe5, 0xa2, 0x4b, 0x7f, 0xb9, 0x5a, 
    0x83, 0xf5, 0xef, 0x10, 0x9e, 0x68, 0xff, 0xdf, 0x9e, 0x12, 0x76, 0xa1, 0xef, 
    0xe8, 0xe5, 0x8c, 0x27, 0x5f, 0x12, 0x76, 0x3f, 0x47, 0xe8, 0xe3, 0x77, 0x13, 
    0xcd, 0xbe, 0x3d, 0xec, 0x72, 0x71, 0xe2, 0xc7, 0xaf, 0xb1, 0xbe, 0xbe, 0x47, 
    0xd8, 0xfb, 0x2c, 0xa1, 0xdf, 0x80, 0xc2, 0xd0, 0xe7, 0xdf, 0x47, 0xab, 0x79, 
    0x43, 0x87, 0x16, 0x03, 0x36, 0x48, 0x49, 0x7f, 0x07, 0x62, 0x74, 0x9a, 0x2f, 
    0x82, 0x34, 0x68, 0xa1, 0x3f, 0x03, 0x10, 0x61, 0x60, 0x84, 0x19, 0x99, 0x46, 
    0x04, 0x34, 0x17, 0x86, 0x18, 0xcd, 0x86, 0x1c, 0x5a, 0x64, 0x5a, 0x1a, 0x27, 
    0x84, 0x18, 0xe2, 0x08, 0x10, 0x96, 0x18, 0x91, 0x69, 0x28, 0xa8, 0xa8, 0xa2, 
    0x3d, 0x2d, 0xba, 0xd8, 0x90, 0x69, 0xe7, 0xc9, 0x18, 0x62, 0x06, 0x35, 0xda, 
    0xa8, 0x90, 0x69, 0x8d, 0xe8, 0x28, 0x63, 0x26, 0x24, 0xfa, 0x78, 0xa3, 0x68, 
    0x3d, 0x08, 0xa9, 0xa2, 0x09, 0x3d, 0x1a, 0x59, 0x90, 0x69, 0xba, 0x28, 0x29, 
    0xa3, 0x24, 0x45, 0x3a, 0x89, 0x90, 0x69, 0x1e, 0x48, 0xa9, 0x62, 0x20, 0x4d, 
    0x5a, 0x69, 0xda, 0x2f, 0x5a, 0xca, 0x08, 0x4e, 0x95, 0x56, 0x12, 0x24, 0xda, 
    0x21, 0x61, 0xca, 0x78, 0x07, 0x99, 0x65, 0xfe, 0x63, 0xda, 0x11, 0x69, 0xaa, 
    0x08, 0x0b, 0x9b, 0x5e, 0x8a, 0x66, 0x4d, 0x9c, 0x2a, 0x4a, 0x41, 0xa7, 0x91, 
    0xa7, 0x91, 0x80, 0x67, 0x88, 0xd4, 0xec, 0xe9, 0xa3, 0x69, 0xde, 0xfd, 0x79, 
    0xe1, 0x25, 0x82, 0xba, 0x68, 0x9a, 0x2f, 0x86, 0x86, 0x58, 0x41, 0xa2, 0x1c, 
    0x9a, 0x56, 0xc7, 0x06, 0x8d, 0x5e, 0xc8, 0x1f, 0x6a, 0x6d, 0x0a, 0x64, 0x5a, 
    0x0d, 0x95, 0x5e, 0x18, 0x45, 0x97, 0x11, 0x9a, 0x86, 0x49, 0xa7, 0x17, 0x1e, 
    0xb0, 0x07, 0xa4, 0xfe, 0x89, 0x26, 0x09, 0xa9, 0x21, 0xb6, 0x82, 0x2a, 0x7b, 
    0xa6, 0x6d, 0xff, 0xc1, 0xea, 0x85, 0xc1, 0xbc, 0x4a, 0x9e, 0x68, 0xa6, 0xcc, 
    0x7a, 0x61, 0x12, 0xa0, 0xd6, 0x27, 0x5a, 0x22, 0xba, 0x5a, 0xb8, 0x00, 0x08, 
    0xb6, 0x4a, 0x27, 0x9a, 0x0a, 0xc1, 0x5a, 0x48, 0x24, 0xa6, 0x4e, 0x8a, 0x26, 
    0x4b, 0xb2, 0x0d, 0x52, 0xd1, 0xeb, 0xad, 0xa2, 0x99, 0x01, 0xed, 0x80, 0x90, 
    0x14, 0xcb, 0xdb, 0x69, 0x30, 0x5c, 0x1b, 0xdf, 0x01, 0xe8, 0x30, 0xcb, 0xa7, 
    0x68, 0xdf, 0x78, 0x1b, 0x5f, 0x03, 0xd7, 0x18, 0x93, 0xa9, 0x68, 0xd5, 0x98, 
    0xab, 0xdf, 0x16, 0xaf, 0x9c, 0x66, 0xa3, 0x68, 0xe8, 0xb8, 0xdb, 0x9c, 0x00, 
    0x56, 0x60, 0xd3, 0x86, 0x7b, 0x25, 0x9a, 0xe6, 0x82, 0xbd, 0xc2, 0x5d, 0xe1, 
    0xde, 0xc0, 0xd4, 0x86, 0x16, 0x05, 0xc0, 0xfe, 0xa4, 0x30, 0xf0, 0xc2, 0xc6, 
    0x8a, 0xc6, 0x0e, 0xc2, 0xf1, 0x9a, 0xc6, 0x4f, 0x3d, 0xe6, 0xac, 0xb9, 0x70, 
    0x6b, 0xb2, 0x99, 0x66, 0x4f, 0x0b, 0xf6, 0x7a, 0x40, 0x4f, 0x33, 0xa2, 0x9c, 
    0xc2, 0x83, 0x1a, 0x03, 0x08, 0x57, 0x88, 0x34, 0x17, 0x63, 0x9c, 0x1a, 0x90, 
    0x2c, 0x58, 0x28, 0x40, 0x16, 0x2e, 0xec, 0xb2, 0x8b, 0x80, 0xb3, 0x1e, 0x30, 
    0xc4, 0x35, 0xa7, 0xe4, 0x12, 0x47, 0x00, 0xb4, 0xc4, 0xe6, 0xda, 0x6a, 0x1d, 
    0xc4, 0xf7, 0x85, 0x26, 0xef, 0xb0, 0x63, 0xda, 0x0f, 0xee, 0x46, 0xa1, 0x0d, 
    0x23, 0xbb, 0xad, 0x6c, 0x9a, 0x11, 0xc2, 0x15, 0x60, 0xc2, 0x1f, 0x54, 0x7c, 
    0x50, 0x86, 0x86, 0xab, 0x5d, 0x83, 0xf0, 0x05, 0x86, 0x1c, 0xe7, 0x74, 0x68, 
    0xb7, 0x98, 0x60, 0x09, 0x1d, 0xb1, 0xa4, 0x8c, 0x04, 0xc2, 0xfe, 0x00, 0x21, 
    0x8f, 0xd7, 0x93, 0x89, 0x6b, 0x50, 0x68, 0xe2, 0xa5, 0xdc, 0x0f, 0x2c, 0x17, 
    0xa0, 0x2d, 0x5c, 0x10, 0x73, 0x4e, 0xfb, 0x97, 0xdc, 0xcc, 0xca, 0xff, 0x2d, 
    0x85, 0x2d, 0x9a, 0x98, 0x60, 0xb7, 0x75, 0x95, 0xe8, 0xbd, 0x17, 0xdf, 0x88, 
    0xdb, 0xb9, 0xc3, 0xe0, 0xfa, 0xf5, 0x01, 0x1a, 0x08, 0x8a, 0x25, 0x3e, 0x70, 
    0x0a, 0x62, 0xc0, 0x22, 0x0e, 0x39, 0x83, 0xe4, 0x43, 0x8a, 0x15, 0x8c, 0x37, 
    0x28, 0x43, 0x2a, 0x82, 0x1f, 0x26, 0xf9, 0xc2, 0x3a, 0xc4, 0xd0, 0x79, 0x98, 
    0x03, 0x69, 0xcb, 0xd6, 0x6a, 0x60, 0xdc, 0xe1, 0x48, 0x36, 0xe3, 0x90, 0xc3, 
    0x84, 0x0f, 0x4d, 0xc8, 0x61, 0xc1, 0x2a, 0xd5, 0x88, 0x22, 0xca, 0x33, 0xde, 
    0x20, 0xb3, 0x1a, 0x08, 0x39, 0x9e, 0x2e, 0x65, 0x18, 0x4d, 0xe3, 0x75, 0xda, 
    0x22, 0x56, 0x40, 0xa0, 0x62, 0x0b, 0x36, 0x24, 0xf2, 0xc8, 0x69, 0x63, 0x84, 
    0x21, 0xbc, 0x92, 0x9f, 0x16, 0x5f, 0xd7, 0x84, 0xd2, 0x4b, 0x69, 0xc3, 0x18, 
    0xa6, 0xdd, 0x92, 0xc1, 0xf4, 0x3a, 0x22, 0x20, 0x8a, 0xcf, 0x74, 0x9d, 0xc6, 
    0x09, 0x9e, 0xc3, 0xe0, 0x08, 0xbe, 0x90, 0x80, 0xd4, 0xa3, 0x0c, 0xdb, 0x71, 
    0x9d, 0x36, 0xca, 0x9f, 0x10, 0x1c, 0x22, 0xda, 0x10, 0xeb, 0x4b, 0xf9, 0xc1, 
    0x37, 0x86, 0x9b, 0x08, 0xbf, 0x50, 0xa6, 0xe1, 0x43, 0xa5, 0x08, 0x80, 0x87, 
    0x3c, 0xc4, 0x23, 0x7f, 0x61, 0x32, 0x47, 0xff, 0x20, 0x92, 0xb2, 0xa1, 0x98, 
    0xe6, 0x12, 0xac, 0x32, 0x00, 0x02, 0xc3, 0x84, 0x00, 0x30, 0x2c, 0xf0, 0x48, 
    0x0d, 0x04, 0x8a, 0x69, 0x80, 0x91, 0xac, 0x37, 0xac, 0x60, 0x82, 0x42, 0xe2, 
    0x95, 0xbc, 0x34, 0x22, 0x39, 0x0d, 0x8a, 0x26, 0x12, 0xba, 0x6a, 0x80, 0x2d, 
    0x40, 0x83, 0x0b, 0x10, 0xea, 0xa8, 0x67, 0xff, 0x93, 0x08, 0x6c, 0x8a, 0xe0, 
    0x8e, 0x76, 0xe0, 0x83, 0x00, 0x04, 0x58, 0x96, 0xea, 0x56, 0x62, 0x1a, 0x71, 
    0x04, 0xcb, 0x15, 0xa2, 0xb9, 0x81, 0x0b, 0xff, 0x65, 0x54, 0xb8, 0x18, 0x3a, 
    0x04, 0x36, 0xaf, 0x10, 0x41, 0x96, 0x9a, 0x73, 0x84, 0x3a, 0x5c, 0x50, 0x25, 
    0xa2, 0x69, 0x83, 0xf2, 0x74, 0xe5, 0x0c, 0xd1, 0x1c, 0x63, 0x88, 0x32, 0x1a, 
    0x85, 0x9e, 0x46, 0xf8, 0x10, 0xd8, 0x50, 0x43, 0x0d, 0xfa, 0x61, 0xd2, 0x13, 
    0x4f, 0x62, 0x9a, 0xb3, 0x05, 0x2b, 0x0b, 0x51, 0x2c, 0x40, 0x9c, 0xb2, 0x81, 
    0x87, 0x5c, 0x9c, 0x4e, 0x09, 0x78, 0xe0, 0xe2, 0x41, 0x2e, 0xd6, 0x86, 0x37, 
    0x58, 0x48, 0x84, 0x6e, 0xab, 0x89, 0x69, 0x5a, 0x71, 0xad, 0xf9, 0x84, 0x06, 
    0x0a, 0x69, 0x3a, 0x43, 0x68, 0xda, 0xd5, 0x39, 0x03, 0x44, 0xac, 0x4a, 0x29, 
    0x63, 0x83, 0x3e, 0x70, 0x10, 0xa2, 0x5f, 0x8c, 0x91, 0x24, 0xa6, 0xf9, 0x1e, 
    0xb4, 0x84, 0x20, 0x1a, 0x4e, 0x85, 0x49, 0x1d, 0xa2, 0xa1, 0x85, 0xf0, 0x70, 
    0x31, 0x42, 0xb9, 0xf9, 0xa2, 0x07, 0x08, 0xd0, 0x91, 0xef, 0xf2, 0x28, 0x13, 
    0xd3, 0x50, 0xc2, 0x5b, 0x28, 0x10, 0xcd, 0x14, 0xd2, 0x04, 0x44, 0xd1, 0x54, 
    0x40, 0x78, 0x7e, 0x44, 0x9c, 0x21, 0x8a, 0x81, 0x2c, 0x25, 0xad, 0xe2, 0x91, 
    0x21, 0x11, 0x8d, 0x27, 0xcc, 0xc5, 0x02, 0xd1, 0x08, 0x21, 0x4d, 0x05, 0x08, 
    0x57, 0x68, 0xd0, 0x30, 0xbd, 0x53, 0xc8, 0xad, 0x14, 0xce, 0xb0, 0x41, 0x03, 
    0xc2, 0x74, 0x02, 0x62, 0x91, 0x92, 0x3b, 0xa2, 0xe9, 0x86, 0xb9, 0x6a, 0x21, 
    0x1a, 0x32, 0xc4, 0x09, 0x02, 0xeb, 0x00, 0x8d, 0x28, 0x38, 0x00, 0x3e, 0xac, 
    0x9d, 0x86, 0x08, 0xbe, 0xb8, 0x84, 0x19, 0x4c, 0x10, 0x86, 0x65, 0xc6, 0xa9, 
    0x00, 0x9e, 0xd8, 0xa1, 0x48, 0x4c, 0xd3, 0x2d, 0x6f, 0x41, 0x41, 0x34, 0x95, 
    0xf8, 0x53, 0x16, 0x5a, 0x66, 0xa1, 0x0a, 0xc0, 0xa2, 0x19, 0x84, 0x80, 0xd6, 
    0x1b, 0x4e, 0x73, 0xff, 0x08, 0x42, 0x7c, 0x81, 0x54, 0x10, 0xd0, 0x81, 0x3a, 
    0x73, 0x19, 0x1a, 0x6c, 0xb8, 0xeb, 0x04, 0xa2, 0xc9, 0x86, 0xbb, 0x82, 0x60, 
    0xa7, 0x24, 0x05, 0x8b, 0x7b, 0xa1, 0x39, 0x83, 0xae, 0x7e, 0x80, 0x4b, 0x04, 
    0x85, 0xa6, 0x50, 0xde, 0xfa, 0x80, 0x68, 0xce, 0x67, 0x2e, 0x4d, 0x9c, 0x46, 
    0x12, 0xdc, 0x9c, 0x55, 0x28, 0x44, 0xe3, 0xc6, 0x59, 0xa9, 0xa0, 0xa2, 0x1d, 
    0x11, 0x4d, 0x1a, 0x4a, 0xe0, 0xae, 0x5a, 0x85, 0xa6, 0x3a, 0xbc, 0x5c, 0x0d, 
    0x3e, 0x74, 0x65, 0x00, 0x45, 0x88, 0xe6, 0x9f, 0xac, 0x6a, 0xa5, 0xca, 0x4a, 
    0x19, 0x1a, 0x48, 0xb8, 0x8b, 0x10, 0xa2, 0x51, 0x84, 0x00, 0xdc, 0x35, 0x00, 
    0x57, 0x99, 0xc6, 0x1d, 0xc1, 0x32, 0xc6, 0x4d, 0x67, 0x45, 0x8f, 0x81, 0x82, 
    0x44, 0x34, 0x57, 0x30, 0x97, 0x19, 0x4c, 0x93, 0x09, 0x80, 0xed, 0xe2, 0x34, 
    0x0e, 0x08, 0x96, 0x07, 0x20, 0x3a, 0x08, 0x5d, 0xc5, 0xf1, 0x99, 0x2d, 0x31, 
    0x8d, 0x1d, 0xbc, 0x85, 0x28, 0xd1, 0x20, 0x63, 0x06, 0xf6, 0x52, 0xc3, 0x69, 
    0x66, 0xaa, 0xcf, 0x0f, 0xce, 0x8a, 0x03, 0xde, 0xec, 0x87, 0x1e, 0x43, 0x03, 
    0x8f, 0x59, 0xd1, 0xc0, 0x09, 0x32, 0x98, 0xc3, 0x04, 0x0a, 0xf1, 0x55, 0xd1, 
    0xc8, 0x01, 0x60, 0x34, 0x0a, 0xcd, 0x36, 0x00, 0x89, 0xc5, 0x0b, 0xe1, 0x00, 
    0x3a, 0x60, 0x65, 0x89, 0x68, 0xba, 0x1a, 0xa7, 0x05, 0xc0, 0xa0, 0x09, 0x66, 
    0x20, 0x84, 0x31, 0xd2, 0x21, 0x05, 0x9b, 0xba, 0xa7, 0x42, 0x71, 0xea, 0xc2, 
    0x23, 0xe4, 0x91, 0x8a, 0x04, 0xf4, 0x40, 0x06, 0x68, 0x8d, 0xcf, 0x0b, 0xcc, 
    0x5a, 0x58, 0x15, 0x7d, 0x61, 0x11, 0x4e, 0xfd, 0x4f, 0x68, 0x84, 0x18, 0x26, 
    0x34, 0xb4, 0xc2, 0x89, 0x7c, 0x7b, 0xc2, 0x1f, 0xf0, 0x54, 0x85, 0xd5, 0xff, 
    0x2c, 0x02, 0x1d, 0xf6, 0x48, 0xc7, 0x2c, 0xd0, 0xa0, 0x04, 0x2e, 0xfc, 0x00, 
    0x02, 0x18, 0x30, 0x4d, 0x17, 0x4a, 0x1b, 0x22, 0x1c, 0x28, 0x2c, 0xb1, 0x50, 
    0x0c, 0x4d, 0x11, 0xd2, 0x14, 0x0e, 0xc9, 0x6d, 0x82, 0xb0, 0x71, 0xd2, 0xe1, 
    0xc5, 0x1a, 0x51, 0x04, 0xd1, 0x30, 0x8a, 0xb8, 0x17, 0xda, 0x02, 0x4a, 0x37, 
    0x22, 0x9a, 0x67, 0xa4, 0x49, 0x0c, 0x72, 0x43, 0x06, 0x3b, 0x48, 0x81, 0x51, 
    0x3c, 0x31, 0x60, 0x74, 0xfd, 0x20, 0x82, 0x13, 0xb0, 0x7b, 0x21, 0x25, 0xa4, 
    0x36, 0xa5, 0x82, 0x4d, 0x13, 0x39, 0x60, 0x63, 0x08, 0x5d, 0xa8, 0x02, 0x14, 
    0x13, 0xe0, 0x02, 0x23, 0x49, 0x65, 0x85, 0xae, 0x25, 0xee, 0x0e, 0xec, 0xbd, 
    0xd0, 0x31, 0xde, 0xcb, 0x11, 0xd1, 0xcc, 0x2f, 0x4d, 0x2e, 0x58, 0xc6, 0x23, 
    0xe6, 0x91, 0x8b, 0x17, 0x58, 0x20, 0x14, 0x4e, 0x08, 0xe5, 0xb5, 0x22, 0x60, 
    0x87, 0x0a, 0x60, 0x01, 0x13, 0xb9, 0xd8, 0xc5, 0x33, 0x92, 0x91, 0x87, 0xea, 
    0xb2, 0x66, 0x0f, 0x59, 0xb0, 0x5b, 0x18, 0x58, 0x6b, 0x28, 0x1a, 0x38, 0x73, 
    0xa7, 0xd0, 0x0c, 0x4d, 0x10, 0x02, 0x2c, 0xa3, 0x0d, 0x84, 0x61, 0x0e, 0x04, 
    0x28, 0xc4, 0x26, 0x4c, 0xb3, 0x87, 0x35, 0x84, 0x68, 0x03, 0x92, 0xc4, 0xd3, 
    0x54, 0xfb, 0x81, 0x0e, 0x1f, 0x18, 0x6a, 0xc7, 0xc8, 0x2d, 0x4f, 0x68, 0x90, 
    0xca, 0x62, 0x2d, 0x99, 0x20, 0x0d, 0xd6, 0xbd, 0x10, 0x2e, 0x0a, 0x64, 0x0a, 
    0x73, 0x84, 0x22, 0x4d, 0x03, 0x80, 0x6d, 0x3f, 0x1a, 0x21, 0xe1, 0x38, 0x01, 
    0x35, 0xc8, 0x42, 0x06, 0x0d, 0x88, 0x8a, 0xac, 0xa5, 0x25, 0x98, 0xa6, 0x17, 
    0x0d, 0xd2, 0xa8, 0x69, 0xdc, 0x2a, 0xa5, 0x01, 0xec, 0x2b, 0x34, 0x8c, 0x8d, 
    0x93, 0x2a, 0x08, 0xcc, 0xdd, 0xd0, 0x04, 0x8f, 0xff, 0xcb, 0x4a, 0x5a, 0xb3, 
    0x68, 0xb2, 0xaa, 0x9f, 0x29, 0x9c, 0x06, 0xcc, 0x61, 0x22, 0xc0, 0x99, 0xfe, 
    0x64, 0x3f, 0x2c, 0xa3, 0x44, 0x34, 0x82, 0x83, 0xb3, 0x96, 0xdc, 0xf1, 0x26, 
    0xfd, 0x14, 0x40, 0x17, 0xa6, 0x09, 0x5a, 0x9a, 0xb2, 0x05, 0x1a, 0x36, 0xe0, 
    0x09, 0xa1, 0x6c, 0xe6, 0x48, 0x30, 0xe8, 0x29, 0x68, 0x29, 0x01, 0x01, 0x15, 
    0xa2, 0x89, 0xc5, 0x03, 0x06, 0x84, 0x06, 0x5a, 0x1c, 0x82, 0x11, 0xb3, 0xc0, 
    0xd3, 0x16, 0xfb, 0x41, 0x0c, 0x3c, 0x35, 0xd7, 0xcf, 0x26, 0x01, 0x0d, 0x18, 
    0x2a, 0x8d, 0x27, 0x1a, 0x98, 0x66, 0x1d, 0xe6, 0x3a, 0x6c, 0x68, 0xa2, 0x94, 
    0x26, 0x86, 0x46, 0xfa, 0x22, 0x24, 0x65, 0x75, 0x9c, 0x2e, 0x60, 0x1a, 0x11, 
    0x78, 0x6b, 0x05, 0xa2, 0x79, 0x41, 0x9c, 0x10, 0x7d, 0xeb, 0x8a, 0x98, 0x46, 
    0x1a, 0xba, 0x8e, 0x53, 0x2e, 0x4c, 0xe3, 0x86, 0x6b, 0xed, 0x33, 0x34, 0x81, 
    0x48, 0x13, 0x8f, 0x8a, 0x4d, 0x91, 0xd3, 0x7c, 0x22, 0xd9, 0x69, 0x6a, 0xc0, 
    0xa9, 0x42, 0x63, 0x08, 0x09, 0x26, 0x4b, 0x04, 0xa2, 0xf1, 0x43, 0x9a, 0xae, 
    0xb1, 0x5d, 0x5c, 0x9b, 0x86, 0x0e, 0xd8, 0x8e, 0x13, 0x97, 0x44, 0x33, 0x0c, 
    0x68, 0x89, 0x19, 0x34, 0xf3, 0x08, 0x53, 0x04, 0x50, 0x8b, 0xea, 0x91, 0x98, 
    0xe6, 0x8a, 0xe9, 0x8e, 0x13, 0x20, 0x4c, 0x33, 0x8d, 0x64, 0x49, 0xa0, 0x11, 
    0xa1, 0x51, 0xc4, 0x01, 0xb4, 0x34, 0x8a, 0x72, 0xfb, 0x2f, 0x34, 0xea, 0xc8, 
    0xf7, 0x9f, 0xaa, 0x28, 0x1a, 0xe8, 0xce, 0x6a, 0x1b, 0xa2, 0xe1, 0x81, 0x96, 
    0x74, 0x53, 0xef, 0x75, 0x8a, 0x66, 0x89, 0x0a, 0x8f, 0xd3, 0x8c, 0x43, 0x93, 
    0x84, 0x6f, 0x8b, 0x86, 0x1b, 0x52, 0x72, 0x82, 0xc1, 0x8d, 0x0d, 0xcf, 0x8c, 
    0xff, 0x69, 0x00, 0xdb, 0xff, 0xee, 0x07, 0x0d, 0x92, 0xe5, 0x03, 0xd1, 0x40, 
    0x50, 0x49, 0x5e, 0xa0, 0xf6, 0x44, 0x44, 0xa3, 0x83, 0x90, 0x9a, 0x3c, 0x4e, 
    0x24, 0xd8, 0x85, 0x3d, 0x6a, 0xa9, 0x22, 0x03, 0xcc, 0x20, 0x08, 0x3e, 0x08, 
    0x85, 0x12, 0x14, 0x30, 0x8a, 0x44, 0x70, 0x22, 0x15, 0x00, 0xe8, 0x80, 0x08, 
    0x7c, 0xe0, 0x04, 0x9c, 0xfa, 0x03, 0x09, 0x1b, 0x95, 0x52, 0x33, 0x64, 0x2e, 
    0xc3, 0x97, 0xde, 0x1c, 0x61, 0x40, 0x10, 0xc1, 0x2a, 0x98, 0x51, 0x8a, 0x51, 
    0x2e, 0xec, 0x09, 0xca, 0x60, 0x46, 0x1c, 0x58, 0x21, 0x9a, 0x39, 0x28, 0xc9, 
    0x12, 0x23, 0x27, 0x79, 0x3f, 0x58, 0x71, 0x75, 0x77, 0x6d, 0x81, 0x07, 0xf9, 
    0xe8, 0x04, 0x7a, 0x57, 0xf3, 0x64, 0x21, 0x51, 0xa9, 0xe2, 0x16, 0xc7, 0x43, 
    0xdb, 0xaf, 0x45, 0x03, 0x2f, 0x8c, 0x7a, 0xee, 0xab, 0x79, 0x02, 0x2d, 0x14, 
    0x1d, 0xa2, 0x2f, 0xa4, 0x9d, 0xe4, 0xed, 0xdc, 0xfb, 0xac, 0x82, 0xe0, 0x00, 
    0x80, 0xf3, 0x2d, 0x05, 0x27, 0x96, 0x1b, 0x1e, 0xfa, 0x90, 0xf8, 0x01, 0x35, 
    0x81, 0xea, 0x33, 0xcf, 0xa7, 0xe2, 0x59, 0x45, 0x02, 0x59, 0x2c, 0x4c, 0x0a, 
    0xe7, 0x30, 0x06, 0x2e, 0xde, 0x80, 0x08, 0x3d, 0x64, 0x60, 0x04, 0x23, 0x80, 
    0xc2, 0x16, 0x64, 0x90, 0x04, 0x32, 0xe8, 0x63, 0x17, 0xc9, 0x38, 0x2e, 0x6c, 
    0x40, 0xe0, 0x0c, 0x9b, 0xc7, 0xa7, 0x18, 0x98, 0x97, 0x08, 0x29, 0x36, 0x4f, 
    0x2a, 0x1c, 0x8c, 0x96, 0x35, 0x20, 0x68, 0xc6, 0x15, 0x26, 0x70, 0x30, 0x19, 
    0x9d, 0xc0, 0x0e, 0x2f, 0x58, 0x87, 0xd1, 0x58, 0xe3, 0x89, 0x18, 0x7d, 0x67, 
    0x01, 0x2b, 0xf0, 0xc5, 0xe1, 0x2b, 0x32, 0x54, 0xde, 0x37, 0x4a, 0x13, 0x71, 
    0x3b, 0xcd, 0x33, 0xe2, 0x41, 0x81, 0x3f, 0x7d, 0x00, 0x1a, 0x98, 0x5e, 0xcd, 
    0xff, 0xca, 0xfd, 0x21, 0x82, 0x53, 0x94, 0x61, 0x02, 0x9f, 0x48, 0xa7, 0x1c, 
    0x61, 0x62, 0x7d, 0x43, 0x85, 0xa1, 0x1a, 0xab, 0x69, 0x43, 0x26, 0xa8, 0xc0, 
    0xaa, 0x0e, 0xc0, 0x50, 0x34, 0x12, 0x3d, 0x2f, 0xc1, 0x68, 0xd2, 0x7e, 0x3c, 
    0xb9, 0x42, 0xf6, 0xa2, 0xa1, 0x0f, 0xe3, 0xa7, 0x2b, 0x61, 0x50, 0x44, 0xad, 
    0xc1, 0x30, 0x35, 0xd1, 0x7f, 0x61, 0x22, 0x01, 0x65, 0x45, 0x55, 0x48, 0xe3, 
    0x2d, 0x76, 0xc0, 0x0a, 0xed, 0xc0, 0x00, 0x9a, 0x42, 0x3e, 0x09, 0xa8, 0x80, 
    0x4a, 0xb2, 0x06, 0x79, 0x70, 0x1a, 0x90, 0xd0, 0x6c, 0x76, 0x53, 0x81, 0xd3, 
    0xa7, 0x11, 0x18, 0x28, 0x24, 0x3f, 0xf0, 0x3e, 0xa6, 0xa1, 0x0d, 0xd5, 0xf7, 
    0x81, 0x42, 0x31, 0x82, 0x32, 0x32, 0x02, 0x00, 0xd8, 0x0f, 0x87, 0x20, 0x03, 
    0xa7, 0x33, 0x14, 0x2c, 0xb8, 0x22, 0x26, 0x18, 0x1a, 0xa4, 0x90, 0x82, 0x08, 
    0x23, 0x00, 0x18, 0x10, 0x1c, 0x34, 0x58, 0x83, 0x0d, 0x12, 0x01, 0xb7, 0x60, 
    0x1a, 0x65, 0xc0, 0x2a, 0x26, 0x50, 0x01, 0xb8, 0x80, 0x09, 0x84, 0x10, 0x0a, 
    0x11, 0x10, 0x1f, 0x1a, 0x50, 0x0e, 0x4f, 0x40, 0x0c, 0xcc, 0x70, 0x0a, 0xa0, 
    0x20, 0x08, 0x40, 0x01, 0x84, 0x0d, 0x62, 0x1c, 0xd1, 0x44, 0x2a, 0x72, 0xc0, 
    0x0b, 0xa7, 0x01, 0x0e, 0x74, 0xc0, 0x03, 0xeb, 0xc5, 0x1c, 0x91, 0x00, 0x1b, 
    0x8d, 0xb0, 0x07, 0x90, 0xb3, 0x13, 0x58, 0xa8, 0x1f, 0x8e, 0x40, 0x84, 0x9d, 
    0x42, 0x06, 0x10, 0xe5, 0x1e, 0xf1, 0x24, 0x1c, 0x7f, 0x20, 0x37, 0x39, 0xb1, 
    0x86, 0xe8, 0x31, 0x07, 0xa6, 0xf1, 0x0a, 0x95, 0xd2, 0x01, 0x46, 0x75, 0x31, 
    0xb6, 0x20, 0x1c, 0x6b, 0x50, 0x36, 0x76, 0x68, 0x13, 0x78, 0x68, 0x1d, 0x02, 
    0xe0, 0x61, 0xa0, 0x11, 0x88, 0x86, 0xa2, 0x07, 0x79, 0xff, 0xc3, 0x37, 0xd7, 
    0x16, 0x1c, 0x1b, 0x60, 0x05, 0xa4, 0xc0, 0x08, 0xd9, 0xb7, 0x7f, 0x33, 0x71, 
    0x88, 0xcd, 0xa1, 0x0f, 0xa2, 0x41, 0x04, 0x3a, 0x98, 0x26, 0x5f, 0x60, 0x59, 
    0x89, 0xc3, 0x00, 0xd6, 0x31, 0x03, 0x47, 0x30, 0x01, 0x21, 0x90, 0x0f, 0xbe, 
    0x40, 0x88, 0xeb, 0xc7, 0x7e, 0x9a, 0x18, 0x1c, 0x39, 0x60, 0x1a, 0xbf, 0x64, 
    0x28, 0x7f, 0x87, 0x38, 0x3a, 0xd0, 0x20, 0x03, 0xe0, 0x04, 0x84, 0xb0, 0x71, 
    0x78, 0x37, 0x12, 0xaf, 0x18, 0x1c, 0x8e, 0x13, 0x1a, 0xbb, 0xd0, 0x28, 0xa9, 
    0x80, 0x38, 0x90, 0x27, 0x1a, 0x32, 0x78, 0x21, 0x42, 0x90, 0x3e, 0xfd, 0xd0, 
    0x0c, 0x06, 0xc0, 0x7f, 0xaf, 0x58, 0x00, 0x02, 0x15, 0x1a, 0x40, 0x60, 0x28, 
    0x11, 0x90, 0x38, 0x20, 0x10, 0x79, 0x09, 0xa7, 0x22, 0x7e, 0xa0, 0x68, 0xd0, 
    0xa8, 0x89, 0xc5, 0x18, 0x1a, 0xd4, 0xd0, 0x28, 0xee, 0x05, 0x78, 0xfd, 0xe0, 
    0x63, 0x42, 0xf2, 0x8d, 0x87, 0x48, 0x71, 0xa0, 0x41, 0x66, 0x78, 0x52, 0x0f, 
    0xe6, 0xd8, 0x0f, 0xef, 0x60, 0x1d, 0x41, 0x60, 0x01, 0x4c, 0x30, 0x05, 0x4e, 
    0xc0, 0x52, 0xdf, 0xa1, 0x8e, 0x6b, 0x48, 0x51, 0xa1, 0xc1, 0x47, 0x86, 0xf2, 
    0x00, 0x8a, 0x38, 0x77, 0xa2, 0xd0, 0x1c, 0x94, 0x24, 0x1a, 0x8d, 0x00, 0x0b, 
    0xbc, 0x80, 0x09, 0x21, 0xe6, 0x83, 0xfc, 0x88, 0x85, 0x07, 0x09, 0x1a, 0x13, 
    0xd0, 0x28, 0x1c, 0x70, 0x66, 0x80, 0x07, 0x60, 0xc2, 0x81, 0x00, 0xf4, 0xc6, 
    0x1a, 0x99, 0x70, 0x13, 0xaf, 0x68, 0x03, 0xa2, 0x41, 0x78, 0x7f, 0x72, 0x77, 
    0x80, 0xb7, 0x7b, 0xc2, 0xf1, 0x00, 0x5e, 0x67, 0x3d, 0x99, 0xa8, 0x89, 0x70, 
    0x20, 0x1a, 0xce, 0x67, 0x28, 0x71, 0x38, 0x77, 0x21, 0xd0, 0x1c, 0x43, 0xe0, 
    0x1e, 0xad, 0xe0, 0x91, 0xaf, 0xff, 0x78, 0x35, 0xfd, 0x60, 0x0f, 0x6a, 0x64, 
    0x28, 0x40, 0xe0, 0x78, 0x80, 0x17, 0x68, 0xcc, 0x11, 0x08, 0x9a, 0x60, 0x05, 
    0xaa, 0x70, 0x05, 0xc7, 0x30, 0x06, 0xe0, 0xf0, 0x04, 0x8c, 0xe0, 0x27, 0x86, 
    0xf8, 0x8b, 0x33, 0xe0, 0x27, 0x95, 0xb2, 0x01, 0x71, 0x35, 0x3a, 0xdb, 0xd8, 
    0x20, 0x0f, 0x60, 0x3a, 0xc2, 0x71, 0x81, 0xbf, 0xc8, 0x2a, 0xbc, 0x88, 0x5e, 
    0xc9, 0x98, 0x8e, 0x2b, 0xd9, 0x95, 0xa4, 0x02, 0x92, 0x73, 0x47, 0x0f, 0x5a, 
    0xf2, 0x90, 0x64, 0x79, 0x72, 0x40, 0x99, 0x38, 0xc4, 0x50, 0x8d, 0x52, 0xa2, 
    0x96, 0x6b, 0x89, 0x27, 0xc0, 0x26, 0x39, 0x87, 0xb0, 0x00, 0xa8, 0x33, 0x96, 
    0x73, 0x59, 0x29, 0x64, 0x90, 0x38, 0xf8, 0x60, 0x4e, 0x71, 0x29, 0x97, 0x7b, 
    0x19, 0x27, 0x2a, 0xa0, 0x7e, 0x0b, 0xd3, 0x0b, 0x2b, 0x96, 0x97, 0x82, 0x39, 
    0x98, 0x69, 0x82, 0x01, 0xbc, 0x30, 0x90, 0xa2, 0x01, 0x0e, 0xcb, 0x10, 0x02, 
    0x0f, 0xa8, 0x24, 0x5f, 0xc0, 0x05, 0x5c, 0x80, 0x93, 0x8c, 0x49, 0x2a, 0x07, 
    0xf0, 0x06, 0xdf, 0x70, 0x0a, 0xdf, 0x70, 0x06, 0x43, 0x80, 0x04, 0x41, 0xb0, 
    0x69, 0x5a, 0xf2, 0x01, 0xc6, 0x60, 0x59, 0x9a, 0xb9, 0x99, 0x2e, 0x54, 0x02, 
    0x4c, 0x00, 0x7f, 0x21, 0x58, 0x11, 0xac, 0x09, 0x42, 0x0d, 0xb0, 0x02, 0xef, 
    0xd0, 0x96, 0xb9, 0x37, 0x11, 0xb3, 0x09, 0x3e, 0x40, 0x40, 0x05, 0xd7, 0x50, 
    0x0d, 0x6c, 0x80, 0x89, 0x7a, 0xb9, 0x9b, 0x76, 0xf3, 0x00, 0x21, 0x20, 0x77, 
    0x08, 0xf8, 0x94, 0xc4, 0x69, 0x37, 0x54, 0xb0, 0x81, 0xc9, 0xb9, 0x9a, 0xcb, 
    0x69, 0x2f, 0xa9, 0x24, 0x9c, 0x77, 0x18, 0x9d, 0x00, 0x83, 0x01, 0x2f, 0x98, 
    0x9b, 0x1c, 0x61, 0x9d, 0xf6, 0xd2, 0x01, 0x52, 0xd6, 0x8b, 0x31, 0xc1, 0x9d, 
    0xde, 0xff, 0x92, 0x05, 0x87, 0x04, 0x9e, 0x32, 0x21, 0x9e, 0xc9, 0x92, 0x01, 
    0xf3, 0xa0, 0x92, 0x41, 0x81, 0x9e, 0xba, 0x62, 0x01, 0x1b, 0x19, 0x9b, 0x25, 
    0xe1, 0x9e, 0xa4, 0x12, 0x06, 0x8f, 0x28, 0x9f, 0x26, 0x41, 0x9f, 0x95, 0x62, 
    0x01, 0xa2, 0x88, 0x9f, 0xf9, 0xa9, 0x9f, 0x7f, 0x02, 0x71, 0x46, 0x54, 0x14, 
    0x00, 0x1a, 0x27, 0x27, 0xb0, 0x0c, 0x03, 0x6a, 0x14, 0x05, 0x1a, 0x26, 0x6f, 
    0xd0, 0x9f, 0x28, 0xa6, 0x14, 0x0b, 0x2a, 0x25, 0x09, 0x90, 0xa0, 0x48, 0x11, 
    0xa1, 0x42, 0x72, 0x0e, 0x14, 0x5a, 0xa1, 0x16, 0x1a, 0x22, 0x0b, 0x90, 0x0f, 
    0x19, 0xaa, 0xa1, 0x1b, 0xda, 0x20, 0x2d, 0xc0, 0x0f, 0xad, 0xf8, 0x14, 0x21, 
    0x1a, 0x2d, 0xf0, 0x50, 0xa2, 0x26, 0x7a, 0xa2, 0xf1, 0x51, 0x70, 0x2a, 0xba, 
    0xa2, 0x2c, 0x6a, 0x1d, 0x23, 0xf2, 0xa2, 0x30, 0x1a, 0xa3, 0xc2, 0x71, 0x55, 
    0xfe, 0xc9, 0x95, 0x36, 0xea, 0x0f, 0xc4, 0xa6, 0x9d, 0xca, 0x69, 0xa3, 0xd2, 
    0xf5, 0xa0, 0x55, 0xb1, 0xa3, 0xfe, 0xe0, 0xa1, 0x39, 0x0a, 0x9d, 0x21, 0x7a, 
    0x4b, 0x47, 0x8a, 0xa4, 0x16, 0x5a, 0x93, 0x4b, 0xca, 0xa4, 0x0b, 0x5a, 0x02, 
    0x34, 0x6a, 0x15, 0x31, 0x4a, 0x0a, 0x4f, 0x8a, 0x13, 0x2c, 0xaa, 0xa4, 0xe6, 
    0xd9, 0x14, 0x27, 0xda, 0x02, 0x53, 0x7a, 0x15, 0x27, 0x3a, 0x3e, 0x3e, 0xda, 
    0x13, 0x21, 0x0a, 0x00, 0x57, 0xaa, 0x13, 0x1b, 0xda, 0x00, 0x5f, 0x8a, 0x15, 
    0x1b, 0x2a, 0x48, 0x63, 0xea, 0x13, 0x16, 0x3a, 0x6f, 0x6f, 0x0a, 0xa7, 0x11, 
    0x3a, 0x0b, 0x67, 0xaa, 0x86, 0x51, 0x7a, 0xa7, 0x78, 0x5a, 0xa0, 0x4a, 0x35, 
    0xa7, 0x74, 0x0a, 0xa0, 0x38, 0xa0, 0xa7, 0x7b, 0xaa, 0x9f, 0x9e, 0xe7, 0xa7, 
    0x7f, 0x4a, 0x9f, 0x86, 0x67, 0xa8, 0x87, 0xea, 0x9e, 0x7d, 0x05, 0xba, 0xa5, 
    0x53, 0x11, 0x10, 0x00, 0x21, 0xf9, 0x04, 0x09, 0x08, 0x00, 0xff, 0x00, 0x2c, 
    0x00, 0x00, 0x00, 0x00, 0xf0, 0x00, 0xf0, 0x00, 0x00, 0x08, 0xff, 0x00, 0xff, 
    0x09, 0x1c, 0x48, 0xb0, 0xa0, 0xc1, 0x83, 0x08, 0x13, 0x2a, 0x5c, 0xc8, 0xb0, 
    0xa1, 0xc3, 0x87, 0x10, 0x23, 0x4a, 0x9c, 0x48, 0xb1, 0xa2, 0xc5, 0x8b, 0x18, 
    0x33, 0x6a, 0xdc, 0xc8, 0xb1, 0xa3, 0xc7, 0x8f, 0x20, 0x43, 0x8a, 0x1c, 0x49, 
    0xb2, 0xa4, 0xc9, 0x93, 0x28, 0x53, 0xaa, 0x5c, 0xc9, 0xb2, 0xa5, 0xcb, 0x97, 
    0x30, 0x63, 0xca, 0x9c, 0x49, 0xb3, 0xa6, 0xcd, 0x9b, 0x38, 0x73, 0xea, 0xdc, 
    0xc9, 0xb3, 0xa7, 0xcf, 0x9f, 0x40, 0x83, 0x0a, 0x1d, 0x4a, 0xb4, 0xa8, 0xd1, 
    0xa3, 0x48, 0x93, 0x2a, 0x5d, 0xca, 0xb4, 0xa9, 0xd3, 0xa7, 0x50, 0xa3, 0x4a, 
    0x9d, 0x4a, 0xb5, 0xaa, 0xd5, 0xab, 0x58, 0xb3, 0x6a, 0xdd, 0xca, 0xb5, 0xab, 
    0xd7, 0xaf, 0x60, 0xc3, 0x8a, 0x1d, 0x4b, 0xb6, 0xac, 0xd9, 0xb3, 0x68, 0xd3, 
    0xaa, 0x5d, 0xcb, 0xb6, 0xad, 0xdb, 0xb7, 0x70, 0xe3, 0xca, 0x9d, 0x4b, 0xb7, 
    0xae, 0xdd, 0xbb, 0x78, 0xf3, 0xea, 0xdd, 0xcb, 0xb7, 0xaf, 0xdf, 0xbf, 0x80, 
    0x03, 0x0b, 0x1e, 0x4c, 0xb8, 0xb0, 0xe1, 0xc3, 0x88, 0x13, 0x2b, 0x5e, 0xcc, 
    0xb8, 0xb1, 0xe3, 0xc7, 0x6d, 0xfb, 0x49, 0x9e, 0x2c, 0x19, 0x72, 0x55, 0xca, 
    0x98, 0x29, 0x5b, 0x8e, 0x9a, 0xb9, 0x73, 0xe5, 0xcd, 0x49, 0x3d, 0x8b, 0xc6, 
    0x0c, 0xba, 0xe8, 0x68, 0xc9, 0xd8, 0xb8, 0x0d, 0x99, 0x60, 0xce, 0x54, 0xe7, 
    0xd2, 0x40, 0x4f, 0x4b, 0x16, 0x65, 0xc2, 0x9f, 0xed, 0xdb, 0x28, 0x62, 0x91, 
    0x86, 0xdd, 0xf3, 0xb4, 0x8e, 0x3b, 0x01, 0x6e, 0x0b, 0xb7, 0x5d, 0x82, 0xd8, 
    0x6e, 0xde, 0x39, 0x3d, 0xc3, 0xe3, 0x15, 0xe2, 0xcf, 0x9a, 0xe1, 0xd0, 0xfd, 
    0x49, 0xc8, 0xa3, 0x19, 0x39, 0xce, 0xce, 0xfb, 0x94, 0x3c, 0x88, 0xce, 0xdd, 
    0xf6, 0x94, 0xe3, 0xd6, 0x67, 0x66, 0xff, 0x2e, 0x16, 0xa6, 0xbb, 0x79, 0xdb, 
    0xcf, 0xc0, 0x87, 0x7f, 0x99, 0xf9, 0xd3, 0xf9, 0xf7, 0x35, 0xd4, 0xaf, 0x5f, 
    0xd9, 0x39, 0xda, 0xfb, 0xfb, 0x9c, 0xe4, 0xcf, 0x3f, 0xd9, 0x39, 0xce, 0xfd, 
    0xff, 0xa8, 0x54, 0xb7, 0x1f, 0x4a, 0x9e, 0xa1, 0xf0, 0xdf, 0x7f, 0x9a, 0xe8, 
    0x37, 0x20, 0x48, 0x9d, 0xc5, 0x52, 0xc3, 0x81, 0xff, 0x39, 0xa1, 0xe0, 0x82, 
    0x1c, 0x79, 0xe6, 0xc8, 0x02, 0x10, 0x1e, 0xd8, 0x8e, 0x80, 0x14, 0x7e, 0xd4, 
    0x59, 0x23, 0xab, 0x64, 0x08, 0xa1, 0x1c, 0x13, 0x76, 0x68, 0x51, 0x67, 0xbb, 
    0xd0, 0x20, 0x62, 0x86, 0xba, 0x4d, 0x66, 0x62, 0x47, 0x99, 0x15, 0x11, 0xcf, 
    0x8a, 0x22, 0xca, 0xc2, 0xe1, 0x8b, 0x27, 0x66, 0x36, 0x0e, 0x04, 0x34, 0x8a, 
    0x78, 0xcd, 0x8d, 0x38, 0x4e, 0x94, 0x59, 0x1a, 0x9c, 0xf4, 0xb8, 0xe2, 0x0b, 
    0x40, 0x06, 0x09, 0x51, 0x66, 0x20, 0xfc, 0x60, 0xe4, 0x8a, 0x85, 0x24, 0xa9, 
    0x64, 0x43, 0x99, 0x19, 0x32, 0xc7, 0x93, 0x2b, 0x7e, 0x23, 0xe5, 0x94, 0x0b, 
    0x61, 0x56, 0xca, 0x01, 0x58, 0xae, 0x18, 0xcf, 0x96, 0x5c, 0x22, 0x84, 0x19, 
    0x3a, 0x23, 0x84, 0xb9, 0x62, 0x0f, 0x64, 0x96, 0x59, 0x10, 0x66, 0x7b, 0x6c, 
    0xa7, 0xa6, 0x88, 0x4c, 0xb4, 0xe9, 0xe6, 0x40, 0x98, 0x59, 0x32, 0xe7, 0x8a, 
    0x13, 0xd8, 0x79, 0x27, 0x66, 0x5e, 0xec, 0xb9, 0xe2, 0x19, 0x7e, 0x96, 0x89, 
    0x19, 0x2a, 0x82, 0x42, 0x59, 0x28, 0x97, 0x98, 0xa9, 0x91, 0xa8, 0x88, 0xef, 
    0x2c, 0xaa, 0x24, 0x66, 0xee, 0x3d, 0x9a, 0xa1, 0x3c, 0x92, 0x06, 0x49, 0x59, 
    0x1a, 0x96, 0x8a, 0x98, 0x4d, 0xa6, 0x38, 0x52, 0xc6, 0x4a, 0xa7, 0x19, 0xae, 
    0x02, 0xaa, 0x89, 0x98, 0xb9, 0x41, 0x2a, 0x84, 0x64, 0x9c, 0xda, 0x21, 0x65, 
    0x77, 0xac, 0xff, 0x0a, 0x61, 0x05, 0xae, 0x2e, 0x88, 0x19, 0x17, 0xb2, 0x1e, 
    0xc8, 0x42, 0x89, 0x8c, 0x4e, 0x56, 0x4a, 0xae, 0x07, 0x36, 0xc1, 0xeb, 0x94, 
    0x94, 0x75, 0x03, 0xec, 0x7f, 0x2d, 0xa4, 0x50, 0xeb, 0x7e, 0x94, 0x59, 0x70, 
    0xec, 0x7d, 0x08, 0x78, 0xb2, 0xec, 0x7c, 0x94, 0x55, 0xf1, 0xec, 0x7d, 0xee, 
    0x4c, 0xbb, 0x1e, 0x65, 0x13, 0x5c, 0xfb, 0x5e, 0x2f, 0xda, 0x86, 0x47, 0xd9, 
    0x05, 0xde, 0x9e, 0x47, 0xa8, 0x8b, 0x77, 0x1a, 0x44, 0xd9, 0x38, 0xe5, 0x9a, 
    0x57, 0x27, 0xba, 0xe9, 0x12, 0x44, 0x59, 0x11, 0xed, 0x76, 0xd7, 0x27, 0xbc, 
    0xf1, 0x0a, 0x84, 0xd9, 0x0d, 0xf5, 0x46, 0x07, 0x45, 0xb8, 0xe2, 0x4e, 0x66, 
    0x4d, 0xbf, 0xc3, 0xf9, 0x40, 0x06, 0x08, 0xa2, 0xc5, 0x8b, 0xd9, 0x28, 0xfd, 
    0x7e, 0x60, 0xc1, 0x15, 0xc6, 0xc9, 0xd6, 0xcf, 0x9f, 0x98, 0x41, 0x51, 0xee, 
    0x03, 0x99, 0x48, 0x9c, 0x19, 0xc5, 0x93, 0xb9, 0xe3, 0xad, 0x01, 0x9b, 0x68, 
    0x9c, 0x70, 0xaf, 0x93, 0x71, 0x73, 0xad, 0x1e, 0x12, 0xeb, 0x50, 0x44, 0x11, 
    0x12, 0x6b, 0x4a, 0xd9, 0x09, 0xcf, 0xb6, 0x40, 0x99, 0x22, 0x52, 0xcc, 0xd3, 
    0x07, 0x0f, 0x4c, 0xac, 0xf0, 0x41, 0x06, 0x34, 0x00, 0xe1, 0x01, 0x17, 0xde, 
    0xb4, 0x8c, 0x2a, 0x65, 0x87, 0x18, 0x39, 0xc0, 0x0f, 0x18, 0x40, 0xc8, 0x44, 
    0x11, 0x46, 0xcc, 0xf2, 0xc5, 0x7b, 0x08, 0xf0, 0xa2, 0xf1, 0xd0, 0x93, 0xa5, 
    0x92, 0xa1, 0x07, 0x37, 0x58, 0x90, 0x0f, 0x3b, 0xfd, 0xb4, 0xd1, 0x07, 0x84, 
    0x10, 0x50, 0x00, 0x61, 0x28, 0xe9, 0xb8, 0x93, 0x87, 0x18, 0x08, 0x7b, 0x66, 
    0x98, 0xda, 0x12, 0x61, 0x46, 0xc0, 0x7f, 0x49, 0xcc, 0x23, 0x4d, 0x67, 0x68, 
    0xc8, 0x2a, 0x00, 0x10, 0x14, 0x70, 0x11, 0x8d, 0x30, 0xaf, 0x05, 0xff, 0x36, 
    0xf5, 0x43, 0x99, 0xbd, 0xb2, 0x41, 0x77, 0x27, 0x24, 0x90, 0xcc, 0x68, 0xbb, 
    0x5c, 0xeb, 0xc1, 0x35, 0xa5, 0x6c, 0xec, 0x97, 0xc8, 0xf8, 0x76, 0x89, 0x19, 
    0x3f, 0x33, 0x08, 0x77, 0x04, 0x25, 0xb3, 0x64, 0x62, 0x84, 0x6c, 0x76, 0x5c, 
    0xfc, 0x8a, 0xe3, 0x7a, 0x41, 0x0e, 0xba, 0xe4, 0x94, 0x1d, 0x83, 0xc3, 0x0e, 
    0x98, 0x0c, 0x23, 0x1b, 0x11, 0x87, 0xec, 0x92, 0xcf, 0x24, 0xfd, 0x6a, 0x33, 
    0xac, 0x5b, 0xa7, 0x01, 0x73, 0x09, 0x2e, 0xd7, 0xa8, 0x3e, 0x32, 0xe9, 0x93, 
    0x21, 0x23, 0x9b, 0x27, 0xb9, 0xa0, 0xa0, 0x22, 0xc1, 0xb7, 0x59, 0x01, 0xf0, 
    0x57, 0x9e, 0x1d, 0x32, 0x4d, 0x0f, 0x19, 0x0c, 0x17, 0x44, 0x34, 0x78, 0xb0, 
    0xcd, 0xbb, 0x6c, 0x8f, 0x30, 0x00, 0x26, 0xf1, 0xd0, 0x31, 0x01, 0xcc, 0x33, 
    0x2b, 0xf8, 0x63, 0x97, 0x67, 0x52, 0x08, 0xf1, 0x9e, 0x02, 0x5c, 0xf7, 0xad, 
    0x90, 0x6c, 0xe5, 0xcc, 0xb2, 0x05, 0xf6, 0xff, 0xd5, 0xd5, 0x59, 0x1a, 0xe1, 
    0x1c, 0xd8, 0x80, 0x36, 0x6c, 0x8c, 0xae, 0xae, 0x67, 0x9d, 0xa8, 0x83, 0x89, 
    0x0f, 0x51, 0xb0, 0x0f, 0xa1, 0xbc, 0x13, 0x8b, 0x4c, 0x66, 0xaa, 0x01, 0x03, 
    0x11, 0x3d, 0x20, 0x0e, 0xf6, 0xc3, 0x53, 0x66, 0xf2, 0x60, 0x0c, 0x3b, 0x5c, 
    0xcf, 0x7f, 0x2b, 0x7a, 0x84, 0xf9, 0xcc, 0x92, 0x19, 0x54, 0x54, 0xc0, 0x48, 
    0x48, 0x50, 0x16, 0x90, 0x32, 0x23, 0x86, 0x4b, 0x34, 0x00, 0x82, 0x4f, 0x82, 
    0xc5, 0xee, 0xc6, 0x92, 0x99, 0x6b, 0x84, 0xc9, 0x0d, 0x9b, 0x8b, 0x5c, 0x66, 
    0x68, 0x91, 0x03, 0x10, 0x62, 0x49, 0x15, 0xa7, 0x21, 0x0b, 0x66, 0x42, 0xa4, 
    0xa6, 0x2a, 0x1c, 0x27, 0x33, 0x57, 0x70, 0xa1, 0x9a, 0x0a, 0xd1, 0x0c, 0x96, 
    0x49, 0x0f, 0x2c, 0x94, 0xb1, 0x85, 0xa0, 0xff, 0x0e, 0x51, 0x9d, 0xcc, 0xc8, 
    0x42, 0x87, 0x7b, 0xf2, 0x80, 0x10, 0x2a, 0x51, 0x87, 0x09, 0x7a, 0x85, 0x32, 
    0x7a, 0xda, 0x53, 0x2a, 0x8a, 0x48, 0x99, 0x6a, 0x20, 0xf1, 0x51, 0x1e, 0xa0, 
    0x84, 0xb4, 0x8e, 0x77, 0x14, 0xca, 0x1c, 0x41, 0x50, 0x26, 0x18, 0x0d, 0xa2, 
    0xae, 0x68, 0x29, 0x20, 0xe8, 0x2e, 0x72, 0x5c, 0xa1, 0xcc, 0x07, 0x04, 0x55, 
    0x80, 0x4e, 0x78, 0x46, 0x18, 0x16, 0x23, 0xa3, 0xa5, 0xe0, 0x90, 0x40, 0xad, 
    0x4c, 0xc6, 0x08, 0x2d, 0x48, 0x14, 0x2b, 0x3c, 0x03, 0x07, 0x39, 0x92, 0x2a, 
    0x3f, 0x75, 0xb4, 0x0a, 0x65, 0xa4, 0x11, 0x81, 0x30, 0x39, 0x61, 0x7d, 0xb6, 
    0x01, 0x44, 0x67, 0x34, 0xe0, 0xc7, 0x55, 0x61, 0x2a, 0x90, 0x30, 0xfa, 0xa1, 
    0x4a, 0x28, 0xe3, 0x8d, 0x30, 0x05, 0x43, 0x32, 0x2e, 0xb0, 0x0d, 0x25, 0xda, 
    0xd3, 0x48, 0x59, 0xd9, 0x08, 0x92, 0x17, 0x81, 0x1c, 0x7d, 0x26, 0xb3, 0x0c, 
    0x2c, 0x6d, 0x72, 0x32, 0x24, 0xf0, 0x07, 0xb8, 0x30, 0xf3, 0xc0, 0x63, 0x99, 
    0x61, 0x18, 0xd8, 0xb0, 0x96, 0xff, 0x40, 0xb1, 0x07, 0x50, 0xb6, 0x4d, 0x74, 
    0x9f, 0x21, 0xd0, 0x64, 0xc6, 0xd8, 0x23, 0x1b, 0x52, 0x46, 0x0b, 0xfe, 0x48, 
    0x02, 0x65, 0x8a, 0x31, 0x05, 0x6f, 0xf9, 0xa1, 0x8a, 0x10, 0x84, 0x43, 0xc8, 
    0x66, 0x37, 0x3d, 0x5c, 0xe6, 0xb2, 0x24, 0x98, 0xf9, 0x45, 0x09, 0x68, 0xa4, 
    0x48, 0xca, 0x34, 0xc3, 0x00, 0xfe, 0x20, 0xd1, 0x64, 0x9c, 0xe5, 0x2d, 0x3a, 
    0x60, 0xe6, 0x41, 0x10, 0x54, 0x07, 0x33, 0x0f, 0x22, 0x31, 0x7e, 0x88, 0xa2, 
    0x17, 0xfa, 0x50, 0x45, 0x2e, 0x68, 0x11, 0x20, 0x27, 0x8e, 0x04, 0x33, 0x62, 
    0x28, 0x06, 0x2c, 0x24, 0x71, 0x86, 0xf7, 0x94, 0x60, 0x09, 0xaa, 0x88, 0x1e, 
    0x66, 0x92, 0xa6, 0xff, 0x85, 0x34, 0x50, 0x66, 0x13, 0xe5, 0x1a, 0x04, 0x66, 
    0x8c, 0x05, 0x42, 0x5b, 0x8c, 0x53, 0x5f, 0xb2, 0x11, 0xc6, 0x27, 0xb8, 0x30, 
    0x80, 0xe8, 0x20, 0x61, 0x1e, 0xee, 0x0c, 0x09, 0xe2, 0x7a, 0x40, 0x01, 0x20, 
    0xf8, 0x63, 0x01, 0x91, 0x90, 0x43, 0x3c, 0x3e, 0x71, 0x8e, 0x67, 0x34, 0xc2, 
    0x33, 0x0c, 0xf0, 0x07, 0x02, 0x9e, 0x80, 0x19, 0x59, 0x5e, 0x6b, 0x06, 0x24, 
    0x9d, 0x8c, 0x15, 0x41, 0xb8, 0x81, 0xb4, 0x3d, 0xb3, 0x99, 0x99, 0xf1, 0xc6, 
    0x2b, 0xcc, 0x80, 0xa1, 0xf3, 0xd8, 0x41, 0x9f, 0x68, 0x14, 0x89, 0x6c, 0xc0, 
    0xa0, 0x8c, 0x2d, 0xca, 0x26, 0x10, 0xb6, 0xd1, 0x12, 0x65, 0x02, 0xd5, 0xae, 
    0x5d, 0x4d, 0x46, 0x13, 0x3a, 0x14, 0x6a, 0x4e, 0x01, 0x38, 0x9a, 0x64, 0x5c, 
    0xe3, 0x8b, 0x10, 0x42, 0x40, 0xfd, 0xb8, 0xc8, 0x10, 0x67, 0x76, 0x06, 0x18, 
    0x59, 0xb0, 0x8d, 0x07, 0x7c, 0x37, 0x19, 0x00, 0x10, 0x6c, 0x14, 0x8c, 0x60, 
    0x03, 0x1d, 0x90, 0x48, 0x03, 0xfb, 0x49, 0x2c, 0x05, 0x92, 0x08, 0x47, 0xf7, 
    0x68, 0x14, 0x06, 0x30, 0x50, 0x95, 0x77, 0x6d, 0xb8, 0x05, 0x2e, 0xd5, 0xc1, 
    0x4d, 0xdb, 0xa0, 0x61, 0x98, 0xec, 0xfb, 0xe0, 0x7d, 0xe6, 0xd0, 0x8e, 0x66, 
    0xd0, 0xa1, 0x5b, 0xc0, 0x9a, 0xe2, 0x6e, 0x24, 0x06, 0x0e, 0x17, 0x88, 0x0d, 
    0x4b, 0x82, 0x38, 0x68, 0x28, 0x27, 0x53, 0x84, 0x26, 0x38, 0xa0, 0x19, 0xa2, 
    0x01, 0x03, 0x3b, 0xa4, 0x80, 0x8d, 0x71, 0x74, 0xa0, 0x79, 0xc3, 0xa1, 0x06, 
    0x65, 0xb2, 0xda, 0x49, 0x7f, 0x64, 0x01, 0x33, 0x63, 0xe0, 0x03, 0xb0, 0x3e, 
    0xa7, 0x19, 0xd9, 0x78, 0x23, 0x15, 0x35, 0x0d, 0x93, 0x01, 0xda, 0xf0, 0xd6, 
    0x84, 0x60, 0x46, 0xb4, 0xfe, 0xf8, 0x00, 0x26, 0x7a, 0x41, 0x8a, 0x56, 0xff, 
    0x88, 0x62, 0x1b, 0x84, 0xa8, 0x81, 0x45, 0xcd, 0x23, 0x01, 0xb9, 0x4a, 0x26, 
    0x19, 0x9d, 0xf5, 0xc7, 0x00, 0x22, 0x86, 0x19, 0x2a, 0x00, 0xab, 0x1b, 0x22, 
    0xb3, 0x86, 0x12, 0x1e, 0x75, 0x87, 0xd6, 0xba, 0x76, 0x32, 0xb8, 0x78, 0x12, 
    0x0e, 0x5c, 0x2a, 0x8e, 0xe0, 0x3e, 0x20, 0x85, 0x98, 0x01, 0x01, 0xbf, 0x72, 
    0x35, 0xb7, 0xc9, 0xe8, 0x00, 0x61, 0x60, 0x28, 0x45, 0x2c, 0x0e, 0x31, 0x0f, 
    0x5c, 0x44, 0xa2, 0x53, 0xc0, 0x70, 0xae, 0x99, 0x26, 0x63, 0x83, 0x27, 0x8d, 
    0x80, 0x32, 0xdb, 0x08, 0xae, 0x3f, 0x96, 0xe1, 0x99, 0x58, 0x34, 0x54, 0x56, 
    0xc2, 0x9a, 0x0c, 0x18, 0x58, 0x20, 0x07, 0x0e, 0x18, 0xe0, 0xbe, 0xab, 0x6a, 
    0xd1, 0x4b, 0x75, 0x4a, 0x99, 0xfe, 0x19, 0x29, 0x08, 0x94, 0x19, 0x84, 0x7c, 
    0x35, 0x20, 0x9a, 0xe7, 0xe4, 0xea, 0x13, 0x94, 0xe9, 0x40, 0xcc, 0x14, 0x9b, 
    0x23, 0xc9, 0xe4, 0x01, 0x4b, 0xda, 0x94, 0x0c, 0x23, 0xe5, 0x8b, 0x8e, 0xce, 
    0x3c, 0x01, 0x01, 0xc0, 0xe2, 0x00, 0x65, 0x62, 0xf1, 0xac, 0x21, 0xa8, 0x97, 
    0x9c, 0x93, 0x99, 0x05, 0x96, 0x68, 0x35, 0x99, 0x2b, 0xc9, 0xb7, 0xb9, 0x98, 
    0x01, 0xc3, 0x86, 0x81, 0xe5, 0x0b, 0xca, 0xd4, 0x06, 0x58, 0xfb, 0x38, 0xf1, 
    0xfd, 0x24, 0x03, 0x5b, 0x23, 0xe1, 0x82, 0x32, 0xa9, 0x3c, 0x56, 0x06, 0x72, 
    0x91, 0x0b, 0x4d, 0xb0, 0xc0, 0x09, 0x3c, 0xca, 0x10, 0x28, 0x30, 0x63, 0x88, 
    0x68, 0x4c, 0xf3, 0x59, 0xd5, 0x94, 0x0c, 0x19, 0x80, 0xf5, 0x01, 0x0a, 0x57, 
    0xb8, 0x1f, 0x3e, 0xc0, 0x92, 0x1d, 0x28, 0x93, 0x34, 0x60, 0x45, 0xc1, 0xb7, 
    0xfa, 0x6d, 0xc5, 0x3c, 0x30, 0xb1, 0x04, 0x12, 0xc4, 0xe0, 0x3c, 0x02, 0x60, 
    0xed, 0x64, 0xee, 0x21, 0xa7, 0x6b, 0x65, 0xb8, 0xff, 0x1f, 0xaa, 0x00, 0xd6, 
    0x25, 0x75, 0xfc, 0xa6, 0xc9, 0x28, 0x00, 0x4b, 0x03, 0xa0, 0x85, 0x64, 0xec, 
    0x73, 0x2c, 0xe4, 0x9e, 0x66, 0x11, 0x8c, 0x78, 0xc5, 0x28, 0xa6, 0x00, 0xe2, 
    0xe1, 0xb0, 0x58, 0x32, 0xb1, 0x6a, 0xd7, 0x0c, 0xfe, 0x99, 0x2b, 0x01, 0x94, 
    0x6f, 0xc0, 0xef, 0x9c, 0x8c, 0x7f, 0xc2, 0xc4, 0x04, 0xd8, 0x3d, 0x8b, 0x01, 
    0xa2, 0x33, 0x04, 0x2d, 0xa0, 0xa1, 0x84, 0x1a, 0x78, 0xc0, 0x1f, 0x90, 0xd8, 
    0x6c, 0xbf, 0x82, 0x26, 0x99, 0x4e, 0x0c, 0x6e, 0x55, 0x5f, 0x70, 0x69, 0x00, 
    0xf9, 0x93, 0x62, 0xf9, 0x0e, 0xc7, 0x05, 0x8a, 0xb0, 0x6a, 0x11, 0x24, 0x41, 
    0x19, 0x3c, 0x10, 0x0c, 0x49, 0x93, 0xd9, 0x2e, 0xa9, 0x60, 0x60, 0xe5, 0x2b, 
    0x9b, 0xc3, 0xd5, 0xc3, 0x89, 0x01, 0x12, 0x08, 0x60, 0x8c, 0x77, 0x6c, 0xa2, 
    0x19, 0x53, 0x85, 0x5c, 0x1a, 0x7a, 0x20, 0x22, 0x28, 0xf0, 0x61, 0x0a, 0x38, 
    0x08, 0x13, 0xaf, 0x27, 0xe3, 0x60, 0x52, 0x1d, 0x40, 0xcd, 0x90, 0x26, 0xb0, 
    0x64, 0x9c, 0x01, 0xec, 0xf3, 0x14, 0x20, 0x08, 0x1d, 0x50, 0xc5, 0x3a, 0x92, 
    0x3d, 0x1a, 0x79, 0x88, 0xe8, 0x5e, 0xfd, 0x40, 0x46, 0xfc, 0xb4, 0xfc, 0x0c, 
    0x49, 0x84, 0x02, 0x58, 0xd8, 0xa0, 0x73, 0x9d, 0x25, 0x53, 0x89, 0x6e, 0xcb, 
    0xaf, 0x06, 0x64, 0xb8, 0xc2, 0x30, 0xf2, 0xa0, 0x6a, 0x5f, 0xed, 0x00, 0x42, 
    0x5a, 0xc8, 0x4c, 0xbd, 0xe5, 0x1b, 0x0d, 0x79, 0x33, 0xb5, 0x1f, 0xae, 0xb0, 
    0x37, 0x8d, 0x46, 0xe0, 0x87, 0x4f, 0x30, 0x02, 0x4e, 0x85, 0xfc, 0x4f, 0x7a, 
    0x32, 0xd3, 0xca, 0x46, 0x0a, 0xd3, 0xe0, 0x08, 0x95, 0xcc, 0x1f, 0x14, 0xfe, 
    0x24, 0x42, 0x60, 0xe6, 0x0e, 0x2d, 0xbc, 0xcf, 0x36, 0x3a, 0x53, 0xb9, 0xe0, 
    0x6e, 0xa1, 0xd7, 0x42, 0xff, 0x9a, 0xcc, 0x1e, 0x92, 0xcc, 0xf1, 0x1e, 0x59, 
    0xe2, 0x50, 0xff, 0x91, 0xc0, 0x31, 0x3e, 0xee, 0xea, 0x45, 0x63, 0x9c, 0x32, 
    0xe5, 0x68, 0x39, 0x96, 0x22, 0x45, 0x19, 0x47, 0x1c, 0xa8, 0x03, 0xd9, 0xf0, 
    0xc5, 0x1d, 0xde, 0x51, 0xf2, 0xe0, 0xa2, 0xec, 0xe6, 0x93, 0xb9, 0xb0, 0xce, 
    0x9f, 0x84, 0x0f, 0xcc, 0xcc, 0x63, 0xe9, 0xef, 0x71, 0x00, 0xc6, 0xff, 0x41, 
    0x99, 0x14, 0x94, 0x07, 0xea, 0x3d, 0xd2, 0x05, 0x66, 0x86, 0x80, 0xf5, 0xee, 
    0xf8, 0x30, 0xdb, 0x12, 0x9d, 0x0c, 0x38, 0xbb, 0xbe, 0x22, 0x66, 0x60, 0x06, 
    0xb0, 0x3d, 0x3a, 0x00, 0x1f, 0x70, 0x11, 0x87, 0x42, 0x38, 0x23, 0x1b, 0xf7, 
    0xb0, 0x34, 0x77, 0x6e, 0xa0, 0x09, 0x03, 0xcb, 0x4a, 0x09, 0x28, 0xa7, 0xc8, 
    0x64, 0x18, 0xa1, 0x57, 0xb2, 0x8b, 0x68, 0x01, 0x44, 0xc0, 0x4c, 0x10, 0x86, 
    0x83, 0x01, 0x12, 0x20, 0x42, 0x08, 0x09, 0xc0, 0x05, 0x16, 0x90, 0x10, 0x84, 
    0x53, 0x4b, 0x47, 0x0d, 0x15, 0x60, 0xc5, 0xd7, 0x41, 0x3b, 0x63, 0xe1, 0xd4, 
    0x42, 0x32, 0xc8, 0x60, 0x41, 0xae, 0x94, 0x31, 0xf5, 0x81, 0x60, 0x62, 0x14, 
    0x15, 0xf7, 0x3b, 0x84, 0xaa, 0x4c, 0x99, 0x27, 0xa4, 0x29, 0x0a, 0x0e, 0x10, 
    0x45, 0x4a, 0x33, 0x23, 0x0d, 0x50, 0xf4, 0x61, 0x0c, 0x4d, 0x94, 0x18, 0x2a, 
    0xee, 0x2c, 0x9c, 0x7a, 0x4c, 0x46, 0x18, 0xb2, 0x82, 0x61, 0xe7, 0x05, 0x22, 
    0x7a, 0x2c, 0x5d, 0x7c, 0x32, 0xa6, 0xb8, 0x82, 0x55, 0x25, 0xb6, 0x0e, 0x5d, 
    0x7f, 0x52, 0x32, 0x69, 0xea, 0x14, 0x04, 0xf2, 0xae, 0xf7, 0x7e, 0x28, 0x42, 
    0x06, 0xbd, 0x37, 0x12, 0x16, 0x56, 0x3f, 0x7c, 0xc8, 0xa9, 0xc0, 0x36, 0x42, 
    0xa0, 0xcc, 0x72, 0x3b, 0x75, 0x09, 0xe6, 0xdf, 0x52, 0x32, 0xed, 0x88, 0xbe, 
    0xff, 0x91, 0x48, 0x5b, 0x7d, 0x64, 0x24, 0x23, 0x1d, 0x2e, 0xd0, 0x00, 0x13, 
    0xb4, 0x40, 0x05, 0x4a, 0xa4, 0x37, 0x33, 0x4e, 0xf0, 0x47, 0x7c, 0x26, 0x43, 
    0x88, 0x4e, 0x7d, 0xc1, 0xfb, 0x4b, 0xc2, 0x4c, 0x31, 0xc4, 0xbf, 0x22, 0x0e, 
    0xf0, 0xc2, 0x8d, 0x9d, 0x31, 0x0c, 0xfa, 0x70, 0x01, 0x22, 0xa0, 0x06, 0x51, 
    0xe0, 0x03, 0x17, 0xe0, 0x1a, 0x92, 0x71, 0x08, 0x52, 0x70, 0x0e, 0x56, 0x60, 
    0x07, 0x59, 0xa0, 0x05, 0x76, 0xb0, 0x04, 0x2c, 0x40, 0x05, 0x47, 0x40, 0x02, 
    0x30, 0xc0, 0x00, 0x44, 0x44, 0x19, 0xc0, 0xe0, 0x0f, 0x6a, 0x40, 0x19, 0xf5, 
    0x67, 0x29, 0x23, 0x37, 0x75, 0x99, 0xa1, 0x2a, 0xfc, 0xa7, 0x34, 0xe4, 0x36, 
    0x19, 0xc9, 0x10, 0x0d, 0x3e, 0x50, 0x00, 0x0d, 0xf0, 0x00, 0x30, 0x08, 0x83, 
    0x08, 0xf0, 0x00, 0x2e, 0x70, 0x0a, 0x5a, 0x00, 0x03, 0x6a, 0x30, 0x05, 0x76, 
    0x20, 0x08, 0x55, 0x80, 0x05, 0x09, 0x40, 0x00, 0x09, 0x60, 0x01, 0x4c, 0x20, 
    0x02, 0x88, 0x10, 0x04, 0x2d, 0xa0, 0x7b, 0x93, 0xc1, 0x01, 0xfe, 0x40, 0x19, 
    0x95, 0xb7, 0x27, 0x6d, 0x44, 0x82, 0x94, 0x01, 0x02, 0x22, 0x70, 0x82, 0x07, 
    0x62, 0x07, 0x12, 0x34, 0x40, 0x3b, 0x60, 0x00, 0x08, 0xb0, 0x00, 0x1c, 0x40, 
    0x03, 0x31, 0x80, 0x03, 0x2d, 0xd0, 0x02, 0x33, 0xf0, 0x05, 0x34, 0xf0, 0x05, 
    0x14, 0xa0, 0x06, 0x73, 0xa0, 0x02, 0x15, 0xa0, 0x00, 0xa9, 0xe0, 0x05, 0xc1, 
    0x40, 0x0a, 0x77, 0x80, 0x0a, 0xa6, 0x30, 0x0b, 0x9a, 0x30, 0x01, 0x4b, 0xb0, 
    0x03, 0x23, 0x50, 0x06, 0x94, 0x81, 0x0d, 0x09, 0x40, 0x19, 0x49, 0x60, 0x29, 
    0x19, 0x80, 0x7f, 0x0e, 0x01, 0x4f, 0x4d, 0x40, 0x85, 0xff, 0x81, 0x6e, 0x94, 
    0xe1, 0x09, 0x16, 0x60, 0x00, 0x0f, 0x70, 0x00, 0x18, 0xff, 0x30, 0x02, 0x4e, 
    0x60, 0x02, 0x3d, 0x40, 0x06, 0x09, 0x80, 0x08, 0x47, 0x70, 0x03, 0x6e, 0x50, 
    0x03, 0x88, 0x20, 0x02, 0x43, 0x00, 0x00, 0x68, 0x90, 0x08, 0xd9, 0x20, 0x05, 
    0x99, 0x71, 0x0f, 0x80, 0xc0, 0x00, 0x2a, 0x70, 0x03, 0x19, 0x10, 0x78, 0x9e, 
    0x71, 0x63, 0x89, 0xf2, 0x1d, 0x4b, 0xc5, 0x20, 0x94, 0xe1, 0x24, 0x86, 0xf8, 
    0x1e, 0xa7, 0x84, 0x19, 0xc1, 0xc0, 0x01, 0x0d, 0xb0, 0x01, 0x18, 0x00, 0x05, 
    0x6e, 0x30, 0x07, 0x98, 0xb0, 0x81, 0xfd, 0x50, 0x07, 0xe4, 0xa0, 0x04, 0x96, 
    0xf0, 0x06, 0x13, 0x40, 0x00, 0x68, 0x80, 0x09, 0xbf, 0x40, 0x1d, 0x9d, 0x91, 
    0x09, 0x2e, 0xe0, 0x05, 0x09, 0x60, 0x03, 0x32, 0xe0, 0x02, 0xa2, 0x01, 0x54, 
    0x8f, 0x72, 0x57, 0xaf, 0xe8, 0x11, 0x94, 0x32, 0x8b, 0xef, 0x81, 0x8d, 0x94, 
    0x81, 0x0a, 0x13, 0xc0, 0x88, 0x10, 0x70, 0x02, 0x26, 0xb0, 0x02, 0x42, 0xb0, 
    0x47, 0x99, 0xe1, 0x0c, 0x67, 0x70, 0x06, 0x9f, 0xe8, 0x02, 0x0e, 0x20, 0x06, 
    0xa2, 0xe1, 0x0b, 0x0e, 0xe0, 0x02, 0xa0, 0x80, 0x05, 0x4b, 0xf0, 0x59, 0x9e, 
    0xc1, 0x0c, 0x96, 0x92, 0x31, 0xd9, 0x18, 0x49, 0x93, 0x11, 0x71, 0xdc, 0x18, 
    0x1d, 0x0f, 0x40, 0x5f, 0x80, 0x22, 0x00, 0x05, 0xb0, 0x00, 0x18, 0xe0, 0x04, 
    0x59, 0xa0, 0x02, 0x1d, 0x70, 0x38, 0x9d, 0x51, 0x04, 0x2e, 0xe0, 0x02, 0x65, 
    0x10, 0x02, 0x01, 0xd0, 0x0a, 0xa3, 0x01, 0x06, 0x71, 0x30, 0x8f, 0x68, 0x80, 
    0x05, 0x22, 0xb0, 0x64, 0x9e, 0xf1, 0x02, 0x89, 0x82, 0x00, 0xaa, 0x08, 0x76, 
    0xfe, 0x28, 0x19, 0x39, 0x14, 0x90, 0xd1, 0x11, 0x05, 0x63, 0x90, 0x19, 0x2c, 
    0x60, 0x90, 0x1e, 0x80, 0x03, 0x24, 0xa0, 0x05, 0x6f, 0x40, 0x00, 0xa7, 0x20, 
    0x1a, 0x9e, 0x10, 0x00, 0x38, 0xff, 0x19, 0x00, 0xb3, 0x70, 0x1a, 0xa5, 0x80, 
    0x93, 0x21, 0x60, 0x05, 0xa5, 0x68, 0x06, 0x1d, 0x40, 0x0e, 0xaa, 0xc0, 0x8f, 
    0x94, 0x71, 0x7d, 0x7b, 0xc2, 0x05, 0x82, 0x58, 0x55, 0x8c, 0x85, 0x4d, 0x28, 
    0x39, 0x1c, 0x25, 0xc0, 0x55, 0x93, 0xd1, 0x08, 0x54, 0x20, 0x00, 0x0d, 0x70, 
    0x00, 0x27, 0x20, 0x03, 0x7f, 0xc0, 0x03, 0x67, 0x90, 0x08, 0x3a, 0x20, 0x1a, 
    0xe5, 0x90, 0x93, 0x01, 0x50, 0x63, 0xa3, 0x91, 0x0b, 0x39, 0x19, 0x02, 0x5d, 
    0xd0, 0x07, 0x64, 0xc0, 0x00, 0x28, 0x80, 0x04, 0x6e, 0xc0, 0x07, 0x6e, 0x45, 
    0x19, 0xd6, 0xa8, 0x26, 0xe1, 0x80, 0x74, 0x92, 0xa1, 0x79, 0x4f, 0x39, 0x1c, 
    0xcb, 0x34, 0x19, 0x52, 0x00, 0x03, 0x56, 0x79, 0x00, 0x23, 0x20, 0x03, 0x36, 
    0x80, 0x05, 0x80, 0xe0, 0x0a, 0xe8, 0xe8, 0x19, 0xa4, 0x20, 0x96, 0x0f, 0x27, 
    0x1a, 0xba, 0x20, 0x96, 0x01, 0xe0, 0x00, 0x65, 0x60, 0x05, 0x94, 0x40, 0x06, 
    0x3c, 0x30, 0x09, 0x32, 0x30, 0x09, 0x98, 0x21, 0x09, 0x7b, 0x32, 0x92, 0xab, 
    0x46, 0x12, 0x93, 0x71, 0x44, 0x79, 0x29, 0x1c, 0xc6, 0x43, 0x19, 0x71, 0x66, 
    0x90, 0x78, 0x73, 0x04, 0x49, 0x90, 0x00, 0x5e, 0xe0, 0x8e, 0x8d, 0xe3, 0x19, 
    0x4f, 0x40, 0x0e, 0x62, 0x79, 0x85, 0x9d, 0xe1, 0x08, 0x8e, 0x99, 0x93, 0x83, 
    0x80, 0x0d, 0xc3, 0xb0, 0x0a, 0xd1, 0x28, 0x03, 0x6f, 0x80, 0x19, 0x06, 0xf6, 
    0x03, 0xcd, 0xc3, 0x01, 0x00, 0x09, 0x21, 0x80, 0xd4, 0x8f, 0x15, 0xd2, 0x0f, 
    0xa6, 0xe0, 0x94, 0xa1, 0xe9, 0x0f, 0x11, 0xa0, 0x6a, 0xdc, 0xe6, 0x92, 0x23, 
    0x70, 0x03, 0x49, 0x70, 0x01, 0xab, 0xe9, 0x00, 0x71, 0x30, 0x79, 0x98, 0x21, 
    0x0f, 0x8e, 0xa9, 0x0f, 0x9d, 0x21, 0x06, 0xd5, 0x50, 0x9b, 0x38, 0x69, 0x0e, 
    0x00, 0xff, 0xd8, 0x0f, 0xe2, 0x80, 0x05, 0x76, 0xe0, 0x04, 0x21, 0x40, 0x19, 
    0x80, 0xe0, 0x0f, 0x9a, 0xd5, 0x0f, 0x63, 0x50, 0x04, 0x86, 0x00, 0x0d, 0x2b, 
    0xd0, 0x47, 0xff, 0x81, 0x77, 0x50, 0x58, 0x6d, 0xcb, 0x69, 0x94, 0xfd, 0xd0, 
    0x81, 0xfe, 0x60, 0x00, 0x1b, 0xd0, 0x02, 0x37, 0xa0, 0x02, 0x0a, 0xe0, 0x05, 
    0x65, 0xe0, 0x00, 0x38, 0x29, 0x9b, 0x94, 0x01, 0x0e, 0x57, 0x00, 0x9e, 0xc2, 
    0x37, 0x19, 0x9d, 0x90, 0x09, 0xe0, 0x89, 0x93, 0x0d, 0x4a, 0x19, 0xda, 0x50, 
    0x05, 0x81, 0x10, 0x05, 0x41, 0x94, 0x08, 0x9e, 0x61, 0x04, 0xe8, 0x20, 0x0e, 
    0x9c, 0x80, 0x04, 0x87, 0x05, 0x1d, 0x19, 0x60, 0x2a, 0x4b, 0x49, 0x25, 0xc6, 
    0xb0, 0x9c, 0xb7, 0xe1, 0x71, 0x40, 0x26, 0x5c, 0x11, 0xf0, 0x05, 0x1f, 0x20, 
    0x02, 0x0c, 0x50, 0x9d, 0x39, 0x09, 0x0d, 0xe5, 0x30, 0x19, 0x8a, 0x40, 0x5e, 
    0x11, 0x8a, 0x93, 0x9f, 0xc0, 0x0c, 0xcb, 0xc0, 0x0a, 0x71, 0x90, 0xa3, 0x85, 
    0x80, 0x5d, 0x93, 0xe1, 0x0b, 0x0a, 0xc0, 0x02, 0x3f, 0x70, 0x46, 0xb7, 0x20, 
    0x60, 0xa3, 0x01, 0x02, 0xe5, 0x00, 0x0c, 0xe7, 0x90, 0x0d, 0xe3, 0x90, 0x0b, 
    0xd9, 0x60, 0x0d, 0x11, 0x25, 0x12, 0xa4, 0x80, 0xa2, 0xb6, 0x21, 0x33, 0x94, 
    0xf1, 0x9c, 0x08, 0x50, 0x02, 0x3f, 0x10, 0x0a, 0x16, 0x80, 0x06, 0xee, 0x58, 
    0x9b, 0xbd, 0xc0, 0x0c, 0xbc, 0xf0, 0x0b, 0x39, 0x9a, 0xa6, 0xe0, 0x09, 0x0e, 
    0x9d, 0x61, 0x0a, 0xa3, 0xf0, 0x06, 0x3e, 0x40, 0x8d, 0xd5, 0x37, 0x1a, 0x2a, 
    0xd1, 0x77, 0xcb, 0xa9, 0x67, 0x93, 0xa1, 0x0c, 0x05, 0xd0, 0x9f, 0x07, 0x00, 
    0x03, 0x5c, 0xa0, 0x04, 0xa9, 0x60, 0x05, 0x06, 0xaa, 0xa6, 0x84, 0x4a, 0xa8, 
    0x4d, 0xd7, 0x19, 0xee, 0xd0, 0x07, 0x16, 0x20, 0x07, 0x88, 0xff, 0x40, 0x1a, 
    0x73, 0x6a, 0x9c, 0x1f, 0x81, 0xa5, 0xfe, 0x30, 0x0a, 0x98, 0x91, 0x47, 0x03, 
    0x10, 0x01, 0x33, 0x50, 0x03, 0x7e, 0xa0, 0x09, 0x98, 0x40, 0x91, 0x85, 0x0a, 
    0x9e, 0x71, 0x60, 0x0c, 0xf7, 0x10, 0x00, 0x3f, 0x9a, 0xa6, 0xc5, 0xe0, 0x19, 
    0xc5, 0xe0, 0x0a, 0x04, 0xb0, 0x04, 0x5b, 0x90, 0x2d, 0x4b, 0x85, 0x4b, 0x2c, 
    0x81, 0xa5, 0x03, 0xb0, 0x08, 0x14, 0x6a, 0x1b, 0x05, 0xc0, 0x01, 0x91, 0xa0, 
    0x05, 0x58, 0xe0, 0x05, 0x2f, 0x30, 0xa8, 0x85, 0x3a, 0x08, 0xe1, 0x40, 0x07, 
    0xd6, 0x00, 0x09, 0x86, 0x20, 0x06, 0x4f, 0xd0, 0x06, 0x45, 0x00, 0x06, 0x6c, 
    0x60, 0x0d, 0xd3, 0x30, 0x08, 0xe0, 0x09, 0x63, 0x99, 0x31, 0x0b, 0x5d, 0x40, 
    0x08, 0x42, 0x40, 0x02, 0xdc, 0x60, 0x27, 0xb2, 0xe1, 0x12, 0x58, 0xaa, 0xa1, 
    0x93, 0x51, 0x34, 0x2c, 0x3a, 0x03, 0x3e, 0x60, 0x09, 0x67, 0x20, 0xa8, 0x9f, 
    0xfa, 0x0d, 0xcb, 0xf0, 0x51, 0xb2, 0x71, 0x0b, 0xbc, 0x50, 0x9b, 0x8f, 0x46, 
    0x19, 0x8d, 0x10, 0x00, 0x2e, 0x90, 0x0a, 0x28, 0xe0, 0x06, 0x98, 0x06, 0xa9, 
    0x39, 0x81, 0xa2, 0x07, 0x50, 0x4b, 0x93, 0x01, 0x7d, 0xfd, 0x09, 0x04, 0x51, 
    0x10, 0x0a, 0x58, 0xd0, 0x07, 0x2f, 0xf0, 0xa9, 0xaf, 0x80, 0x6d, 0x1a, 0xf3, 
    0x08, 0x62, 0x19, 0x07, 0xb1, 0x87, 0x19, 0xf0, 0x10, 0x00, 0x65, 0x00, 0x08, 
    0x4a, 0x70, 0x03, 0x66, 0xb0, 0x7b, 0x1c, 0x81, 0xa2, 0x8f, 0x24, 0x19, 0x8f, 
    0x60, 0x1b, 0x02, 0x80, 0x00, 0x5f, 0x50, 0x03, 0x96, 0x40, 0x08, 0x5d, 0xe0, 
    0xab, 0x69, 0x4a, 0x90, 0xb8, 0x24, 0x05, 0x62, 0x49, 0x6a, 0xa0, 0x15, 0x00, 
    0x2f, 0x00, 0x0a, 0x43, 0x70, 0x04, 0x4b, 0x40, 0xb1, 0x1b, 0xb1, 0x9c, 0x07, 
    0x80, 0x19, 0xb5, 0x60, 0x1b, 0x03, 0xff, 0xb0, 0x00, 0x14, 0x30, 0x07, 0x3c, 
    0xc0, 0xab, 0x84, 0x3a, 0x08, 0x9c, 0x37, 0x7c, 0x6c, 0xe0, 0xac, 0x01, 0x60, 
    0x7b, 0x99, 0x61, 0x0e, 0x2a, 0xeb, 0x05, 0x1d, 0x90, 0x05, 0x48, 0x00, 0xb3, 
    0x1a, 0xb1, 0x9c, 0x1e, 0x69, 0x92, 0xb7, 0x51, 0x00, 0x10, 0x10, 0x04, 0x4b, 
    0xc0, 0xa9, 0x22, 0x0b, 0xaa, 0x6c, 0x3a, 0xa7, 0xd4, 0x80, 0x93, 0x05, 0x87, 
    0x19, 0xcf, 0x80, 0x93, 0x2f, 0x40, 0x09, 0x16, 0x80, 0x08, 0xae, 0x68, 0xaf, 
    0x37, 0x11, 0x9a, 0x02, 0x00, 0x0f, 0x94, 0x51, 0x72, 0x1b, 0x4b, 0x03, 0x32, 
    0x60, 0x09, 0xa9, 0xd0, 0x05, 0x84, 0x2a, 0x8a, 0x8f, 0xaa, 0x03, 0xa5, 0xba, 
    0x0e, 0x5f, 0xe9, 0x7c, 0x26, 0xeb, 0x93, 0x8a, 0xca, 0x05, 0x3b, 0xa0, 0x41, 
    0x24, 0xb9, 0x13, 0xa1, 0xe9, 0x8d, 0xfd, 0x20, 0x0a, 0xb7, 0x21, 0x00, 0x12, 
    0xd0, 0x02, 0x88, 0x50, 0x01, 0x94, 0x30, 0xb0, 0x69, 0xca, 0x9d, 0x8f, 0x2a, 
    0x19, 0x74, 0x90, 0x93, 0xd7, 0x70, 0x05, 0xd3, 0x80, 0xa6, 0x67, 0xd9, 0xb7, 
    0x2b, 0x50, 0xa2, 0x29, 0x11, 0x9a, 0xe4, 0x86, 0x94, 0xc2, 0xb5, 0x01, 0x19, 
    0x80, 0x04, 0x0c, 0x90, 0x08, 0x9e, 0x9a, 0xa3, 0x67, 0xf4, 0xa8, 0xad, 0xa0, 
    0xa6, 0x61, 0xcb, 0x03, 0x53, 0xf0, 0xb2, 0x66, 0x7b, 0xb6, 0x4f, 0x09, 0xbb, 
    0x92, 0x31, 0x06, 0xc2, 0x61, 0x00, 0x40, 0xb0, 0x05, 0x22, 0x40, 0x00, 0xe4, 
    0x9a, 0xa3, 0xb2, 0x13, 0xb9, 0x92, 0x61, 0x08, 0xac, 0xeb, 0x05, 0x13, 0x10, 
    0x08, 0x87, 0xd6, 0x99, 0x42, 0x91, 0x97, 0x2b, 0x39, 0x19, 0xe2, 0x13, 0xb5, 
    0x39, 0x10, 0x04, 0x49, 0x10, 0x0f, 0x21, 0x9b, 0xa6, 0x16, 0x09, 0xbc, 0xfd, 
    0xa0, 0x03, 0xb0, 0x99, 0xa3, 0x2f, 0x40, 0xbc, 0x81, 0xd0, 0x07, 0x4c, 0x9b, 
    0x11, 0x4f, 0xff, 0x79, 0x2e, 0x92, 0xf1, 0x2b, 0xc2, 0x51, 0x00, 0x6b, 0x60, 
    0x02, 0x66, 0x40, 0x06, 0x63, 0x1a, 0xa1, 0x5d, 0x6b, 0xbd, 0x70, 0x96, 0xa6, 
    0x61, 0x6b, 0x01, 0x5c, 0xd0, 0x01, 0x9c, 0x8b, 0x12, 0x28, 0x39, 0x00, 0x79, 
    0x2b, 0x19, 0xd1, 0x25, 0x1c, 0x0d, 0x40, 0x03, 0x6e, 0x80, 0x02, 0xa9, 0x50, 
    0x06, 0x69, 0x4a, 0xa5, 0xee, 0xdb, 0x0f, 0xe3, 0x10, 0xa1, 0xbd, 0x70, 0x0e, 
    0xd1, 0x90, 0x08, 0x0a, 0x60, 0x07, 0x37, 0x10, 0x6b, 0xdf, 0x6b, 0x11, 0x28, 
    0x99, 0x58, 0x93, 0x01, 0x0b, 0xd0, 0xd1, 0xbf, 0x6e, 0xf0, 0x06, 0x01, 0x9c, 
    0xa3, 0xbf, 0xd0, 0x6f, 0x91, 0x4b, 0x9b, 0x8e, 0x19, 0x07, 0x86, 0x80, 0x79, 
    0xdd, 0x20, 0xaf, 0x3e, 0x60, 0x03, 0xf5, 0x6b, 0x12, 0x28, 0x49, 0x6b, 0x93, 
    0xc1, 0x59, 0xfc, 0xeb, 0xbf, 0x00, 0x2c, 0xc0, 0x11, 0x6a, 0x50, 0x05, 0xdc, 
    0x0f, 0x20, 0x2c, 0x96, 0x0a, 0x38, 0x19, 0x95, 0xc0, 0x00, 0x7c, 0x10, 0x05, 
    0x34, 0x1c, 0xb8, 0xf7, 0xca, 0x8d, 0xb4, 0xdb, 0x0f, 0xc4, 0x10, 0x1d, 0x05, 
    0x50, 0x02, 0x1f, 0x90, 0xbe, 0xeb, 0x5b, 0x9b, 0x90, 0x55, 0xc3, 0xbd, 0xe0, 
    0x98, 0xed, 0x49, 0x19, 0x9d, 0x40, 0x06, 0x28, 0x20, 0x03, 0x2a, 0x10, 0xc1, 
    0x15, 0x11, 0x90, 0xe7, 0x40, 0x19, 0x75, 0x03, 0x1d, 0x52, 0xfb, 0x03, 0x2a, 
    0x80, 0x0b, 0xd3, 0x5b, 0x9b, 0x71, 0xa0, 0xa4, 0xd6, 0x1b, 0x0e, 0x62, 0x09, 
    0x0d, 0x1e, 0xbc, 0x08, 0x98, 0x60, 0x01, 0x73, 0x70, 0x79, 0x58, 0x3c, 0x11, 
    0xdc, 0xe8, 0x01, 0x10, 0xdc, 0x0f, 0x62, 0xc0, 0x1d, 0x06, 0x70, 0x00, 0x51, 
    0xc0, 0x02, 0x0a, 0xe0, 0x0a, 0xa7, 0x9b, 0xb0, 0x6a, 0x5b, 0xc3, 0xf8, 0x20, 
    0x96, 0xe3, 0xf0, 0x3e, 0x83, 0xa0, 0x09, 0x4b, 0xe0, 0x06, 0xf0, 0xff, 0x18, 
    0xbb, 0x33, 0xc1, 0x8d, 0x91, 0x40, 0x19, 0x63, 0x15, 0x1d, 0x37, 0x4b, 0x01, 
    0x72, 0x60, 0x01, 0x9c, 0xe0, 0xb8, 0x4c, 0x5c, 0xc3, 0x29, 0xa0, 0x0d, 0x62, 
    0xa9, 0x9f, 0x36, 0x1a, 0x00, 0x67, 0x20, 0x08, 0x35, 0xd0, 0x4e, 0x40, 0x2c, 
    0xbb, 0x86, 0xb8, 0x7c, 0x93, 0xd1, 0x84, 0x87, 0xfb, 0x00, 0x33, 0x50, 0x0b, 
    0x4a, 0x20, 0xa6, 0x11, 0x4a, 0x7e, 0xd6, 0xfb, 0xae, 0x62, 0x09, 0xad, 0x83, 
    0x54, 0x06, 0x68, 0xa0, 0x04, 0x47, 0xc0, 0xc2, 0xa5, 0x6c, 0x13, 0x01, 0xd9, 
    0x05, 0x92, 0x01, 0x09, 0x12, 0xc0, 0x1d, 0x56, 0x59, 0x02, 0x26, 0xa0, 0x02, 
    0x84, 0xd0, 0xbb, 0x8e, 0x79, 0x0f, 0xb4, 0xea, 0xbe, 0x6c, 0xe0, 0x98, 0xa1, 
    0x96, 0x19, 0x90, 0xb0, 0xbd, 0x43, 0x90, 0x05, 0x51, 0x8c, 0xbc, 0x3e, 0x81, 
    0x92, 0x5b, 0x00, 0x4c, 0xe6, 0x61, 0x00, 0x1e, 0x10, 0x06, 0x5a, 0xa0, 0x01, 
    0x7d, 0xf0, 0xc7, 0xb1, 0x59, 0xc0, 0xfb, 0xe0, 0x98, 0x74, 0x8b, 0x19, 0xb2, 
    0xb0, 0xb2, 0x16, 0xaa, 0x75, 0x8c, 0x2c, 0x13, 0x92, 0x0a, 0x1d, 0x02, 0x10, 
    0x01, 0x38, 0xe0, 0x03, 0x80, 0xba, 0xc4, 0x62, 0x59, 0x09, 0x05, 0x5c, 0x08, 
    0x8e, 0x39, 0x71, 0x94, 0x61, 0xb7, 0x65, 0x30, 0x0a, 0x28, 0xb0, 0x03, 0x39, 
    0xf6, 0xce, 0x31, 0x11, 0xcf, 0x5e, 0x0c, 0x01, 0x7a, 0xb0, 0x04, 0x09, 0x60, 
    0xba, 0x11, 0xca, 0x8c, 0x91, 0x0b, 0x0b, 0xb5, 0x39, 0xa1, 0x93, 0x61, 0x0e, 
    0x0e, 0x60, 0x05, 0xf1, 0xa0, 0x02, 0x6a, 0x90, 0xce, 0xd8, 0xdc, 0x13, 0x08, 
    0x3d, 0x1c, 0x37, 0x7b, 0x02, 0x53, 0xd0, 0x03, 0x80, 0x30, 0xc6, 0x8e, 0xb9, 
    0x0a, 0x60, 0x36, 0xa7, 0x97, 0x00, 0x9e, 0x8b, 0x29, 0x19, 0xc0, 0x10, 0x00, 
    0x21, 0x90, 0x08, 0x09, 0x10, 0x0a, 0x26, 0xff, 0x60, 0xb0, 0x43, 0xf1, 0xd1, 
    0xc2, 0x61, 0x95, 0xcf, 0xcb, 0x02, 0x09, 0x20, 0xb0, 0x11, 0x7a, 0xad, 0x8f, 
    0x7a, 0x08, 0x39, 0xfa, 0x0e, 0xb0, 0xd0, 0x0c, 0xce, 0x00, 0xb6, 0xa0, 0x50, 
    0x01, 0x59, 0x40, 0x05, 0x29, 0x4c, 0x12, 0x38, 0x2d, 0x1c, 0x37, 0x0b, 0x07, 
    0x3e, 0x80, 0x02, 0xf1, 0xe0, 0xc7, 0x11, 0x7a, 0x7c, 0x56, 0x55, 0x07, 0xd7, 
    0xf0, 0xa9, 0x0e, 0xd0, 0x05, 0x64, 0x60, 0x06, 0x4d, 0xc0, 0x03, 0x71, 0x2c, 
    0xc7, 0x4f, 0xad, 0xb1, 0xb7, 0x1a, 0x06, 0x72, 0x50, 0x05, 0xa3, 0xa0, 0xcc, 
    0x8e, 0x79, 0xb1, 0xb8, 0xa4, 0x03, 0x42, 0x5b, 0xa8, 0x2f, 0xc0, 0x09, 0x3c, 
    0x1c, 0x05, 0xfa, 0x49, 0x14, 0x65, 0x7d, 0x1b, 0x03, 0xf0, 0x00, 0x34, 0x40, 
    0x02, 0x7c, 0x60, 0x01, 0x25, 0x4d, 0xce, 0x39, 0x69, 0x0b, 0xfe, 0x24, 0x3a, 
    0x75, 0xb0, 0xd2, 0x5c, 0x6d, 0x05, 0x67, 0x80, 0x02, 0x47, 0x20, 0x03, 0x4d, 
    0xed, 0xd4, 0x79, 0x6d, 0xb3, 0x12, 0x10, 0x03, 0x6a, 0xc0, 0x02, 0x1d, 0x50, 
    0x98, 0x82, 0x8d, 0x93, 0x97, 0xa0, 0xaf, 0x1a, 0xd3, 0x93, 0x9f, 0xfa, 0x98, 
    0x2e, 0x80, 0x06, 0x3c, 0xa0, 0x05, 0x5b, 0x90, 0x0e, 0x8f, 0x3d, 0x12, 0x91, 
    0x7d, 0x1b, 0xfe, 0x89, 0x03, 0x4d, 0x60, 0x07, 0x5c, 0x89, 0x09, 0x05, 0x0a, 
    0x9e, 0x85, 0xf0, 0xb3, 0xb2, 0xd1, 0x0c, 0xa5, 0x5a, 0xa8, 0xf3, 0x48, 0x09, 
    0x17, 0x60, 0x03, 0x26, 0x30, 0x02, 0x80, 0xdb, 0xd1, 0xd9, 0x9c, 0xda, 0xfe, 
    0x20, 0x00, 0x06, 0xb0, 0x00, 0x33, 0x10, 0x04, 0x5a, 0xc0, 0x04, 0x9a, 0xe0, 
    0x05, 0x5d, 0x90, 0xd9, 0x01, 0x40, 0x0a, 0x42, 0x9a, 0x19, 0xc2, 0x20, 0x0b, 
    0x9f, 0x0d, 0xda, 0xd0, 0x78, 0x8a, 0x2d, 0x60, 0x62, 0x63, 0x4d, 0xd6, 0xc2, 
    0x4d, 0xdc, 0x0b, 0xff, 0xf0, 0x05, 0x7a, 0x80, 0x08, 0x7e, 0xc0, 0x00, 0xa3, 
    0x90, 0x08, 0x13, 0x09, 0x9e, 0xfa, 0x20, 0x05, 0x71, 0x39, 0x19, 0x20, 0x60, 
    0x08, 0xed, 0x50, 0xdd, 0x0e, 0xf0, 0x93, 0xa0, 0xa0, 0x01, 0x42, 0xe0, 0x03, 
    0x30, 0x70, 0x00, 0x64, 0xd9, 0xcb, 0x38, 0x21, 0xdc, 0xb7, 0x1b, 0x01, 0x39, 
    0x40, 0x01, 0x35, 0xc0, 0x07, 0x3d, 0x40, 0x00, 0xa0, 0x00, 0xdb, 0x21, 0x70, 
    0xb5, 0x38, 0x59, 0x09, 0xbc, 0x70, 0x0c, 0xf5, 0x40, 0x07, 0xfc, 0x5c, 0xdd, 
    0x21, 0x50, 0x06, 0x89, 0x70, 0x06, 0x3c, 0xb0, 0x04, 0x32, 0x70, 0x02, 0x40, 
    0xd0, 0x9b, 0xdb, 0xcd, 0xdd, 0xfc, 0x2d, 0x5c, 0x08, 0x70, 0x00, 0x38, 0x10, 
    0xde, 0x36, 0x30, 0x01, 0x9a, 0xf0, 0x89, 0x5d, 0xd0, 0xab, 0x08, 0x5e, 0xdd, 
    0x38, 0x19, 0xdf, 0x2e, 0x80, 0x09, 0x68, 0x40, 0x00, 0x4c, 0x40, 0xd3, 0x27, 
    0x70, 0x00, 0x0d, 0x80, 0xb2, 0xc0, 0xfd, 0x13, 0x1d, 0x9e, 0xd3, 0x06, 0x20, 
    0x01, 0x39, 0x30, 0x02, 0x6a, 0xc0, 0x05, 0x93, 0x50, 0x05, 0x09, 0x40, 0x06, 
    0x5e, 0x80, 0x09, 0x5d, 0x30, 0x91, 0x0e, 0x90, 0xe2, 0x39, 0x9a, 0xe4, 0x11, 
    0x6e, 0x05, 0x9c, 0x00, 0x08, 0x00, 0x30, 0x04, 0x93, 0x50, 0x0b, 0x5b, 0x80, 
    0x01, 0x1b, 0x50, 0x00, 0x1f, 0xb8, 0xe1, 0x1c, 0x9e, 0xe3, 0x1e, 0xee, 0x01, 
    0x34, 0x90, 0x01, 0x1f, 0x30, 0x05, 0x2c, 0x60, 0x09, 0x13, 0xa0, 0x00, 0x84, 
    0x00, 0x08, 0x94, 0x90, 0x08, 0x56, 0x70, 0xe4, 0x2f, 0xd0, 0xe6, 0x21, 0xf0, 
    0xe6, 0x70, 0xfe, 0xe6, 0x6d, 0x5e, 0x06, 0x5d, 0xe0, 0x0a, 0x7d, 0x00, 0x08, 
    0xf1, 0xa0, 0x01, 0x3d, 0x60, 0x03, 0x5c, 0xd0, 0xdb, 0x39, 0x10, 0x01, 0x06, 
    0x20, 0x00, 0x77, 0x7d, 0x14, 0x5c, 0x3e, 0x1c, 0xc4, 0x8d, 0x00, 0x1b, 0xff, 
    0x50, 0x02, 0x70, 0x10, 0x09, 0x6e, 0x30, 0x05, 0x7c, 0x90, 0x04, 0x4c, 0xd0, 
    0x01, 0x17, 0xa0, 0x09, 0x64, 0x30, 0x0a, 0x68, 0xe0, 0x05, 0x94, 0xd0, 0x07, 
    0x7d, 0xc0, 0x09, 0x9c, 0xce, 0xe9, 0x7d, 0x40, 0x09, 0x5e, 0x00, 0x08, 0x64, 
    0x40, 0x00, 0x42, 0x68, 0x03, 0x5a, 0xe0, 0x03, 0x41, 0x30, 0x02, 0x6b, 0xb0, 
    0x00, 0x0d, 0xd0, 0x50, 0x63, 0xa2, 0xe5, 0x5b, 0x5e, 0xe8, 0xc3, 0xad, 0x85, 
    0x5c, 0xf8, 0x05, 0x23, 0xb0, 0x05, 0x26, 0x70, 0x04, 0x73, 0x60, 0x07, 0x93, 
    0x20, 0x08, 0x6f, 0x50, 0x05, 0x15, 0xd0, 0x01, 0x16, 0x80, 0x05, 0x0c, 0x50, 
    0xec, 0xc5, 0x8e, 0x05, 0x16, 0x50, 0x01, 0x4a, 0x20, 0x08, 0x4b, 0x20, 0x07, 
    0x47, 0xa0, 0x06, 0x61, 0xd0, 0x02, 0x25, 0xb0, 0x01, 0x08, 0x10, 0xe8, 0xfe, 
    0x80, 0xa1, 0xa7, 0xad, 0xc2, 0xb2, 0x2e, 0xcf, 0xc4, 0xdd, 0x00, 0x12, 0x70, 
    0x00, 0x39, 0x10, 0x03, 0x27, 0x10, 0x06, 0x7a, 0xf0, 0x01, 0x35, 0xb0, 0x03, 
    0xb5, 0x30, 0x05, 0x88, 0x30, 0x07, 0x2b, 0xd0, 0xee, 0xed, 0x3e, 0x07, 0x88, 
    0x10, 0x08, 0x37, 0xf0, 0x01, 0x5b, 0x40, 0x01, 0x31, 0x90, 0x03, 0x1e, 0xf0, 
    0x00, 0x05, 0x30, 0x00, 0x02, 0x40, 0x1c, 0x3e, 0xa5, 0xdf, 0x3a, 0xb1, 0xed, 
    0xdd, 0x21, 0x00, 0x03, 0x60, 0x00, 0x2f, 0xb8, 0x00, 0x07, 0x00, 0x01, 0x6b, 
    0x80, 0x01, 0x33, 0xd0, 0x02, 0x27, 0x30, 0x02, 0x14, 0x00, 0x03, 0x12, 0x2f, 
    0xf1, 0x14, 0x30, 0x02, 0x2d, 0x10, 0x03, 0x6b, 0xc0, 0x01, 0x1b, 0x10, 0x01, 
    0x0d, 0x10, 0xe8, 0xfd, 0x7e, 0x1b, 0x22, 0x04, 0xeb, 0x14, 0x21, 0xf0, 0xef, 
    0x41, 0xf0, 0x05, 0xef, 0x82, 0x33, 0x18, 0x01, 0x11, 0x20, 0x01, 0x2c, 0xdf, 
    0xf2, 0x12, 0x10, 0x01, 0x0f, 0x80, 0x00, 0x05, 0xf7, 0xf0, 0x5f, 0x1f, 0x3f, 
    0x1c, 0x8e, 0x90, 0xed, 0xf6, 0x4b, 0xf2, 0x07, 0x22, 0x00, 0x3c, 0x6f, 0xf2, 
    0x03, 0xf0, 0xf3, 0x40, 0xcf, 0xef, 0x35, 0x1f, 0x1d, 0xe6, 0x60, 0x4b, 0x40, 
    0xa1, 0xf3, 0xc7, 0x62, 0xda, 0x38, 0x9f, 0xf3, 0x48, 0xbf, 0x2a, 0x87, 0x69, 
    0xd0, 0x01, 0xdf, 0xf4, 0xa4, 0xb2, 0x4a, 0x22, 0x7f, 0x11, 0x52, 0xdf, 0x29, 
    0x57, 0xbc, 0xf4, 0x2a, 0x71, 0xf5, 0x96, 0x82, 0x84, 0x00, 0x7f, 0xf4, 0x5c, 
    0xbf, 0x27, 0x7a, 0x70, 0x05, 0x0b, 0x7b, 0xe3, 0x48, 0x11, 0xf6, 0x73, 0x72, 
    0x5d, 0x55, 0x1f, 0xb3, 0x68, 0x1f, 0x26, 0xde, 0xb4, 0xf6, 0x4d, 0xdb, 0xf6, 
    0x4f, 0x42, 0xf5, 0x5f, 0x7f, 0xd3, 0x72, 0xdf, 0x23, 0x94, 0xaa, 0xf5, 0xda, 
    0x7a, 0xf7, 0x2b, 0xc2, 0x73, 0x70, 0xcf, 0xf6, 0x7c, 0x0f, 0x21, 0x02, 0xa5, 
    0xf7, 0x2f, 0x11, 0xf8, 0x10, 0x02, 0xcc, 0x84, 0x5f, 0xf8, 0x86, 0x7f, 0x1f, 
    0x4c, 0x9d, 0xf8, 0x8a, 0xbf, 0xf8, 0xe6, 0x81, 0x88, 0x75, 0x4f, 0xe8, 0x90, 
    0xdf, 0x1d, 0xda, 0xfd, 0xf7, 0x91, 0x5a, 0xf9, 0xd1, 0x01, 0x0d, 0x46, 0xff, 
    0x14, 0x9a, 0x0f, 0x1d, 0x51, 0x06, 0xf5, 0x67, 0xff, 0xf9, 0xb7, 0x21, 0x0e, 
    0x9d, 0x0f, 0x15, 0xa4, 0x6f, 0x1b, 0x3f, 0xe2, 0xf8, 0x34, 0x91, 0xfa, 0x52, 
    0xc7, 0xfa, 0xad, 0xff, 0xf9, 0x8e, 0x0d, 0xfb, 0xb1, 0x5f, 0xf9, 0x10, 0xb0, 
    0xde, 0x93, 0xef, 0x14, 0x9f, 0x9f, 0xdf, 0xb9, 0xaf, 0xfb, 0x95, 0x5f, 0x9c, 
    0xbd, 0xef, 0xfb, 0x8b, 0x4f, 0x02, 0xa7, 0x5f, 0x15, 0x95, 0x6f, 0xc6, 0x64, 
    0x01, 0xf9, 0x00, 0x40, 0xfb, 0xfb, 0x6d, 0xf8, 0x73, 0xc0, 0xfc, 0xcd, 0xcf, 
    0xf7, 0x23, 0xc0, 0x99, 0x66, 0xcf, 0x15, 0x01, 0x01, 0x00, 0x21, 0xf9, 0x04, 
    0x09, 0x08, 0x00, 0xff, 0x00, 0x2c, 0x00, 0x00, 0x00, 0x00, 0xf0, 0x00, 0xf0, 
    0x00, 0x00, 0x08, 0xff, 0x00, 0xff, 0x09, 0x1c, 0x48, 0xb0, 0xa0, 0xc1, 0x83, 
    0x08, 0x13, 0x2a, 0x5c, 0xc8, 0xb0, 0xa1, 0xc3, 0x87, 0x10, 0x23, 0x4a, 0x9c, 
    0x48, 0xb1, 0xa2, 0xc5, 0x8b, 0x18, 0x33, 0x6a, 0xdc, 0xc8, 0xb1, 0xa3, 0xc7, 
    0x8f, 0x20, 0x43, 0x8a, 0x1c, 0x49, 0xb2, 0xa4, 0xc9, 0x93, 0x28, 0x53, 0xaa, 
    0x5c, 0xc9, 0xb2, 0xa5, 0xcb, 0x97, 0x30, 0x63, 0xca, 0x9c, 0x49, 0xb3, 0xa6, 
    0xcd, 0x9b, 0x38, 0x73, 0xea, 0xdc, 0xc9, 0xb3, 0xa7, 0xcf, 0x9f, 0x40, 0x83, 
    0x0a, 0x1d, 0x4a, 0xb4, 0xa8, 0xd1, 0xa3, 0x48, 0x93, 0x2a, 0x5d, 0xca, 0xb4, 
    0xa9, 0xd3, 0xa7, 0x50, 0xa3, 0x4a, 0x9d, 0x4a, 0xb5, 0xaa, 0xd5, 0xab, 0x58, 
    0xb3, 0x6a, 0xdd, 0xca, 0xb5, 0xab, 0xd7, 0xaf, 0x60, 0xc3, 0x8a, 0x1d, 0x4b, 
    0xb6, 0xac, 0xd9, 0xb3, 0x68, 0xd3, 0xaa, 0x5d, 0xcb, 0xb6, 0xad, 0xdb, 0xb7, 
    0x70, 0xe3, 0xca, 0x9d, 0x4b, 0xb7, 0xae, 0xdd, 0xbb, 0x78, 0xf3, 0xea, 0xdd, 
    0xcb, 0xb7, 0xaf, 0xdf, 0xbf, 0x80, 0x03, 0x0b, 0x1e, 0x4c, 0xb8, 0xb0, 0xe1, 
    0xc3, 0x88, 0x13, 0x2b, 0x5e, 0xcc, 0xb8, 0xb1, 0xe3, 0xc7, 0x90, 0x23, 0xa7, 
    0xec, 0x47, 0xb9, 0xb2, 0xe4, 0xaa, 0x95, 0x33, 0x6b, 0xbe, 0xec, 0x54, 0xb3, 
    0x67, 0xcf, 0x9c, 0x95, 0x7e, 0x1e, 0x9d, 0x39, 0xf4, 0x51, 0xd2, 0xfd, 0x0c, 
    0x41, 0x32, 0x34, 0xda, 0x34, 0xd1, 0xcf, 0xf5, 0x5e, 0x20, 0x81, 0x81, 0xc0, 
    0x1f, 0x02, 0x37, 0xae, 0xc6, 0x80, 0x76, 0xfd, 0xf3, 0xf3, 0x3a, 0x27, 0xfe, 
    0x82, 0x0b, 0x1f, 0xfe, 0x6b, 0x33, 0xef, 0x9e, 0x9f, 0x57, 0x0d, 0x5f, 0x3e, 
    0xfc, 0x5c, 0xe9, 0xe3, 0x3b, 0x3f, 0x67, 0x61, 0x4e, 0xdd, 0xdf, 0x07, 0xe3, 
    0xd0, 0x6f, 0x7a, 0xf6, 0x86, 0xa4, 0x3a, 0xf5, 0x08, 0x69, 0xb0, 0x67, 0xff, 
    0x9f, 0xe9, 0x99, 0x94, 0x77, 0xef, 0xaa, 0x76, 0x8f, 0x8f, 0x59, 0xfe, 0xbc, 
    0xf7, 0x03, 0x45, 0xd4, 0xaf, 0x6f, 0xe9, 0xb9, 0x99, 0xfb, 0xf3, 0x4e, 0x52, 
    0xc8, 0x9f, 0x3f, 0x59, 0xb3, 0x3b, 0x1a, 0xf7, 0x9d, 0xa7, 0x06, 0x33, 0xfb, 
    0xf1, 0x67, 0x92, 0x66, 0xeb, 0x04, 0x18, 0xe0, 0x10, 0x46, 0x88, 0x67, 0x20, 
    0x49, 0x9a, 0xbd, 0xa2, 0xa0, 0x82, 0x48, 0x14, 0xf8, 0xe0, 0x47, 0x9a, 0xe1, 
    0x31, 0xe1, 0x84, 0x2e, 0x38, 0x78, 0xa1, 0x47, 0x9a, 0x81, 0xd0, 0xc4, 0x86, 
    0x13, 0x5a, 0xf3, 0xdc, 0x87, 0x20, 0x69, 0x16, 0x0a, 0x89, 0x13, 0xe2, 0xe0, 
    0x21, 0x8a, 0x19, 0x69, 0x96, 0x09, 0x8b, 0x1b, 0x52, 0x73, 0x22, 0x8c, 0x1b, 
    0x65, 0xa6, 0xc8, 0x03, 0x34, 0x4e, 0x18, 0xca, 0x8b, 0x38, 0x52, 0xa4, 0x59, 
    0x05, 0x3d, 0x4e, 0xb8, 0xc1, 0x13, 0x37, 0x06, 0x69, 0x51, 0x66, 0x6c, 0x14, 
    0xb9, 0xe1, 0x32, 0x49, 0x2a, 0x39, 0x91, 0x66, 0xf8, 0x38, 0x39, 0xa1, 0x3e, 
    0x51, 0x4a, 0x09, 0x91, 0x66, 0x29, 0x40, 0x60, 0xa5, 0x82, 0x96, 0x64, 0xa9, 
    0xa5, 0x43, 0x43, 0x7e, 0xa9, 0xa0, 0x0c, 0x40, 0x8e, 0xa9, 0x90, 0x66, 0xbc, 
    0x98, 0xa9, 0x60, 0x09, 0x69, 0xaa, 0x89, 0x50, 0x66, 0x75, 0xf0, 0xe8, 0x66, 
    0x80, 0x77, 0x88, 0x29, 0xe7, 0x41, 0x9a, 0x2d, 0x71, 0xa7, 0x82, 0x0a, 0xc4, 
    0xb9, 0xe7, 0x40, 0x99, 0x79, 0xf2, 0xa7, 0x82, 0x0b, 0xe8, 0xa0, 0xe7, 0xa0, 
    0x84, 0x56, 0x46, 0xcf, 0xa1, 0x0a, 0x92, 0xb2, 0x28, 0xa3, 0x9a, 0x69, 0x00, 
    0x69, 0x80, 0xa7, 0x4c, 0x3a, 0xa8, 0x66, 0x1f, 0x5c, 0x7a, 0x5f, 0x1f, 0x9a, 
    0xee, 0xa9, 0x99, 0x05, 0x9e, 0xba, 0xc7, 0x85, 0xa0, 0x9b, 0x56, 0x46, 0x40, 
    0xa9, 0xe7, 0x0d, 0xc0, 0x5a, 0xa8, 0x6a, 0x56, 0xff, 0x46, 0x0b, 0xab, 0xee, 
    0xf1, 0x81, 0xea, 0x9e, 0x74, 0xc4, 0xf3, 0x41, 0x14, 0x26, 0x98, 0xd0, 0x44, 
    0x18, 0xb4, 0x32, 0x27, 0x0b, 0xac, 0x63, 0xf6, 0xd3, 0x8c, 0x2e, 0x48, 0x66, 
    0xa6, 0x4c, 0x31, 0x01, 0xd8, 0xb0, 0x45, 0xb0, 0x7f, 0x10, 0x1b, 0x24, 0x6a, 
    0x9f, 0x95, 0x03, 0x0d, 0x09, 0xa5, 0xc2, 0x71, 0xeb, 0xb4, 0xd4, 0x92, 0x36, 
    0xcd, 0x11, 0x9e, 0x12, 0x23, 0xed, 0x87, 0xfe, 0x10, 0xd1, 0x2d, 0x6a, 0xbb, 
    0x04, 0x01, 0xa9, 0x1f, 0xdb, 0x1a, 0xb8, 0x1c, 0xa8, 0x94, 0x79, 0x22, 0x49, 
    0x31, 0xd3, 0x74, 0x53, 0x49, 0x25, 0xe1, 0x38, 0x02, 0x0c, 0x3f, 0xa4, 0x19, 
    0x41, 0xe4, 0xa1, 0x36, 0x8e, 0x9b, 0x1d, 0x75, 0x93, 0x24, 0xf2, 0xc7, 0x02, 
    0xde, 0x09, 0xa0, 0x47, 0x02, 0x92, 0x7e, 0x46, 0x8d, 0x04, 0x7f, 0x3a, 0x61, 
    0x9c, 0x85, 0xeb, 0x6d, 0x18, 0xc9, 0x0e, 0x5e, 0x0e, 0xf7, 0xc3, 0x29, 0xe0, 
    0x78, 0x46, 0x0c, 0x15, 0x7f, 0x66, 0xb3, 0xc8, 0xb9, 0x9f, 0x0d, 0xac, 0xe0, 
    0x0b, 0x94, 0xe9, 0x20, 0x8e, 0x20, 0xcb, 0x2d, 0x00, 0xcd, 0x67, 0x7d, 0xdc, 
    0xb9, 0x41, 0x7c, 0x24, 0x97, 0x7c, 0x5c, 0x70, 0x2d, 0x64, 0x20, 0x40, 0x75, 
    0x33, 0x78, 0x56, 0xcf, 0xb3, 0xc3, 0x21, 0x82, 0x8e, 0x67, 0x95, 0x98, 0xe9, 
    0x81, 0x14, 0x35, 0x53, 0xcb, 0xdb, 0x23, 0xe1, 0xe5, 0x61, 0x8e, 0x10, 0x08, 
    0x0f, 0xd7, 0xc2, 0x67, 0xec, 0x0c, 0xc0, 0x5c, 0x71, 0x9a, 0xd5, 0xf3, 0xa5, 
    0x08, 0xa3, 0xa1, 0x93, 0xce, 0x36, 0x75, 0x24, 0x4d, 0x59, 0x63, 0xd4, 0x4d, 
    0xe0, 0x99, 0x30, 0x0e, 0x78, 0x30, 0xdc, 0xcb, 0x9e, 0x41, 0xcc, 0x1c, 0x20, 
    0xe6, 0x66, 0x76, 0x8c, 0x95, 0x81, 0x68, 0x96, 0x4c, 0x38, 0x7f, 0x08, 0x87, 
    0x81, 0x38, 0xe8, 0x94, 0xff, 0xd2, 0x4a, 0x2e, 0x04, 0x30, 0x50, 0xc8, 0x21, 
    0xa8, 0x2d, 0x56, 0x9d, 0x2b, 0xa3, 0xed, 0xb3, 0x1c, 0x09, 0x60, 0x57, 0x66, 
    0xcd, 0xce, 0xd4, 0xc1, 0xf0, 0x6a, 0x65, 0xba, 0x58, 0xf9, 0x09, 0x65, 0xd9, 
    0xa8, 0x5b, 0x9d, 0x01, 0xcc, 0x65, 0x41, 0x0b, 0x69, 0x8a, 0x55, 0x37, 0x42, 
    0x39, 0xa3, 0xe5, 0xc0, 0x9c, 0x07, 0x68, 0x64, 0x52, 0x89, 0xe9, 0xde, 0x61, 
    0x20, 0x8a, 0x66, 0xe6, 0x39, 0x29, 0xc3, 0x88, 0x34, 0xd6, 0x52, 0xc8, 0x30, 
    0x0d, 0xb6, 0xab, 0x97, 0x77, 0x08, 0x90, 0xe1, 0x88, 0xa2, 0x99, 0xb9, 0x5d, 
    0xa4, 0x2f, 0x9a, 0xe5, 0x13, 0xac, 0x7b, 0x23, 0xac, 0x42, 0x31, 0x60, 0xf7, 
    0xd1, 0x50, 0x05, 0x2d, 0x9d, 0xc0, 0x73, 0xc6, 0x97, 0x03, 0x04, 0x5c, 0x59, 
    0x19, 0xc7, 0xbb, 0x17, 0xa8, 0xee, 0x78, 0x29, 0x08, 0x44, 0x04, 0x77, 0xea, 
    0x96, 0x19, 0xb6, 0xd9, 0x7b, 0x37, 0x84, 0xcd, 0x81, 0x31, 0x07, 0x41, 0xd4, 
    0x01, 0x9e, 0x70, 0xc4, 0x04, 0x85, 0xbc, 0xf3, 0x8a, 0x38, 0xc1, 0xbc, 0x81, 
    0x43, 0x80, 0x1e, 0x0c, 0x5d, 0x19, 0x31, 0x05, 0x94, 0xef, 0xdd, 0x2c, 0xcb, 
    0xab, 0xcb, 0x79, 0x56, 0xd1, 0x08, 0x4f, 0x38, 0x02, 0x0d, 0x25, 0x38, 0x0f, 
    0x26, 0xf0, 0xa0, 0x9f, 0xcf, 0x2c, 0xe2, 0x13, 0x01, 0xc2, 0x80, 0x66, 0xe8, 
    0xe0, 0x3f, 0xef, 0x24, 0x82, 0x7b, 0x6c, 0x39, 0x0f, 0x19, 0x34, 0x03, 0x06, 
    0x15, 0x54, 0x47, 0x7c, 0xd4, 0x02, 0xc6, 0x0a, 0xee, 0x73, 0x06, 0xcd, 0xe8, 
    0xa1, 0x82, 0xd5, 0x49, 0x85, 0xb8, 0xfa, 0x91, 0x89, 0x06, 0xec, 0xc5, 0x3d, 
    0xeb, 0xf0, 0x8c, 0x0e, 0xac, 0xb6, 0x1c, 0x6e, 0x24, 0x4d, 0x1b, 0xf7, 0x71, 
    0x46, 0x66, 0xf8, 0x81, 0x42, 0xef, 0xfc, 0x01, 0x64, 0xc1, 0xd9, 0xdd, 0x08, 
    0xff, 0x32, 0x50, 0x9d, 0x25, 0x78, 0x26, 0x0d, 0x34, 0xc4, 0x19, 0x2f, 0xc4, 
    0xd6, 0x0f, 0x56, 0xb8, 0xe7, 0x00, 0x9a, 0x71, 0x40, 0x0f, 0xef, 0xa3, 0x17, 
    0x6c, 0xe8, 0xa7, 0x1a, 0xac, 0x5b, 0x9c, 0x33, 0x56, 0xd8, 0x0f, 0x42, 0x0c, 
    0x07, 0x0a, 0xb7, 0x60, 0x22, 0x65, 0x36, 0xe1, 0x1e, 0x0d, 0x64, 0x26, 0x05, 
    0x53, 0x0c, 0x10, 0x5e, 0x32, 0x63, 0x8a, 0xfe, 0x55, 0x07, 0x11, 0x17, 0xa8, 
    0xc5, 0x72, 0x96, 0x28, 0x46, 0xca, 0x18, 0xc3, 0x3d, 0xba, 0xc8, 0x8c, 0x2b, 
    0xd2, 0xa8, 0xc6, 0xba, 0x68, 0x06, 0x18, 0x24, 0x62, 0x43, 0x1d, 0x2b, 0x93, 
    0x45, 0xea, 0x40, 0x41, 0x33, 0x40, 0xe0, 0xe3, 0x7d, 0x2c, 0x80, 0xc1, 0xae, 
    0x78, 0xc6, 0x05, 0x1b, 0x02, 0x61, 0x1d, 0x71, 0x78, 0x1e, 0xe2, 0x55, 0x46, 
    0x8a, 0x8a, 0xf4, 0x0e, 0x10, 0x4a, 0x01, 0xba, 0xb5, 0x70, 0x70, 0x43, 0x74, 
    0x18, 0x24, 0x65, 0x8c, 0xa0, 0x36, 0xef, 0xa8, 0x21, 0x33, 0xc4, 0xc8, 0xa4, 
    0x77, 0x82, 0xd0, 0x2d, 0x4f, 0x66, 0x66, 0x07, 0x13, 0xba, 0x84, 0x28, 0x29, 
    0xa3, 0x04, 0xf7, 0xd8, 0x23, 0x33, 0x70, 0x50, 0xe5, 0x77, 0xf2, 0xa4, 0x34, 
    0xb5, 0x64, 0xa6, 0x68, 0x0a, 0x4a, 0xc0, 0x2c, 0xfb, 0x61, 0x0e, 0xf7, 0xb0, 
    0xab, 0x32, 0x83, 0xd0, 0x25, 0x75, 0x06, 0x90, 0x88, 0x4d, 0x98, 0x22, 0x3c, 
    0xad, 0x49, 0x4b, 0x66, 0x62, 0x01, 0xb9, 0xfb, 0x8c, 0x60, 0x98, 0xc3, 0x70, 
    0x0f, 0x0d, 0x32, 0x53, 0x0e, 0x65, 0x9e, 0xa7, 0x05, 0x54, 0x70, 0x01, 0x33, 
    0xda, 0xd0, 0xc8, 0xab, 0x68, 0x46, 0x0d, 0x13, 0xaa, 0xc7, 0x2c, 0x0d, 0x71, 
    0x9f, 0x47, 0x64, 0x66, 0x84, 0xde, 0xd4, 0x66, 0x3a, 0xca, 0x69, 0x95, 0xcc, 
    0x58, 0x62, 0x42, 0x55, 0x98, 0x65, 0x0a, 0x72, 0x79, 0xff, 0x1e, 0x5c, 0x64, 
    0x06, 0x82, 0xf1, 0x74, 0x4f, 0x01, 0xe8, 0x89, 0x99, 0xca, 0x5c, 0x60, 0x42, 
    0x39, 0x18, 0xa6, 0x19, 0xdc, 0xc3, 0x01, 0x10, 0x54, 0xa6, 0x15, 0x01, 0xbd, 
    0x8f, 0x24, 0x04, 0x86, 0x95, 0xcc, 0x30, 0x60, 0x43, 0xf9, 0x98, 0xe5, 0xf4, 
    0xf0, 0x58, 0x99, 0x22, 0x24, 0x31, 0xa2, 0xd4, 0x41, 0x1c, 0x45, 0xeb, 0x59, 
    0x99, 0x8b, 0x4e, 0x68, 0x00, 0xca, 0x10, 0x25, 0x20, 0xee, 0x43, 0x89, 0xcc, 
    0xa0, 0x13, 0xa4, 0xd5, 0xf1, 0x40, 0x03, 0x2d, 0x93, 0xa3, 0x00, 0x46, 0xa7, 
    0x32, 0x1e, 0xdc, 0x10, 0x13, 0x44, 0x09, 0x8a, 0xfb, 0xfc, 0xa8, 0x32, 0x58, 
    0x80, 0xa9, 0x77, 0xc8, 0x61, 0xd3, 0x86, 0x9c, 0x2b, 0x28, 0x9a, 0xf9, 0x01, 
    0x89, 0xe0, 0x34, 0x48, 0x32, 0xdc, 0x47, 0x0f, 0x99, 0x99, 0x85, 0x50, 0xbd, 
    0x23, 0x8d, 0xa2, 0xf2, 0x89, 0x89, 0xbd, 0xa9, 0x8c, 0x18, 0xc0, 0x47, 0xa2, 
    0x6a, 0x0c, 0xb2, 0x53, 0x0c, 0x4d, 0x56, 0x3f, 0xa8, 0x31, 0xd5, 0xea, 0x38, 
    0x01, 0x69, 0xed, 0x9a, 0xa5, 0x4f, 0x32, 0x03, 0x48, 0x16, 0x45, 0x20, 0x8c, 
    0x4c, 0x2c, 0x86, 0x82, 0xd0, 0xda, 0x0f, 0x70, 0x70, 0x6e, 0x99, 0x19, 0x03, 
    0x29, 0x1d, 0x35, 0x75, 0xae, 0x34, 0x74, 0x02, 0x0c, 0x60, 0xe8, 0x44, 0x34, 
    0x6f, 0x4a, 0x99, 0x74, 0xf4, 0x88, 0x05, 0x4c, 0xa4, 0x87, 0xf0, 0xdc, 0x63, 
    0x8b, 0xcc, 0x50, 0x80, 0x3a, 0x3e, 0x50, 0x46, 0x27, 0xc8, 0x21, 0xd4, 0x5e, 
    0x2c, 0x8f, 0x5a, 0x6d, 0x10, 0xc5, 0x20, 0xfe, 0xd0, 0x02, 0x20, 0xe4, 0x00, 
    0x02, 0x07, 0x70, 0x43, 0x30, 0x04, 0x49, 0xd0, 0x03, 0x55, 0xa6, 0x0b, 0x45, 
    0xc2, 0x42, 0xcd, 0x32, 0x61, 0x87, 0x0d, 0x55, 0x22, 0x33, 0x37, 0x60, 0xce, 
    0x06, 0xe0, 0xda, 0x8f, 0x5e, 0xff, 0x08, 0xf5, 0x72, 0x59, 0x42, 0x4d, 0x1b, 
    0x6c, 0xa1, 0x81, 0x04, 0x7a, 0x67, 0x01, 0x96, 0x1c, 0xe9, 0x49, 0xde, 0xe9, 
    0xa4, 0x23, 0xd8, 0x43, 0x0c, 0x9f, 0xd9, 0x03, 0x23, 0xe8, 0xa1, 0x01, 0x22, 
    0x92, 0x68, 0x10, 0x99, 0xc9, 0xdb, 0x72, 0xb4, 0x95, 0x99, 0x19, 0x08, 0x75, 
    0x1a, 0x49, 0x22, 0x0d, 0x1b, 0xf2, 0x91, 0x84, 0x35, 0x4c, 0xa8, 0x1d, 0xa5, 
    0x1d, 0x49, 0x66, 0x74, 0xe0, 0x46, 0x27, 0x71, 0x80, 0x04, 0x4d, 0xf8, 0x80, 
    0x7a, 0x4d, 0xa0, 0x86, 0x18, 0x38, 0xa9, 0x84, 0x95, 0xe9, 0x00, 0x75, 0x86, 
    0x91, 0x99, 0x39, 0x08, 0x95, 0x95, 0x27, 0x1a, 0x8d, 0x18, 0xac, 0x50, 0x1b, 
    0x16, 0x3d, 0x23, 0xbc, 0x21, 0xc9, 0x8c, 0x2f, 0x40, 0x2a, 0x4c, 0x83, 0x52, 
    0x47, 0x06, 0xb9, 0x63, 0xc3, 0x06, 0x84, 0x1a, 0x03, 0xec, 0xcc, 0x94, 0x32, 
    0x7b, 0xb8, 0x82, 0x6f, 0x69, 0xf4, 0x00, 0x6f, 0x08, 0x57, 0xbc, 0x99, 0x41, 
    0x6d, 0x44, 0x55, 0xab, 0xaa, 0xea, 0x64, 0xc0, 0x18, 0xc6, 0xf8, 0x42, 0x59, 
    0xf7, 0xda, 0x0f, 0x29, 0x04, 0xc7, 0x07, 0x0e, 0xa5, 0x4c, 0x25, 0xac, 0x6b, 
    0xa5, 0x9d, 0xd2, 0xd4, 0x26, 0x9a, 0x39, 0x01, 0x48, 0x39, 0x4c, 0x19, 0x00, 
    0x94, 0xf5, 0x3e, 0x39, 0x08, 0x1b, 0x65, 0x1a, 0xe1, 0x5d, 0x7f, 0x98, 0x20, 
    0x17, 0xc1, 0x00, 0xda, 0xd6, 0x2e, 0x2c, 0x92, 0xcc, 0x18, 0x0f, 0xa4, 0x0c, 
    0xc8, 0xcc, 0xaa, 0xcc, 0xf4, 0x87, 0x28, 0xa4, 0xb1, 0x03, 0x99, 0x11, 0x82, 
    0xa7, 0xa0, 0xfb, 0x62, 0x9a, 0x68, 0x06, 0x0a, 0x30, 0xd5, 0x44, 0x66, 0x82, 
    0x6a, 0x25, 0x0a, 0xe8, 0x06, 0x04, 0xdf, 0x78, 0x69, 0x05, 0x49, 0x90, 0x99, 
    0x98, 0x41, 0x6a, 0x00, 0x9c, 0xac, 0x32, 0x79, 0x2a, 0x73, 0x07, 0xa1, 0x06, 
    0x20, 0xff, 0x33, 0x36, 0xf8, 0x92, 0x57, 0x33, 0x53, 0x0c, 0x2d, 0x54, 0x30, 
    0x03, 0x99, 0xd9, 0xc6, 0xa5, 0x8e, 0xa9, 0x66, 0xf6, 0x64, 0x46, 0xbe, 0x30, 
    0xcd, 0x54, 0x65, 0x62, 0x6b, 0xa5, 0x5d, 0x7c, 0x46, 0x1b, 0x79, 0x0d, 0x16, 
    0x04, 0x14, 0x51, 0x99, 0x04, 0x41, 0xaa, 0x10, 0x44, 0x4e, 0x51, 0x65, 0x62, 
    0x31, 0xd5, 0x86, 0xf5, 0xc3, 0x08, 0xee, 0xb5, 0xd2, 0xa9, 0x3e, 0x23, 0x85, 
    0x8f, 0xd2, 0x2a, 0x0f, 0x95, 0xd1, 0x10, 0xa4, 0x86, 0xd5, 0x67, 0x3f, 0x53, 
    0x46, 0xaa, 0x42, 0x35, 0x45, 0x65, 0xf2, 0xe0, 0xa6, 0xcf, 0x7d, 0x46, 0xcc, 
    0xc1, 0x82, 0x12, 0x65, 0x52, 0xe0, 0xdc, 0x3f, 0x8d, 0x03, 0xc0, 0x1d, 0xc9, 
    0x0c, 0x0b, 0x84, 0xca, 0x81, 0x3d, 0x54, 0x86, 0x8c, 0x66, 0x5a, 0xc1, 0x68, 
    0x58, 0x7c, 0x3c, 0xac, 0x51, 0xa6, 0x06, 0x90, 0x9a, 0x04, 0xae, 0x6b, 0x0a, 
    0xe1, 0x05, 0xc3, 0x74, 0x0b, 0x51, 0x1d, 0x8e, 0x09, 0x64, 0x20, 0x62, 0x16, 
    0x11, 0x48, 0x33, 0xc2, 0xd0, 0x70, 0xf6, 0x70, 0xd0, 0xb1, 0x7e, 0x1c, 0xe3, 
    0xae, 0x87, 0xda, 0xc7, 0xb2, 0x63, 0x54, 0x19, 0x53, 0x4c, 0x55, 0x0b, 0x99, 
    0x49, 0x40, 0x70, 0x0c, 0x90, 0x09, 0xca, 0x3c, 0x01, 0x0f, 0xa4, 0xf8, 0x46, 
    0x07, 0x3e, 0xb0, 0xd8, 0xea, 0x60, 0x29, 0x33, 0xdd, 0xa8, 0x40, 0xbd, 0x8f, 
    0x97, 0x03, 0x6d, 0x60, 0xcf, 0x53, 0x4c, 0x2d, 0x35, 0x7d, 0x2a, 0xe3, 0x88, 
    0xa9, 0x5e, 0xb0, 0x32, 0x60, 0x15, 0xf6, 0x68, 0x84, 0xb1, 0x09, 0x6e, 0xf8, 
    0xe1, 0x03, 0x00, 0x5a, 0x8e, 0x04, 0x33, 0x43, 0x89, 0x1b, 0x17, 0x89, 0x15, 
    0x91, 0x66, 0x36, 0x65, 0x7a, 0x30, 0x55, 0x13, 0x51, 0x46, 0x1a, 0xc2, 0xf9, 
    0x69, 0xb7, 0xf6, 0x00, 0x09, 0x3a, 0xfc, 0xa2, 0x02, 0x35, 0xff, 0x58, 0x83, 
    0x23, 0x32, 0xc3, 0x0c, 0x8b, 0xa7, 0x36, 0xe3, 0x1a, 0xc9, 0x8c, 0x11, 0x38, 
    0x20, 0xd4, 0x1c, 0xe4, 0xae, 0x1f, 0x6d, 0xf5, 0x47, 0x04, 0xd4, 0x21, 0x46, 
    0xe0, 0x55, 0x26, 0xe2, 0x2e, 0x67, 0x91, 0xb2, 0x05, 0xbe, 0x12, 0x3a, 0x4f, 
    0x35, 0xc9, 0x95, 0xd1, 0xc7, 0x72, 0x90, 0x10, 0x8c, 0x62, 0x58, 0x58, 0x8c, 
    0x21, 0x08, 0x7a, 0x8f, 0x0a, 0x3c, 0x36, 0x99, 0x64, 0xc6, 0x52, 0x42, 0x0d, 
    0x65, 0x65, 0x5a, 0x5b, 0x1d, 0x28, 0xf8, 0x01, 0x13, 0xe2, 0x58, 0x06, 0x3b, 
    0x48, 0xf6, 0xaf, 0x0d, 0xad, 0xc1, 0x04, 0x91, 0xf0, 0x34, 0x4c, 0xdb, 0x4d, 
    0xf4, 0xfe, 0xcc, 0x9a, 0xab, 0x20, 0x6d, 0x00, 0x39, 0x29, 0xd3, 0x89, 0x6a, 
    0xde, 0x07, 0x06, 0x1d, 0x50, 0x85, 0x3a, 0x62, 0x41, 0x9a, 0x3d, 0xc8, 0x78, 
    0x42, 0x49, 0x98, 0x3b, 0x3b, 0x44, 0x50, 0x56, 0x09, 0xdc, 0xbc, 0x1f, 0x56, 
    0xaf, 0x0c, 0x59, 0xef, 0x9b, 0x19, 0xc3, 0xd2, 0xc8, 0x00, 0x4e, 0xf0, 0x03, 
    0x27, 0x4e, 0xc1, 0x0c, 0x9f, 0xf7, 0x23, 0x0f, 0x99, 0xbe, 0x0f, 0x0e, 0x52, 
    0x8c, 0xf0, 0xa9, 0xca, 0x61, 0xdc, 0x15, 0x51, 0xd1, 0x54, 0x09, 0x11, 0x65, 
    0x37, 0xd5, 0x42, 0x33, 0xe6, 0x0e, 0x90, 0xad, 0x34, 0x13, 0x87, 0xa9, 0x6a, 
    0xbd, 0xea, 0x30, 0xc9, 0x0c, 0x2c, 0xca, 0x7a, 0x4b, 0x77, 0xb3, 0xef, 0x4b, 
    0xca, 0xcb, 0x0c, 0x24, 0xef, 0x73, 0x00, 0x3c, 0x68, 0x06, 0x5c, 0x30, 0xfd, 
    0x02, 0xe8, 0x85, 0x34, 0xbe, 0xa9, 0x9e, 0x20, 0x33, 0x6d, 0xfe, 0x13, 0x95, 
    0x2b, 0xe3, 0xd4, 0xfb, 0x78, 0xe0, 0x13, 0xcf, 0xc0, 0x43, 0x3b, 0x08, 0x0d, 
    0x53, 0x1b, 0xc2, 0x7c, 0x49, 0x99, 0x11, 0x45, 0x59, 0x41, 0x91, 0x99, 0x68, 
    0x40, 0x2a, 0x19, 0x9a, 0x79, 0xac, 0xff, 0xd4, 0xdd, 0x33, 0x39, 0xc4, 0xc7, 
    0x3e, 0x33, 0xb5, 0x86, 0x29, 0xe1, 0x2a, 0x03, 0x6b, 0x37, 0x71, 0x00, 0x0c, 
    0x99, 0x31, 0x44, 0x79, 0xc7, 0xcf, 0x1c, 0x3c, 0x5f, 0x3f, 0xf4, 0x99, 0xf9, 
    0xb7, 0x50, 0x85, 0x1f, 0x6a, 0x4f, 0x4d, 0x41, 0x33, 0xf2, 0x40, 0x7f, 0xd5, 
    0x01, 0x5f, 0xb0, 0x37, 0x70, 0x95, 0x51, 0x07, 0x37, 0x46, 0x63, 0xfd, 0xe0, 
    0x05, 0xa5, 0xb2, 0x41, 0x99, 0x81, 0x02, 0x02, 0xc8, 0x1c, 0x9e, 0x70, 0x7f, 
    0xc4, 0x57, 0x19, 0x55, 0x70, 0x63, 0x13, 0x55, 0x19, 0x99, 0x77, 0x29, 0xce, 
    0x91, 0x19, 0x5c, 0x10, 0x81, 0xc2, 0xa1, 0x04, 0xc3, 0x17, 0x11, 0x9a, 0x71, 
    0x0e, 0x37, 0xa6, 0x70, 0x94, 0x31, 0x7b, 0xac, 0x32, 0x00, 0x9c, 0xd7, 0x0f, 
    0x29, 0x60, 0x27, 0x11, 0xd8, 0x0a, 0x14, 0x38, 0x25, 0x99, 0xd1, 0x63, 0x53, 
    0xb5, 0x09, 0x65, 0x16, 0x2c, 0x2a, 0xa0, 0x19, 0xb6, 0x00, 0x82, 0x2e, 0x32, 
    0x83, 0x24, 0x98, 0x19, 0xd3, 0x70, 0x63, 0x3d, 0x53, 0x19, 0x44, 0x00, 0x6e, 
    0xac, 0x22, 0x08, 0x9a, 0x81, 0x09, 0x11, 0x78, 0x3e, 0x6d, 0x57, 0x12, 0xd8, 
    0x76, 0x7b, 0x30, 0xd5, 0x05, 0x99, 0x91, 0x4c, 0xd9, 0x63, 0x59, 0x95, 0x91, 
    0x02, 0x34, 0x47, 0x7f, 0x57, 0x00, 0x84, 0x5b, 0x92, 0x19, 0x27, 0x74, 0x63, 
    0xbe, 0x36, 0x6b, 0x30, 0x78, 0x3c, 0xb0, 0x90, 0x19, 0x07, 0x45, 0x7f, 0xe0, 
    0xf7, 0x84, 0x18, 0x56, 0x19, 0xb6, 0x75, 0x63, 0x44, 0x55, 0x19, 0x73, 0xe3, 
    0x3f, 0x64, 0x56, 0x19, 0x76, 0x46, 0x7f, 0x5c, 0x64, 0x7e, 0x2c, 0x11, 0x7f, 
    0x16, 0x77, 0x48, 0x99, 0x31, 0x05, 0x28, 0x24, 0x08, 0x6c, 0x60, 0x04, 0xdc, 
    0x10, 0x81, 0x4f, 0x57, 0x80, 0x2a, 0x91, 0x19, 0x72, 0x60, 0x71, 0x21, 0x90, 
    0x19, 0x8f, 0xff, 0x30, 0x45, 0x12, 0x30, 0x02, 0x11, 0x78, 0x00, 0x73, 0x87, 
    0x88, 0x6e, 0x57, 0x39, 0x16, 0x17, 0x07, 0xd5, 0x05, 0x82, 0x69, 0x34, 0x74, 
    0x6c, 0x58, 0x64, 0x94, 0x11, 0x09, 0x2e, 0x47, 0x01, 0xa8, 0xd0, 0x0f, 0x62, 
    0xd0, 0x53, 0x9c, 0x38, 0x45, 0xd1, 0xe0, 0x85, 0x0f, 0x41, 0x19, 0xa4, 0x12, 
    0x74, 0x02, 0x60, 0x02, 0x85, 0x94, 0x8a, 0x1b, 0xc2, 0x05, 0xbe, 0xb0, 0x0e, 
    0x89, 0x46, 0x22, 0xa4, 0xf3, 0x89, 0x45, 0xc6, 0x08, 0xb4, 0xf8, 0x8b, 0x01, 
    0xe2, 0x87, 0xfd, 0xe0, 0x0e, 0x3d, 0xc2, 0x67, 0x96, 0x38, 0x19, 0xc0, 0x01, 
    0x8c, 0xca, 0x58, 0x1d, 0x28, 0x53, 0x19, 0xac, 0x30, 0x09, 0x24, 0x92, 0x0a, 
    0x23, 0x18, 0x11, 0xda, 0xb6, 0x8c, 0xd6, 0x28, 0x1c, 0x6c, 0x93, 0x19, 0xa7, 
    0x70, 0x04, 0xf7, 0x83, 0x1f, 0x0a, 0x80, 0x0d, 0x56, 0x35, 0x12, 0xd7, 0x38, 
    0x8e, 0xc2, 0x01, 0x69, 0x9f, 0x91, 0x06, 0x8c, 0xb0, 0x0b, 0xb9, 0x10, 0x00, 
    0x17, 0x50, 0x01, 0x43, 0xc0, 0x03, 0xae, 0xd0, 0x0b, 0xa5, 0x88, 0x3e, 0x2e, 
    0x41, 0x8e, 0xe4, 0xd8, 0x85, 0xc3, 0x74, 0x8c, 0x2b, 0x61, 0x8f, 0xe3, 0x88, 
    0x71, 0xf9, 0x38, 0x13, 0xfc, 0x78, 0x8d, 0xdb, 0x30, 0x4c, 0x35, 0x11, 0x90, 
    0xd6, 0x18, 0x0f, 0xf9, 0x75, 0x54, 0x37, 0x61, 0x90, 0xcb, 0xc8, 0x09, 0xac, 
    0x88, 0x12, 0x0c, 0x19, 0x74, 0x50, 0x30, 0x0b, 0xc7, 0x50, 0x91, 0xac, 0xa0, 
    0x0a, 0x1d, 0x80, 0x01, 0xc2, 0xe1, 0x4e, 0xbc, 0xb8, 0x13, 0x11, 0x79, 0x63, 
    0x26, 0x80, 0x0b, 0x96, 0x57, 0x19, 0x3a, 0xb0, 0x0d, 0x44, 0x24, 0x58, 0x1d, 
    0xa9, 0x13, 0x1f, 0x29, 0x54, 0xb8, 0xc0, 0x08, 0xdd, 0x92, 0x02, 0xe7, 0x00, 
    0x7f, 0x29, 0x99, 0x13, 0x2b, 0x19, 0x51, 0x1c, 0x80, 0x5d, 0x62, 0xff, 0xa4, 
    0x14, 0x35, 0x19, 0x4f, 0x24, 0xa0, 0x63, 0x9a, 0xa1, 0x03, 0xd2, 0x20, 0x93, 
    0x9d, 0x84, 0x14, 0x3b, 0xa9, 0x4c, 0x5a, 0x10, 0x37, 0x99, 0x01, 0x06, 0xef, 
    0x80, 0x01, 0x1e, 0x00, 0x01, 0x19, 0xe0, 0x07, 0xe3, 0x70, 0x78, 0x33, 0x49, 
    0x93, 0x45, 0x99, 0x49, 0x14, 0xe0, 0x19, 0x52, 0x40, 0x00, 0xb9, 0x18, 0x1c, 
    0x5b, 0x50, 0x89, 0x53, 0x89, 0x13, 0x55, 0x99, 0x49, 0x32, 0x98, 0x19, 0x8f, 
    0x72, 0x1e, 0x5c, 0x33, 0x8d, 0x2a, 0x11, 0x96, 0x7c, 0xe4, 0x6a, 0x95, 0x81, 
    0x75, 0xee, 0xf1, 0x66, 0xe1, 0xa8, 0x92, 0x6a, 0xd9, 0x43, 0x54, 0xa0, 0x19, 
    0xbf, 0x30, 0x21, 0x0e, 0x19, 0x97, 0x60, 0x39, 0x97, 0x28, 0x74, 0x88, 0xfd, 
    0xe0, 0x0c, 0x24, 0x32, 0x07, 0x23, 0xa9, 0x87, 0x43, 0xc1, 0x97, 0x15, 0x74, 
    0x1d, 0xab, 0x46, 0x23, 0x32, 0x80, 0x94, 0x5f, 0x29, 0x13, 0x86, 0xe9, 0x3f, 
    0x8c, 0x74, 0x5a, 0x3d, 0x42, 0x01, 0xee, 0x80, 0x96, 0x24, 0xf1, 0x98, 0xe5, 
    0x83, 0x6e, 0x95, 0x31, 0x84, 0x3d, 0x32, 0x00, 0x1e, 0xd7, 0x98, 0x30, 0x81, 
    0x99, 0xe5, 0x43, 0x5a, 0xc6, 0x62, 0x25, 0xa0, 0x06, 0x9a, 0x2f, 0x21, 0x9a, 
    0xc7, 0x03, 0x04, 0x28, 0xd9, 0x0f, 0x8f, 0xe8, 0x24, 0x48, 0xa7, 0x8f, 0x3c, 
    0xa1, 0x9a, 0xc1, 0x52, 0x97, 0x95, 0x51, 0x25, 0x4e, 0xd2, 0x60, 0x0f, 0x19, 
    0x12, 0xb4, 0x49, 0x2b, 0x88, 0x55, 0x19, 0x2f, 0x60, 0x25, 0x02, 0x40, 0x9a, 
    0x84, 0xf9, 0x13, 0xbd, 0xc9, 0x2a, 0xd1, 0x52, 0x19, 0x89, 0xf0, 0x25, 0x8d, 
    0x85, 0x9a, 0x2d, 0x71, 0x9c, 0xa5, 0x62, 0x9b, 0x94, 0xd1, 0x26, 0x56, 0x82, 
    0x93, 0xb2, 0x29, 0x97, 0xd0, 0x09, 0x29, 0x1c, 0xa0, 0x19, 0x26, 0x60, 0x25, 
    0xe6, 0xb0, 0x9b, 0x20, 0x91, 0x9d, 0x9e, 0xff, 0x92, 0x1e, 0x95, 0x21, 0x0b, 
    0x56, 0xf2, 0x0e, 0xe0, 0xf9, 0x11, 0xe2, 0x79, 0x29, 0x0f, 0x00, 0x4d, 0xfd, 
    0x80, 0x0c, 0xe2, 0xd7, 0x23, 0xf2, 0x90, 0x9e, 0x1e, 0xb1, 0x9e, 0x97, 0x02, 
    0x08, 0x99, 0xf1, 0x0d, 0x4e, 0x62, 0x36, 0xce, 0xc9, 0x12, 0xf6, 0x09, 0x29, 
    0x67, 0x49, 0x19, 0xf7, 0x60, 0x25, 0x95, 0xe0, 0x50, 0x44, 0xf1, 0x9f, 0x87, 
    0xd2, 0x88, 0x95, 0x91, 0x04, 0x5f, 0x52, 0x01, 0x45, 0x81, 0xa0, 0x7f, 0x92, 
    0x7b, 0x94, 0x81, 0x08, 0x56, 0x72, 0x0d, 0x52, 0x70, 0x0b, 0x07, 0x0a, 0xa1, 
    0x6e, 0x62, 0x05, 0xa5, 0x57, 0x24, 0x36, 0x40, 0x9f, 0x1d, 0xa1, 0xa1, 0x6e, 
    0xc2, 0x03, 0x99, 0xb1, 0x9c, 0x45, 0x62, 0x0c, 0x20, 0xca, 0x11, 0x22, 0x6a, 
    0x26, 0x4d, 0x80, 0x4a, 0xb4, 0x43, 0x23, 0x2b, 0xf0, 0x60, 0x42, 0xb1, 0xa2, 
    0x66, 0xa2, 0x6a, 0x99, 0xb1, 0x0b, 0xf3, 0xb7, 0x21, 0xc4, 0x39, 0xa3, 0x34, 
    0x6a, 0x25, 0x22, 0xa8, 0x19, 0x90, 0x90, 0x8c, 0x1b, 0x22, 0x01, 0x8d, 0x90, 
    0xa2, 0x1a, 0xd1, 0xa3, 0x5f, 0xd2, 0x81, 0x99, 0x81, 0x0c, 0x3c, 0x40, 0x22, 
    0x3f, 0xda, 0x9f, 0x69, 0x89, 0xa4, 0x15, 0x8a, 0x5c, 0xfe, 0xd1, 0x03, 0x30, 
    0xa0, 0x20, 0x92, 0x54, 0x98, 0x52, 0x6a, 0x25, 0x1c, 0x80, 0x5b, 0xe5, 0xb1, 
    0x81, 0xd4, 0x71, 0x03, 0x96, 0xc9, 0x9b, 0x5b, 0xfa, 0x25, 0x82, 0xe6, 0x19, 
    0x2d, 0x77, 0x1e, 0x1c, 0x79, 0x9d, 0xd8, 0x59, 0xa6, 0x4e, 0x42, 0x05, 0x2e, 
    0xa9, 0x19, 0x8a, 0x70, 0x1e, 0xaf, 0x30, 0xa6, 0x64, 0xea, 0xa6, 0x5f, 0xa2, 
    0x09, 0x95, 0x59, 0x19, 0x94, 0x44, 0x1d, 0x00, 0x60, 0xa7, 0x77, 0x8a, 0xa7, 
    0x5f, 0xa2, 0x07, 0x83, 0x10, 0x0e, 0x39, 0x45, 0x1d, 0x12, 0x0a, 0xa5, 0xfe, 
    0x29, 0xa8, 0xc7, 0xeb, 0x33, 0x0a, 0x7a, 0x69, 0x13, 0x8c, 0x1a, 0x2c, 0x3a, 
    0x04, 0xa8, 0x22, 0x11, 0xa9, 0xa5, 0x22, 0x00, 0xdd, 0xf0, 0xa8, 0x0b, 0x69, 
    0xa9, 0x90, 0xb2, 0x00, 0x74, 0xa5, 0xa8, 0xa9, 0xc9, 0xa9, 0x7f, 0xa2, 0x02, 
    0xbe, 0x47, 0xa9, 0x97, 0x29, 0xaa, 0x66, 0x22, 0x02, 0xaf, 0xa3, 0xa9, 0x54, 
    0x89, 0xaa, 0x2c, 0xd2, 0x00, 0x14, 0x10, 0x08, 0x80, 0x70, 0x0c, 0x83, 0x95, 
    0x14, 0xae, 0x6a, 0x76, 0x1a, 0x50, 0x0d, 0xe5, 0x47, 0x8f, 0xb6, 0x7a, 0xab, 
    0x4f, 0x94, 0x04, 0xd9, 0x50, 0xa4, 0xbd, 0xd4, 0x14, 0xbe, 0x5a, 0x1d, 0x1b, 
    0x10, 0x0a, 0xdb, 0x50, 0x55, 0xad, 0x04, 0x15, 0xc5, 0x3a, 0x1c, 0x0b, 0xe0, 
    0x07, 0xe2, 0x30, 0x81, 0x24, 0x23, 0x15, 0xcd, 0xea, 0x0f, 0x25, 0x50, 0x08, 
    0x3e, 0x59, 0x38, 0x56, 0xd1, 0xac, 0x82, 0xa0, 0xac, 0xda, 0x8a, 0x15, 0xc5, 
    0xda, 0xa2, 0xdf, 0xaa, 0x15, 0xc5, 0x2a, 0x49, 0x46, 0xba, 0xa9, 0xae, 0x0a, 
    0x2f, 0xe7, 0xda, 0xaa, 0xa2, 0x2a, 0x00, 0x8c, 0x59, 0x16, 0xb7, 0xca, 0x9f, 
    0xa0, 0xaa, 0x93, 0xae, 0x9a, 0x87, 0x66, 0xe1, 0xaa, 0xd6, 0x37, 0xaf, 0xf4, 
    0xca, 0xa9, 0x09, 0xb5, 0xae, 0xb3, 0x29, 0xaa, 0xe0, 0xe5, 0xaf, 0x1e, 0xc9, 
    0xa9, 0x1c, 0x2a, 0xb0, 0x03, 0x1b, 0xa9, 0xc2, 0xa8, 0xaf, 0x4b, 0xc1, 0xa9, 
    0x3c, 0x67, 0xb0, 0x07, 0x2b, 0xa8, 0xd7, 0x60, 0xaa, 0x5a, 0x2a, 0xa8, 0xf6, 
    0xe7, 0xb0, 0x0f, 0xeb, 0xa6, 0x6b, 0xa8, 0xb0, 0xc4, 0x2a, 0xa8, 0x89, 0x5a, 
    0x9c, 0x67, 0x21, 0xa8, 0x12, 0x63, 0xb1, 0x3d, 0x81, 0xa7, 0x07, 0x40, 0x5f, 
    0x22, 0xcb, 0x13, 0x01, 0x01, 0x00, 0x21, 0xf9, 0x04, 0x09, 0x08, 0x00, 0xff, 
    0x00, 0x2c, 0x00, 0x00, 0x00, 0x00, 0xf0, 0x00, 0xf0, 0x00, 0x00, 0x08, 0xff, 
    0x00, 0xff, 0x09, 0x1c, 0x48, 0xb0, 0xa0, 0xc1, 0x83, 0x08, 0x13, 0x2a, 0x5c, 
    0xc8, 0xb0, 0xa1, 0xc3, 0x87, 0x10, 0x23, 0x4a, 0x9c, 0x48, 0xb1, 0xa2, 0xc5, 
    0x8b, 0x18, 0x33, 0x6a, 0xdc, 0xc8, 0xb1, 0xa3, 0xc7, 0x8f, 0x20, 0x43, 0x8a, 
    0x1c, 0x49, 0xb2, 0xa4, 0xc9, 0x93, 0x28, 0x53, 0xaa, 0x5c, 0xc9, 0xb2, 0xa5, 
    0xcb, 0x97, 0x30, 0x63, 0xca, 0x9c, 0x49, 0xb3, 0xa6, 0xcd, 0x9b, 0x38, 0x73, 
    0xea, 0xdc, 0xc9, 0xb3, 0xa7, 0xcf, 0x9f, 0x40, 0x83, 0x0a, 0x1d, 0x4a, 0xb4, 
    0xa8, 0xd1, 0xa3, 0x48, 0x93, 0x2a, 0x5d, 0xca, 0xb4, 0xa9, 0xd3, 0xa7, 0x50, 
    0xa3, 0x4a, 0x9d, 0x4a, 0xb5, 0xaa, 0xd5, 0xab, 0x58, 0xb3, 0x6a, 0xdd, 0xca, 
    0xb5, 0xab, 0xd7, 0xaf, 0x60, 0xc3, 0x8a, 0x1d, 0x4b, 0xb6, 0xac, 0xd9, 0xb3, 
    0x68, 0xd3, 0xaa, 0x5d, 0xcb, 0xb6, 0xad, 0xdb, 0xb7, 0x70, 0xe3, 0xca, 0x9d, 
    0x4b, 0xb7, 0xae, 0xdd, 0xbb, 0x78, 0xf3, 0xea, 0xdd, 0xcb, 0xb7, 0xaf, 0xdf, 
    0xbf, 0x80, 0x03, 0x0b, 0x1e, 0x4c, 0xb8, 0xb0, 0xe1, 0xc3, 0x88, 0x13, 0x2b, 
    0xbe, 0xda, 0xaf, 0xb1, 0xe3, 0x7e, 0x8b, 0xb9, 0x3e, 0x9e, 0xdc, 0x38, 0xb2, 
    0x55, 0xca, 0x98, 0x1d, 0x5b, 0x96, 0x9a, 0xb9, 0x33, 0xe4, 0xcd, 0x4d, 0x3b, 
    0x3f, 0x61, 0x24, 0xe9, 0x50, 0x0a, 0xcc, 0xa0, 0x97, 0x62, 0x6e, 0x43, 0x8b, 
    0xc9, 0x0c, 0x7f, 0xb0, 0x61, 0x44, 0xcb, 0x43, 0x39, 0xf5, 0xd1, 0xcc, 0x95, 
    0xd6, 0xc0, 0xde, 0xbd, 0xdb, 0x00, 0xbe, 0xda, 0xb6, 0x85, 0x66, 0x96, 0x34, 
    0x87, 0xb7, 0xf1, 0xdd, 0xf7, 0x80, 0x07, 0xf7, 0x99, 0x59, 0xc1, 0xf1, 0xe7, 
    0xb0, 0x4f, 0x4d, 0x5e, 0xde, 0x33, 0xf3, 0xa6, 0x23, 0xd0, 0xb3, 0x9f, 0x9b, 
    0x4e, 0x3d, 0x27, 0x66, 0x70, 0x13, 0xb2, 0x8b, 0xff, 0xf7, 0xa7, 0xe8, 0x71, 
    0x77, 0x9c, 0x94, 0x41, 0xc8, 0x02, 0x32, 0x5e, 0xbc, 0x38, 0xf3, 0xe7, 0x6b, 
    0x52, 0x36, 0xb4, 0xa5, 0xfd, 0xf8, 0x0b, 0xf0, 0xe3, 0xcb, 0xa4, 0x8c, 0xe7, 
    0x84, 0xfd, 0xf1, 0x28, 0xe4, 0xa7, 0xdf, 0x4b, 0x94, 0x95, 0xd2, 0xc0, 0x7f, 
    0xe3, 0x0d, 0x21, 0xe0, 0x80, 0x2d, 0x4d, 0xc6, 0x46, 0x14, 0x08, 0x8e, 0xf7, 
    0xc6, 0x82, 0x0c, 0xaa, 0x34, 0xd9, 0x2d, 0x39, 0x44, 0x38, 0x5e, 0x16, 0xdc, 
    0x55, 0x68, 0xe1, 0x63, 0xd2, 0xc8, 0xa0, 0xe1, 0x78, 0x07, 0x2c, 0x42, 0xa1, 
    0x87, 0x24, 0x4d, 0x06, 0xc2, 0x6b, 0x23, 0x8e, 0xc7, 0xcd, 0x89, 0x28, 0x8a, 
    0x34, 0x19, 0x0a, 0x2d, 0xb6, 0x17, 0x46, 0x87, 0x31, 0x8e, 0x34, 0x99, 0x03, 
    0x35, 0xda, 0xd7, 0x0c, 0x8c, 0x39, 0x76, 0xf4, 0x18, 0x18, 0x3d, 0xda, 0x87, 
    0x06, 0x8e, 0x41, 0x7a, 0x34, 0x59, 0x02, 0x45, 0xb6, 0x07, 0xc1, 0x13, 0x40, 
    0x26, 0x79, 0xd1, 0x64, 0xcd, 0x34, 0x69, 0x9f, 0x23, 0x51, 0x4a, 0x49, 0x11, 
    0x65, 0xfe, 0x59, 0x39, 0x9e, 0x74, 0x9a, 0x69, 0xc9, 0xd1, 0x64, 0x57, 0x78, 
    0xd9, 0x1e, 0x23, 0x59, 0x8a, 0x09, 0xd1, 0x64, 0xad, 0x98, 0x39, 0x5e, 0x2d, 
    0x48, 0xaa, 0xb9, 0xe5, 0x63, 0x8b, 0x94, 0xe0, 0xa6, 0x78, 0xd3, 0xa4, 0x29, 
    0x27, 0x43, 0x94, 0x05, 0x72, 0x67, 0x76, 0x12, 0xec, 0xa1, 0xe7, 0x9e, 0x09, 
    0x51, 0x96, 0xc4, 0x9f, 0xd9, 0xc9, 0x10, 0x27, 0xa1, 0x0e, 0x51, 0xa6, 0x01, 
    0xa2, 0xd9, 0x55, 0x31, 0x28, 0xa3, 0x06, 0x4d, 0x16, 0x00, 0xa4, 0xd9, 0x1d, 
    0x19, 0x26, 0xa5, 0x6b, 0x3e, 0x46, 0x0b, 0xa6, 0xd9, 0x41, 0x33, 0x29, 0xa7, 
    0x02, 0x3d, 0x76, 0x8b, 0x9d, 0xa0, 0x3e, 0xf7, 0xe2, 0xa6, 0xa4, 0xf2, 0xf9, 
    0xd8, 0x1f, 0xa9, 0x42, 0xff, 0x47, 0xce, 0xa8, 0x9c, 0x3e, 0xc6, 0x46, 0xac, 
    0xd0, 0x51, 0x42, 0x2b, 0xa3, 0x93, 0x01, 0x80, 0xeb, 0x73, 0x3c, 0xec, 0x4a, 
    0xe8, 0x63, 0x86, 0xfc, 0xfa, 0x9c, 0x19, 0xc2, 0xee, 0xf9, 0x58, 0x17, 0x08, 
    0x62, 0x80, 0x88, 0x02, 0x2f, 0xdc, 0x53, 0x48, 0x2f, 0xe3, 0x58, 0xd1, 0xc3, 
    0x0a, 0x38, 0x68, 0xa8, 0x45, 0xb2, 0x72, 0x3a, 0x06, 0x82, 0x09, 0xbc, 0x3d, 
    0x00, 0x07, 0x06, 0xbc, 0x61, 0xa0, 0x85, 0x2a, 0x77, 0x08, 0xda, 0xd9, 0x22, 
    0x8e, 0x8c, 0x52, 0xc3, 0x7f, 0x35, 0x2c, 0xda, 0x2a, 0x41, 0x8f, 0xd5, 0xb1, 
    0x9b, 0x02, 0xf5, 0x80, 0x63, 0xc4, 0x13, 0xa6, 0x38, 0x02, 0xc8, 0x15, 0xe5, 
    0x79, 0x86, 0x19, 0x1e, 0x1d, 0xb4, 0x07, 0x84, 0xbc, 0xf3, 0x96, 0xea, 0xd8, 
    0x13, 0x22, 0xcc, 0xa0, 0x8e, 0xc0, 0x10, 0x63, 0xe6, 0xc8, 0x00, 0xe3, 0x6d, 
    0xc2, 0xad, 0x98, 0x93, 0x41, 0x19, 0xf1, 0xc6, 0x8f, 0x1d, 0x12, 0x89, 0x78, 
    0x4e, 0x5c, 0xac, 0x25, 0xc7, 0x8f, 0x89, 0x71, 0x88, 0x28, 0x99, 0x88, 0x73, 
    0x89, 0x15, 0x01, 0x5c, 0x52, 0xc9, 0x39, 0xcb, 0x24, 0x23, 0x06, 0x65, 0x46, 
    0x74, 0x33, 0x01, 0x19, 0xe4, 0x18, 0x93, 0x08, 0x0a, 0x47, 0xb4, 0x00, 0x9b, 
    0x20, 0x8c, 0x98, 0x42, 0x4e, 0xc2, 0x0a, 0x09, 0x8c, 0xc7, 0xcc, 0x8e, 0x3d, 
    0xc2, 0x03, 0x05, 0x31, 0xc0, 0x01, 0x03, 0x14, 0x50, 0x64, 0x40, 0x41, 0x0b, 
    0x18, 0x40, 0xb0, 0x00, 0x02, 0x39, 0x0c, 0x81, 0x4a, 0xc4, 0x69, 0x58, 0xc3, 
    0x05, 0x6f, 0x95, 0x8a, 0xdc, 0x9d, 0x67, 0x90, 0xf4, 0x82, 0xc4, 0x03, 0x33, 
    0x10, 0xe2, 0x4c, 0x25, 0x7f, 0xe4, 0x80, 0x03, 0x14, 0x41, 0xd4, 0xe0, 0x43, 
    0x20, 0x81, 0xd4, 0xb2, 0x43, 0x13, 0x3f, 0x64, 0x10, 0x03, 0x07, 0x11, 0x14, 
    0xff, 0x80, 0x40, 0x31, 0x1c, 0x97, 0x01, 0x5b, 0x06, 0x04, 0xfc, 0xb3, 0xb1, 
    0x9a, 0x9d, 0xa5, 0x61, 0xcc, 0x07, 0x0b, 0x1c, 0x90, 0xc3, 0x1a, 0x18, 0x44, 
    0x1e, 0xc3, 0x09, 0x91, 0x34, 0x11, 0x88, 0x16, 0x4b, 0xa8, 0x20, 0x84, 0x10, 
    0x49, 0xd8, 0xc0, 0x82, 0x1c, 0x47, 0x90, 0x40, 0xc1, 0x1a, 0x0b, 0x14, 0xd0, 
    0x00, 0xc9, 0x77, 0x48, 0x42, 0xb2, 0xd8, 0x89, 0x65, 0x86, 0xc7, 0x37, 0x91, 
    0x2c, 0xc0, 0xc1, 0x17, 0x27, 0x84, 0xe1, 0xc4, 0x0f, 0xb8, 0x93, 0x50, 0x43, 
    0x20, 0x48, 0xd8, 0x60, 0x49, 0x0f, 0x15, 0x74, 0xd0, 0x01, 0x01, 0x16, 0x00, 
    0x50, 0x81, 0x08, 0x73, 0xb8, 0x91, 0x01, 0x0d, 0x0b, 0x34, 0x90, 0x0d, 0x65, 
    0x3a, 0x80, 0xb1, 0x7a, 0xc4, 0x39, 0x62, 0x56, 0x8a, 0x10, 0x08, 0x2c, 0x00, 
    0xc1, 0x0c, 0x19, 0x04, 0x71, 0xc3, 0x14, 0x2b, 0x50, 0xa1, 0x85, 0x16, 0xa1, 
    0xfc, 0x91, 0xc4, 0x1b, 0x15, 0x60, 0xa1, 0x41, 0x02, 0xda, 0x10, 0xb3, 0xc7, 
    0x2d, 0x69, 0xe8, 0xb0, 0x8e, 0x1f, 0x48, 0xc8, 0x10, 0x06, 0x0d, 0x1b, 0x20, 
    0x00, 0x48, 0x31, 0xe3, 0x90, 0xc1, 0x47, 0x18, 0x6b, 0x80, 0x40, 0x06, 0x96, 
    0x90, 0x9c, 0x88, 0x15, 0xc1, 0x14, 0xd2, 0xf3, 0x8c, 0x87, 0x32, 0xf3, 0x09, 
    0x08, 0x44, 0x00, 0x08, 0x5f, 0x80, 0x01, 0x09, 0x7c, 0x20, 0x07, 0xf3, 0x99, 
    0x01, 0x05, 0x18, 0x7c, 0x03, 0xf0, 0x2c, 0xa0, 0x01, 0x05, 0x10, 0xe0, 0x79, 
    0x94, 0xb1, 0x87, 0x20, 0x90, 0x70, 0x83, 0x30, 0xec, 0x6d, 0x01, 0x0f, 0x40, 
    0x80, 0x0a, 0x11, 0xd0, 0x80, 0x02, 0x14, 0x60, 0x00, 0x03, 0x30, 0xc1, 0x23, 
    0x28, 0xa3, 0x08, 0x1d, 0xa0, 0x62, 0x13, 0x21, 0xd0, 0x82, 0x07, 0xfc, 0xc1, 
    0x81, 0x1a, 0x0c, 0xc1, 0x0a, 0xf9, 0x00, 0x06, 0x11, 0xff, 0x14, 0x38, 0x36, 
    0xca, 0x3c, 0xe3, 0x03, 0x0d, 0x58, 0x40, 0x09, 0x46, 0xf0, 0x83, 0x1d, 0x50, 
    0x41, 0x04, 0x96, 0xa8, 0x42, 0x07, 0x2c, 0xc0, 0x80, 0x2a, 0x32, 0x40, 0x03, 
    0x17, 0xf0, 0x20, 0x00, 0x5c, 0xd0, 0x99, 0x65, 0x98, 0xc1, 0x0e, 0x47, 0x08, 
    0x02, 0x0c, 0x62, 0x50, 0x02, 0x08, 0x98, 0x11, 0x02, 0x1c, 0x38, 0xc0, 0x06, 
    0x24, 0x80, 0x00, 0x03, 0x08, 0xe0, 0x13, 0x93, 0x79, 0x04, 0xc5, 0xc6, 0x83, 
    0x81, 0x59, 0x09, 0x2c, 0x38, 0x98, 0x49, 0xc7, 0x00, 0x10, 0xe0, 0x01, 0x0c, 
    0x40, 0xa1, 0x09, 0x5c, 0xf8, 0x83, 0x19, 0xaa, 0xc0, 0x03, 0x06, 0x64, 0x51, 
    0x01, 0x88, 0xf4, 0x20, 0x01, 0x00, 0xc0, 0xc8, 0x3b, 0x78, 0xe6, 0x0c, 0x28, 
    0x58, 0xc2, 0x0a, 0x6e, 0x40, 0x82, 0x48, 0x84, 0x01, 0x0a, 0x61, 0x08, 0x83, 
    0xd4, 0x5a, 0x40, 0x03, 0x20, 0xf4, 0x6d, 0x00, 0xc1, 0xa0, 0x93, 0x1b, 0xfe, 
    0x43, 0x0d, 0x88, 0xa5, 0x86, 0x32, 0x8d, 0x40, 0x82, 0x01, 0x10, 0x70, 0x80, 
    0x19, 0x6c, 0xc1, 0x07, 0x48, 0xf0, 0x83, 0x05, 0x8c, 0xd1, 0x07, 0x45, 0x32, 
    0xf2, 0x96, 0xb8, 0x0c, 0x81, 0xc0, 0x64, 0x61, 0x81, 0x2a, 0x98, 0x41, 0x04, 
    0x48, 0xe0, 0xc2, 0x14, 0x86, 0x39, 0x85, 0x2c, 0x1c, 0xa1, 0x06, 0x7a, 0x18, 
    0x41, 0x09, 0x4a, 0x37, 0x00, 0x62, 0x3c, 0x66, 0x0c, 0xff, 0x89, 0x80, 0x2e, 
    0xa8, 0x17, 0x19, 0xca, 0x14, 0x23, 0x03, 0x7b, 0x6c, 0xa5, 0x1e, 0x8e, 0xc0, 
    0x02, 0x33, 0xcc, 0x63, 0x66, 0x46, 0x70, 0x04, 0x2e, 0xc7, 0xc9, 0x48, 0x7a, 
    0x08, 0x6c, 0x17, 0x09, 0x60, 0x40, 0x07, 0x7a, 0x80, 0x02, 0x3f, 0x6c, 0x6e, 
    0x73, 0x49, 0x98, 0x84, 0x1d, 0x10, 0xd1, 0x04, 0x18, 0xac, 0x41, 0x02, 0x05, 
    0x80, 0x93, 0x63, 0x8c, 0xc0, 0xff, 0x9e, 0xff, 0xa0, 0xe0, 0x17, 0xa7, 0xe8, 
    0xc5, 0x2e, 0x86, 0x51, 0x07, 0xd4, 0x28, 0x86, 0x32, 0x97, 0xf0, 0x47, 0x36, 
    0x71, 0xf0, 0x83, 0x29, 0x2c, 0x81, 0x09, 0x90, 0x98, 0x4c, 0x3d, 0xc8, 0x89, 
    0x4b, 0xd5, 0x79, 0x46, 0x1c, 0x00, 0x50, 0x40, 0x02, 0x34, 0x80, 0x05, 0x0b, 
    0xf0, 0xe0, 0xa3, 0x3c, 0xe8, 0xc0, 0x04, 0x94, 0x20, 0x04, 0x24, 0xd4, 0x20, 
    0x03, 0x39, 0x88, 0x80, 0x01, 0xf2, 0xe4, 0x98, 0x84, 0xd6, 0x48, 0x02, 0x04, 
    0x50, 0xce, 0x61, 0x28, 0x33, 0x08, 0x85, 0x36, 0xc0, 0x03, 0x31, 0xd0, 0x43, 
    0x20, 0x44, 0xc0, 0x04, 0x5a, 0x40, 0x4f, 0x13, 0x14, 0x65, 0xe4, 0x3e, 0x04, 
    0x76, 0x0f, 0x46, 0x12, 0x80, 0x00, 0x88, 0x4c, 0x80, 0x52, 0xe3, 0x31, 0x8b, 
    0x4d, 0xd0, 0xa1, 0x0b, 0x15, 0xa0, 0x42, 0x13, 0x4e, 0x00, 0x01, 0x04, 0x40, 
    0xe1, 0x31, 0xc8, 0x38, 0x40, 0x91, 0x7c, 0x40, 0x1b, 0xd6, 0xbd, 0x85, 0x32, 
    0xa9, 0xf0, 0x87, 0x00, 0x0a, 0xb0, 0x00, 0x0c, 0x44, 0x22, 0x10, 0x4b, 0x50, 
    0x02, 0x17, 0x29, 0xf3, 0x84, 0x51, 0x04, 0x15, 0x00, 0xa1, 0xec, 0x0c, 0x11, 
    0xde, 0x7a, 0x0f, 0xa4, 0x35, 0x86, 0x08, 0x57, 0x90, 0x03, 0x09, 0x5a, 0xe0, 
    0x81, 0x06, 0xb4, 0xe3, 0x31, 0xa0, 0x68, 0x52, 0x09, 0xd2, 0x80, 0xb0, 0xbe, 
    0x50, 0xe6, 0x02, 0x62, 0x35, 0x40, 0x04, 0x72, 0x90, 0x81, 0x1b, 0xb0, 0x00, 
    0x05, 0x16, 0xa0, 0x03, 0x66, 0x74, 0x70, 0x86, 0xb7, 0x02, 0x20, 0x16, 0x9d, 
    0x91, 0x45, 0x50, 0xb9, 0x71, 0x1a, 0xca, 0xc8, 0x23, 0x10, 0x91, 0x28, 0x41, 
    0x04, 0x96, 0xf0, 0x18, 0x66, 0x58, 0x69, 0x0e, 0x84, 0x65, 0x55, 0x4c, 0x64, 
    0x6a, 0x14, 0xca, 0x58, 0x00, 0x36, 0x7b, 0xe4, 0xc0, 0x09, 0xdc, 0x80, 0x04, 
    0x4b, 0xff, 0x74, 0x20, 0x01, 0x11, 0xa5, 0x4c, 0x27, 0x80, 0xfa, 0xd6, 0x2e, 
    0x64, 0xc6, 0x16, 0x41, 0x1d, 0x85, 0x67, 0x6c, 0xe0, 0x06, 0xbe, 0x16, 0x80, 
    0x1d, 0x8e, 0x01, 0x03, 0xb9, 0x9a, 0x84, 0x08, 0xaf, 0x66, 0x84, 0x88, 0x45, 
    0xa1, 0xcc, 0x0b, 0x60, 0x33, 0xd6, 0x0d, 0xc4, 0xe0, 0x07, 0x73, 0x48, 0x42, 
    0x05, 0x34, 0x40, 0x00, 0x4f, 0x60, 0x06, 0x1e, 0x96, 0x65, 0xa4, 0x39, 0x6e, 
    0xf1, 0x18, 0x22, 0xac, 0xe3, 0xad, 0xa5, 0xec, 0xcc, 0x19, 0x02, 0x01, 0x85, 
    0x1c, 0x20, 0xe0, 0x12, 0x43, 0x0a, 0x6c, 0x93, 0x50, 0x20, 0x09, 0x76, 0x9c, 
    0x62, 0x3f, 0xa6, 0x24, 0xca, 0x64, 0xd2, 0xb1, 0x9b, 0x01, 0x44, 0xa0, 0x04, 
    0x51, 0x38, 0xc2, 0x24, 0x7a, 0xc0, 0x00, 0x05, 0x00, 0x02, 0x19, 0x98, 0x41, 
    0x45, 0x78, 0x19, 0x49, 0x06, 0x71, 0x2c, 0x03, 0x18, 0xf3, 0x40, 0xc3, 0x5b, 
    0xad, 0x20, 0x30, 0x4c, 0x50, 0xe1, 0x07, 0x18, 0x88, 0x80, 0x0d, 0x28, 0xa3, 
    0x0b, 0x2f, 0x09, 0x00, 0x36, 0x04, 0xe2, 0xd8, 0x50, 0x26, 0xb3, 0x8f, 0xdd, 
    0x08, 0xa0, 0x01, 0x07, 0x80, 0x43, 0x13, 0x90, 0x80, 0x02, 0x1e, 0x24, 0x80, 
    0x00, 0xa9, 0x30, 0x11, 0x65, 0x48, 0xb1, 0xe0, 0x1a, 0xdf, 0xf2, 0x0a, 0x9e, 
    0x49, 0x01, 0x2e, 0x58, 0xd0, 0x84, 0x16, 0x6c, 0xc0, 0x03, 0x78, 0xa0, 0x0c, 
    0x1d, 0xfe, 0x64, 0x38, 0xd5, 0xea, 0x68, 0x32, 0xc7, 0xc8, 0x45, 0x26, 0x82, 
    0xcc, 0x5a, 0x9e, 0x4c, 0x86, 0x08, 0xbc, 0xf1, 0xef, 0x1a, 0xb6, 0x80, 0x88, 
    0x24, 0x4c, 0xe0, 0x02, 0x8b, 0x04, 0xc0, 0x30, 0x28, 0x93, 0x02, 0x09, 0xdb, 
    0xb8, 0xc6, 0xac, 0xf0, 0x4c, 0x27, 0x2a, 0xa0, 0x82, 0x23, 0xc0, 0xe0, 0x00, 
    0x0d, 0x68, 0x00, 0x1c, 0x27, 0x93, 0x05, 0x37, 0x09, 0x60, 0xff, 0x19, 0x9d, 
    0x91, 0x51, 0xc9, 0xbe, 0xb6, 0x9b, 0x25, 0xa0, 0xa3, 0xc9, 0x3a, 0x99, 0x8c, 
    0x12, 0x4c, 0x5c, 0x80, 0x0d, 0xa8, 0xd8, 0x0e, 0x4c, 0xc0, 0x82, 0x02, 0x6e, 
    0xe9, 0x02, 0x75, 0x35, 0xe6, 0x09, 0xd1, 0xf8, 0xb2, 0x8d, 0xe3, 0x9a, 0x19, 
    0x6f, 0xf0, 0xc0, 0x0f, 0x53, 0x88, 0x44, 0x55, 0x29, 0x66, 0x07, 0x61, 0x3c, 
    0xa6, 0x1e, 0x6e, 0x2a, 0x40, 0x7e, 0x85, 0xf4, 0x18, 0x1d, 0x40, 0xc8, 0x38, 
    0x1b, 0x38, 0x44, 0x61, 0xe5, 0xf3, 0x98, 0x77, 0x44, 0x19, 0x6b, 0x61, 0x08, 
    0x84, 0x95, 0xb1, 0x8c, 0x4b, 0x2f, 0xd0, 0x83, 0x11, 0x90, 0xe0, 0x05, 0x25, 
    0x28, 0x1a, 0x07, 0x59, 0x50, 0x03, 0x12, 0x6c, 0xa8, 0x03, 0x38, 0xd8, 0xc0, 
    0x8e, 0x56, 0xa8, 0x43, 0x1e, 0xaa, 0x98, 0xf5, 0x5b, 0x4b, 0xd1, 0x99, 0x6d, 
    0x60, 0x01, 0x05, 0x72, 0xf8, 0x01, 0x0d, 0x24, 0x30, 0x80, 0x0f, 0x33, 0x60, 
    0x32, 0x19, 0x32, 0x53, 0x00, 0x36, 0xad, 0x91, 0x8c, 0x05, 0x21, 0x3b, 0x16, 
    0x35, 0x32, 0x7a, 0x1e, 0xa3, 0xd5, 0xfe, 0x4a, 0x00, 0x03, 0x24, 0xa0, 0x02, 
    0x64, 0x07, 0x6d, 0x63, 0x2f, 0x4c, 0xc3, 0x99, 0x10, 0x43, 0x06, 0x23, 0xae, 
    0x10, 0x02, 0x8a, 0x16, 0x22, 0x33, 0x52, 0x20, 0x00, 0x03, 0x94, 0xc0, 0x87, 
    0xe2, 0xa2, 0x99, 0x62, 0x57, 0x7d, 0xcc, 0xbb, 0xdc, 0x44, 0x08, 0x5e, 0x30, 
    0xa2, 0xa0, 0x99, 0xd9, 0x08, 0x65, 0x6a, 0x21, 0x9e, 0x19, 0xe0, 0x99, 0xd4, 
    0x8e, 0x81, 0x06, 0x6f, 0xc6, 0xea, 0x01, 0x38, 0xc8, 0x80, 0x05, 0x55, 0xe0, 
    0xae, 0x8d, 0xaf, 0xa0, 0xb1, 0xd5, 0xb5, 0x02, 0x1a, 0xe4, 0xcc, 0x04, 0x65, 
    0x96, 0x01, 0x00, 0x02, 0x5c, 0xa0, 0x02, 0x36, 0xc8, 0x42, 0x24, 0xbe, 0xb0, 
    0x81, 0x06, 0x34, 0x1b, 0x1c, 0x8f, 0xff, 0xb1, 0x01, 0xa4, 0x22, 0x10, 0x04, 
    0x06, 0xf0, 0xc2, 0x08, 0x07, 0x97, 0x48, 0xaf, 0xda, 0xa3, 0x80, 0x51, 0xaf, 
    0xd6, 0x31, 0xc2, 0x98, 0x23, 0x75, 0x1b, 0xc0, 0x01, 0x18, 0xd4, 0xc2, 0x06, 
    0x57, 0xae, 0x31, 0x2e, 0xb6, 0x3c, 0xbd, 0xc7, 0xac, 0x03, 0x13, 0xe3, 0x0c, 
    0xc6, 0x18, 0x4a, 0x01, 0x0f, 0x58, 0x5c, 0xe2, 0x96, 0x09, 0xb0, 0x00, 0x0a, 
    0xec, 0x70, 0x83, 0x28, 0x60, 0x60, 0x03, 0x2f, 0x34, 0xa7, 0x63, 0x44, 0x10, 
    0xab, 0x0c, 0xe0, 0xd8, 0xe6, 0xae, 0x72, 0xcc, 0x38, 0xfe, 0xa3, 0x75, 0x6d, 
    0xcf, 0x44, 0xcf, 0xc6, 0xd9, 0x63, 0x09, 0x22, 0xc1, 0x05, 0x41, 0x58, 0x80, 
    0xdc, 0x96, 0xed, 0x03, 0x3c, 0x8a, 0x4e, 0x99, 0x34, 0x6c, 0xa3, 0xc6, 0x1e, 
    0x9f, 0x80, 0x25, 0xf8, 0xb0, 0x83, 0xfb, 0xa9, 0xf4, 0xdd, 0x8e, 0xc1, 0x0e, 
    0xae, 0x84, 0x00, 0xf6, 0xa2, 0x3d, 0x46, 0x19, 0x08, 0x1a, 0x80, 0x8c, 0x2b, 
    0xe3, 0x1d, 0xc7, 0x40, 0x39, 0xed, 0x11, 0xc0, 0xc0, 0x0f, 0xc4, 0x2d, 0xe8, 
    0xf0, 0xe2, 0xa2, 0x08, 0x74, 0xcf, 0xcc, 0x79, 0xc3, 0x8b, 0x54, 0x0d, 0x4c, 
    0xc0, 0x0c, 0x48, 0x68, 0xc2, 0x08, 0xd0, 0xfc, 0x8b, 0xc7, 0xc8, 0xc1, 0x58, 
    0x61, 0x4e, 0x16, 0x0d, 0x3f, 0x10, 0x21, 0x2f, 0x14, 0xfe, 0x43, 0x8e, 0x29, 
    0x53, 0xda, 0x25, 0x10, 0x83, 0x0f, 0xf0, 0x81, 0x09, 0x12, 0xb7, 0x6c, 0x6e, 
    0x33, 0x8f, 0x99, 0x47, 0xd4, 0x58, 0x01, 0x17, 0x98, 0x80, 0x10, 0xa6, 0xb0, 
    0x05, 0xd1, 0x8a, 0xca, 0x31, 0xa7, 0xff, 0x95, 0x04, 0x62, 0x5e, 0x28, 0xca, 
    0xfc, 0x60, 0x44, 0x3a, 0x70, 0x2e, 0xa7, 0x1d, 0xd3, 0x04, 0xe3, 0x08, 0xc0, 
    0x00, 0x0b, 0xc0, 0x41, 0x13, 0xfe, 0xd0, 0x83, 0xdc, 0x07, 0x55, 0xe3, 0xbc, 
    0xef, 0x0c, 0xff, 0x70, 0x2d, 0xcb, 0x0d, 0x71, 0x04, 0xc3, 0x02, 0x6f, 0xd0, 
    0x02, 0x09, 0x30, 0x20, 0x81, 0x41, 0x3c, 0x86, 0x0f, 0xc6, 0xf2, 0x47, 0xe9, 
    0x5f, 0x5f, 0xe4, 0xc7, 0xb4, 0x81, 0x05, 0x2d, 0xfa, 0xab, 0xd9, 0x61, 0xf2, 
    0x18, 0x56, 0x1c, 0xa7, 0xba, 0x70, 0x50, 0x03, 0x22, 0x30, 0x04, 0xac, 0x16, 
    0x54, 0x7d, 0x10, 0x7e, 0x02, 0xe3, 0x65, 0xe4, 0xe4, 0x00, 0x6c, 0xe0, 0x18, 
    0xad, 0x80, 0x05, 0x7c, 0xd0, 0x04, 0x31, 0xb0, 0x00, 0x67, 0xf0, 0x18, 0x9a, 
    0x10, 0x7f, 0xfe, 0xa0, 0x0c, 0x06, 0xb5, 0x10, 0xba, 0x05, 0x07, 0x35, 0xc2, 
    0x68, 0x9f, 0x81, 0x70, 0x8d, 0x51, 0x1f, 0xd6, 0x57, 0x00, 0x1e, 0x30, 0x02, 
    0x37, 0x30, 0x09, 0x04, 0x98, 0x65, 0x14, 0x85, 0x25, 0x08, 0xd8, 0x45, 0x14, 
    0x95, 0x0d, 0x9d, 0xe5, 0x18, 0x78, 0xf0, 0x07, 0x35, 0x80, 0x03, 0x1b, 0x10, 
    0x0a, 0x8f, 0xe1, 0x0c, 0x18, 0x48, 0x03, 0xd8, 0xb0, 0x81, 0x08, 0x41, 0x19, 
    0xd8, 0x00, 0x05, 0x3d, 0x52, 0x73, 0xfb, 0xe7, 0x12, 0x1d, 0xf3, 0x1c, 0x63, 
    0x75, 0x00, 0x23, 0xb0, 0x03, 0x36, 0x50, 0x01, 0x05, 0x48, 0x51, 0xd2, 0xf0, 
    0x82, 0x9e, 0xe1, 0x00, 0xe3, 0x14, 0x0e, 0x99, 0x41, 0x09, 0x3b, 0x70, 0x02, 
    0x07, 0xb0, 0x00, 0xd1, 0xd7, 0x18, 0x79, 0x80, 0x81, 0xb0, 0xa1, 0x0d, 0x40, 
    0x48, 0x2f, 0x94, 0xb1, 0x0a, 0x4d, 0x32, 0x05, 0xd2, 0x57, 0x6d, 0x8f, 0x11, 
    0x1e, 0xff, 0x57, 0x00, 0x07, 0x40, 0x01, 0x4e, 0x58, 0x01, 0x09, 0xf0, 0x56, 
    0x6b, 0x45, 0x85, 0x99, 0x41, 0x0d, 0xad, 0x96, 0x5a, 0x94, 0x31, 0x0d, 0x59, 
    0x00, 0x05, 0x55, 0xf5, 0x0a, 0x8f, 0xa1, 0x06, 0x62, 0xe8, 0x0f, 0x2a, 0xe0, 
    0x5d, 0x48, 0x92, 0x19, 0x67, 0x60, 0x25, 0x5b, 0x40, 0x7f, 0x25, 0xff, 0xf1, 
    0x18, 0xa6, 0x00, 0x1d, 0x4b, 0x48, 0x01, 0x3e, 0xa0, 0x02, 0x13, 0x50, 0x87, 
    0x41, 0x05, 0x26, 0x78, 0xf8, 0x5d, 0xb8, 0x34, 0x06, 0x9d, 0xc1, 0x0d, 0x72, 
    0xa0, 0x07, 0x19, 0x86, 0x04, 0x8f, 0x71, 0x0f, 0x85, 0xe8, 0x0f, 0x40, 0xe0, 
    0x82, 0xf9, 0x91, 0x19, 0x04, 0xe0, 0x25, 0x5f, 0xe0, 0x88, 0x47, 0xe6, 0x18, 
    0x55, 0x20, 0x89, 0x70, 0x48, 0x89, 0x96, 0x88, 0x89, 0x14, 0xc5, 0x0b, 0x9b, 
    0x98, 0x19, 0x44, 0x40, 0x08, 0x8c, 0x24, 0x5c, 0x99, 0x01, 0x02, 0x00, 0xc0, 
    0x07, 0x1f, 0x80, 0x03, 0x0b, 0xd0, 0x02, 0x33, 0x28, 0x0b, 0xa7, 0x08, 0x1b, 
    0x58, 0xc8, 0x1d, 0x94, 0xc1, 0x0f, 0x15, 0x60, 0x26, 0x03, 0xc0, 0x0f, 0x6b, 
    0x38, 0x25, 0x8e, 0xd1, 0x06, 0xd9, 0x31, 0x89, 0x95, 0x78, 0x89, 0x6f, 0x35, 
    0x54, 0xbb, 0x88, 0x19, 0x65, 0xc0, 0x48, 0x71, 0xd0, 0x19, 0x45, 0x30, 0x04, 
    0x22, 0x20, 0x03, 0x23, 0xb0, 0x01, 0x18, 0x50, 0x71, 0xbc, 0xb0, 0x8c, 0xb0, 
    0xb1, 0x02, 0x93, 0xd1, 0x0e, 0xcd, 0xe5, 0x18, 0x62, 0x00, 0x00, 0x06, 0x70, 
    0x27, 0xb2, 0x50, 0x8d, 0x15, 0x31, 0x19, 0xdd, 0x90, 0x8d, 0xb5, 0xb8, 0x8d, 
    0xb8, 0x48, 0x4e, 0x33, 0xf4, 0x8d, 0x34, 0xc5, 0x48, 0xae, 0xd0, 0x19, 0xbb, 
    0x00, 0x72, 0x3b, 0x40, 0x01, 0x71, 0x38, 0x83, 0xf2, 0xe0, 0x8e, 0xb0, 0x11, 
    0x20, 0x8e, 0x51, 0x04, 0xfe, 0x60, 0x09, 0xb0, 0x00, 0x0c, 0x5e, 0x80, 0x2a, 
    0x77, 0x62, 0x84, 0x47, 0x88, 0x12, 0x93, 0xd1, 0x6d, 0x4a, 0xf8, 0x8f, 0xb7, 
    0xf8, 0x56, 0xd6, 0x40, 0x90, 0x94, 0x11, 0x07, 0xb7, 0x94, 0x0c, 0x98, 0x21, 
    0x0c, 0x09, 0x30, 0x01, 0x49, 0x60, 0x66, 0x07, 0xd0, 0x04, 0x8f, 0x11, 0x07, 
    0x10, 0x09, 0x1b, 0xc6, 0xf0, 0x18, 0xb2, 0xff, 0x07, 0x2a, 0x07, 0xc0, 0x87, 
    0x21, 0x88, 0x84, 0x8f, 0x71, 0x0a, 0xe2, 0xa1, 0x8d, 0x23, 0x19, 0x54, 0xb6, 
    0x60, 0x92, 0x8f, 0x91, 0x02, 0x89, 0x70, 0x4b, 0xa0, 0xa0, 0x81, 0x8f, 0x51, 
    0x04, 0xae, 0xd0, 0x92, 0x2a, 0xe0, 0x03, 0x67, 0x46, 0x78, 0x8e, 0x31, 0x04, 
    0x35, 0xe9, 0x0f, 0x10, 0x30, 0x19, 0x3e, 0x93, 0x2a, 0x20, 0xc4, 0x78, 0x21, 
    0xe6, 0x18, 0xfd, 0x44, 0x8b, 0x71, 0x08, 0x90, 0x6f, 0x05, 0x82, 0x26, 0x29, 
    0x06, 0xbc, 0x75, 0x4b, 0xd3, 0x20, 0x09, 0xf0, 0x90, 0x07, 0xf3, 0x40, 0x06, 
    0x1e, 0x57, 0x01, 0x93, 0x70, 0x03, 0x23, 0xe0, 0x01, 0xaa, 0xf0, 0x18, 0x02, 
    0x40, 0x01, 0x74, 0x30, 0x0e, 0x30, 0xe0, 0x8e, 0xce, 0xf0, 0x18, 0xb9, 0x10, 
    0x2b, 0xdb, 0xd2, 0x91, 0x8f, 0xf8, 0x18, 0xbb, 0x30, 0x1e, 0x42, 0xc9, 0x8d, 
    0x41, 0x45, 0x06, 0x86, 0x66, 0x92, 0x86, 0xb0, 0x60, 0x04, 0xa0, 0x01, 0x3d, 
    0xf0, 0x07, 0x6e, 0x00, 0x07, 0x1b, 0x80, 0x26, 0x8d, 0xf1, 0x0c, 0x14, 0xd0, 
    0x09, 0x87, 0x06, 0x0d, 0x4e, 0x70, 0x8a, 0x30, 0x60, 0x2b, 0xb1, 0x42, 0x01, 
    0xb0, 0x38, 0x7d, 0x8d, 0xe1, 0x81, 0x41, 0x59, 0x8b, 0x73, 0x18, 0x90, 0xe4, 
    0x24, 0x0a, 0x46, 0xd9, 0x18, 0xde, 0xb0, 0x60, 0x0a, 0x80, 0x05, 0x6f, 0x80, 
    0x04, 0x24, 0x50, 0x7b, 0x8f, 0x11, 0x0c, 0xf3, 0xf7, 0x18, 0x99, 0xb0, 0x5c, 
    0x18, 0x28, 0x59, 0x8e, 0x01, 0x2e, 0xa0, 0x62, 0x00, 0x53, 0x48, 0x98, 0x72, 
    0xe6, 0x18, 0xdf, 0xd0, 0x1e, 0x4b, 0xd8, 0x84, 0x4f, 0x18, 0x85, 0xe4, 0x34, 
    0x0b, 0xaf, 0xd9, 0x0f, 0xba, 0xb0, 0x60, 0x09, 0xd0, 0x01, 0x7e, 0x80, 0x08, 
    0x51, 0x50, 0x02, 0x84, 0xf0, 0x18, 0x6f, 0x90, 0x00, 0x98, 0x21, 0x06, 0x9c, 
    0x70, 0x8f, 0xf1, 0xff, 0xc7, 0x02, 0xb9, 0x19, 0x2b, 0xde, 0xe8, 0x95, 0x2b, 
    0x51, 0x5e, 0xff, 0x61, 0x82, 0x27, 0x90, 0x82, 0x2b, 0xf8, 0x56, 0xf1, 0x00, 
    0x02, 0xaf, 0x69, 0x0c, 0x9c, 0x27, 0x99, 0x7f, 0x70, 0x03, 0x5c, 0x98, 0x8f, 
    0x8e, 0x11, 0x03, 0x1b, 0xd0, 0x19, 0xe8, 0x10, 0x03, 0xf1, 0xb7, 0x01, 0x30, 
    0xd7, 0x18, 0xa5, 0x10, 0x2b, 0xdf, 0xa0, 0x8f, 0x8d, 0xf2, 0x18, 0xbf, 0x60, 
    0x1f, 0x00, 0x28, 0x80, 0x55, 0xe0, 0x9c, 0xe4, 0x94, 0x0e, 0x46, 0x59, 0x07, 
    0xd4, 0xc9, 0x03, 0x66, 0xb0, 0x02, 0x41, 0x80, 0x01, 0x0b, 0x80, 0x99, 0xfd, 
    0xd0, 0x08, 0x05, 0xe0, 0x0f, 0xa9, 0x87, 0x19, 0xaf, 0x80, 0x81, 0x16, 0xe3, 
    0x18, 0x44, 0x08, 0x2a, 0x14, 0x66, 0x9c, 0x20, 0x61, 0x2a, 0x1f, 0xa6, 0x9c, 
    0xd8, 0xa7, 0x7d, 0x2c, 0xd0, 0x7d, 0x2c, 0x18, 0x54, 0xa6, 0x60, 0x92, 0x85, 
    0x10, 0x5e, 0x0a, 0xc0, 0x00, 0x55, 0x20, 0x02, 0x3b, 0x90, 0x01, 0x1c, 0x80, 
    0x03, 0xf2, 0xd9, 0x18, 0xed, 0x00, 0x1b, 0x0d, 0x80, 0x88, 0x94, 0x11, 0x89, 
    0xf1, 0x77, 0x0d, 0xaf, 0x92, 0x2a, 0xc0, 0x80, 0xa0, 0x61, 0xd7, 0x18, 0xb8, 
    0xf0, 0x1f, 0x02, 0x30, 0x00, 0xb4, 0xa7, 0x06, 0xb7, 0xc7, 0x00, 0x33, 0x4a, 
    0x51, 0xbe, 0xf5, 0x8d, 0xd2, 0x50, 0xa1, 0x66, 0x20, 0x07, 0x41, 0x30, 0x81, 
    0x24, 0xf0, 0x18, 0xd1, 0xb0, 0x1b, 0x0d, 0x88, 0x19, 0xce, 0x11, 0x7f, 0xae, 
    0xe7, 0x18, 0x96, 0x00, 0x2a, 0xf9, 0xa6, 0xa2, 0x4a, 0xe2, 0x18, 0xb7, 0x10, 
    0x21, 0xfe, 0x25, 0x79, 0x5a, 0x80, 0x02, 0x05, 0xb6, 0x60, 0xbd, 0xf0, 0x8d, 
    0x18, 0x67, 0x59, 0x39, 0xda, 0x03, 0x4b, 0xb0, 0x90, 0x1c, 0x80, 0x00, 0x7f, 
    0xf0, 0x18, 0x05, 0xe3, 0x0f, 0x89, 0x80, 0x19, 0x77, 0xb0, 0x02, 0x62, 0xff, 
    0x48, 0x9e, 0x8e, 0xc1, 0x24, 0x98, 0xb2, 0x0d, 0x4e, 0xca, 0x81, 0xcb, 0x42, 
    0xa7, 0x0f, 0x50, 0x02, 0x5b, 0xb0, 0x02, 0x66, 0xf0, 0x76, 0x35, 0x46, 0x0a, 
    0x9b, 0xc8, 0x0a, 0x9c, 0x57, 0x9d, 0x82, 0x30, 0x07, 0x18, 0xb6, 0x00, 0x06, 
    0xc0, 0x68, 0x7b, 0x00, 0x1b, 0x34, 0xb0, 0x78, 0xfd, 0xa0, 0x04, 0x24, 0xa0, 
    0x07, 0xa7, 0x68, 0x00, 0x46, 0xea, 0x7f, 0x90, 0x92, 0x03, 0x03, 0x8a, 0x9e, 
    0x1e, 0xe9, 0x18, 0xb1, 0xa0, 0x21, 0x02, 0x80, 0x00, 0x02, 0x94, 0x05, 0x49, 
    0x70, 0x5b, 0x36, 0x06, 0x9c, 0x08, 0xf8, 0x0c, 0xb2, 0xc9, 0x00, 0x93, 0x29, 
    0x03, 0x14, 0x00, 0x04, 0x6d, 0xd4, 0x06, 0xf4, 0x38, 0x07, 0x07, 0x20, 0x88, 
    0x49, 0x53, 0x93, 0xe5, 0x70, 0x8d, 0x98, 0x72, 0x90, 0x93, 0xda, 0x7c, 0x5b, 
    0xc7, 0xab, 0x70, 0xd8, 0x84, 0x22, 0x00, 0x85, 0x59, 0xfa, 0x56, 0xab, 0x30, 
    0x77, 0xbc, 0x77, 0x07, 0x35, 0x56, 0x9d, 0x7e, 0x30, 0x07, 0xa2, 0x28, 0x01, 
    0x06, 0xa0, 0x09, 0xba, 0x35, 0x19, 0x3b, 0x50, 0x93, 0xe6, 0xf0, 0x18, 0x68, 
    0x00, 0x29, 0xc7, 0x90, 0xad, 0x41, 0xf8, 0x18, 0x90, 0x30, 0x22, 0xd7, 0x97, 
    0x7d, 0x6e, 0x60, 0x07, 0x32, 0xaa, 0x68, 0x65, 0x37, 0x3d, 0xcc, 0xf0, 0x7b, 
    0xf3, 0xc6, 0x02, 0x32, 0x70, 0x02, 0x40, 0x60, 0x72, 0x96, 0xe6, 0x19, 0x2e, 
    0x05, 0x91, 0x7a, 0x40, 0x27, 0x0b, 0x80, 0x28, 0x77, 0x06, 0xa7, 0x63, 0xf2, 
    0x18, 0x2a, 0xd0, 0x22, 0x75, 0x1a, 0x6e, 0x6f, 0xc0, 0xa9, 0x8a, 0xa6, 0x0d, 
    0x63, 0x70, 0xab, 0x11, 0x13, 0x0b, 0xb3, 0x80, 0x77, 0xc1, 0x27, 0x04, 0x88, 
    0xa0, 0x07, 0xcb, 0x66, 0x00, 0x3b, 0x20, 0x30, 0x20, 0xa0, 0x91, 0xff, 0xf1, 
    0x06, 0xc5, 0xa0, 0x0c, 0xa8, 0x90, 0x09, 0x0c, 0xff, 0x60, 0x26, 0xcf, 0xf0, 
    0x18, 0x42, 0x80, 0x28, 0x25, 0x8a, 0xab, 0x26, 0xf1, 0x18, 0xc7, 0x50, 0x23, 
    0x03, 0xf0, 0x00, 0x39, 0x10, 0x09, 0x53, 0xe0, 0x07, 0xb7, 0x15, 0xae, 0x0b, 
    0x96, 0x08, 0xbc, 0xd0, 0xb0, 0x9e, 0x01, 0x0b, 0xdc, 0x60, 0x63, 0x1e, 0xc7, 
    0x03, 0x96, 0x10, 0x0a, 0x26, 0xc0, 0x85, 0x0d, 0x20, 0x00, 0xaa, 0xd8, 0x19, 
    0x63, 0x87, 0x20, 0x1b, 0x46, 0x26, 0x5e, 0x22, 0x91, 0x8d, 0x41, 0x93, 0x7f, 
    0x32, 0x6d, 0x16, 0xcb, 0x86, 0x8e, 0xf1, 0x31, 0x2d, 0x72, 0x62, 0x71, 0xb8, 
    0x03, 0x2a, 0x08, 0xa1, 0x8a, 0xf6, 0x0b, 0x57, 0x20, 0x0f, 0x8e, 0xa0, 0x0b, 
    0xd6, 0x20, 0x0a, 0xcf, 0x20, 0x0a, 0x9b, 0x70, 0x05, 0x2e, 0xf0, 0x65, 0x04, 
    0x10, 0x75, 0x4c, 0xc0, 0x02, 0x47, 0x00, 0x05, 0x6b, 0xa0, 0x52, 0x19, 0x50, 
    0x2f, 0x32, 0x30, 0x01, 0xce, 0x40, 0x8d, 0x8f, 0x11, 0x0e, 0x08, 0xa2, 0x89, 
    0x8f, 0xc1, 0x7a, 0x4d, 0x12, 0x2f, 0xb1, 0x87, 0x28, 0x1c, 0x82, 0xaf, 0x05, 
    0xf1, 0x18, 0x77, 0xd0, 0x23, 0xfd, 0x8a, 0x03, 0xb6, 0xc7, 0x04, 0x79, 0xaa, 
    0x68, 0xa2, 0x8b, 0x77, 0x09, 0x80, 0x05, 0x4a, 0x20, 0x02, 0xb5, 0xb0, 0x05, 
    0x57, 0x57, 0x00, 0x5a, 0xfb, 0x18, 0xf8, 0xb0, 0x1b, 0x0f, 0x20, 0x05, 0x93, 
    0x41, 0x0e, 0xff, 0x81, 0x1f, 0x94, 0x41, 0x88, 0x4d, 0xd2, 0x9f, 0x8e, 0x31, 
    0x5d, 0x88, 0xd2, 0x55, 0x3e, 0x7b, 0x9c, 0x8d, 0xc1, 0x03, 0x45, 0x32, 0xb4, 
    0x53, 0xc6, 0x05, 0x7e, 0xe0, 0x62, 0xa3, 0x9b, 0xbc, 0x7e, 0x8a, 0x05, 0x55, 
    0x60, 0x03, 0x88, 0xf0, 0x03, 0x38, 0xe0, 0x01, 0x08, 0x40, 0xa5, 0x93, 0xd1, 
    0x25, 0xb0, 0x01, 0x04, 0xbb, 0xd7, 0x18, 0x21, 0x60, 0x1f, 0x03, 0x70, 0x0e, 
    0x3c, 0xd9, 0x8f, 0x5e, 0xff, 0x82, 0x09, 0x8d, 0x71, 0x07, 0x10, 0x00, 0x29, 
    0x65, 0x80, 0xb9, 0x03, 0xf1, 0x18, 0xa8, 0xd0, 0x24, 0x27, 0x06, 0x04, 0x28, 
    0xb8, 0x04, 0x55, 0x80, 0xa5, 0xca, 0x3b, 0xbf, 0xb8, 0x94, 0xa3, 0x43, 0x90, 
    0x04, 0x5c, 0x40, 0x02, 0x38, 0x70, 0x00, 0xd3, 0xeb, 0x0f, 0x31, 0xe5, 0x18, 
    0xd3, 0x70, 0x1c, 0x11, 0x90, 0x40, 0x8e, 0x51, 0x53, 0xf6, 0x41, 0x01, 0xbf, 
    0x70, 0x0c, 0x8e, 0x70, 0xa8, 0x66, 0x72, 0x04, 0x4b, 0x00, 0x2a, 0x1f, 0x50, 
    0x9a, 0x13, 0x31, 0x19, 0x37, 0x5b, 0x24, 0xfd, 0xfa, 0x05, 0x24, 0x20, 0x07, 
    0x96, 0xe0, 0x62, 0x4a, 0x4b, 0xbf, 0x36, 0xa6, 0x00, 0x1a, 0x50, 0x01, 0x7e, 
    0x40, 0x05, 0x1f, 0x70, 0x02, 0x1c, 0xf0, 0x00, 0xcd, 0xe6, 0x0f, 0xbe, 0xdb, 
    0x0f, 0x9f, 0x66, 0x1c, 0x6a, 0x80, 0x79, 0x8f, 0xc1, 0x23, 0x57, 0x89, 0x29, 
    0x07, 0x10, 0x30, 0xbf, 0xfb, 0x11, 0x9d, 0xe6, 0x25, 0xb1, 0x95, 0x01, 0x3b, 
    0x20, 0x02, 0xdd, 0x07, 0x77, 0x1e, 0xac, 0x68, 0x20, 0x5c, 0x01, 0x82, 0x40, 
    0x05, 0x6e, 0x30, 0x02, 0x10, 0xf0, 0x00, 0x6e, 0xe4, 0x0f, 0x5b, 0xda, 0x18, 
    0xd0, 0x04, 0x1d, 0x30, 0x30, 0x83, 0xc1, 0x3b, 0xc3, 0x98, 0xf2, 0x83, 0x67, 
    0xbb, 0x8f, 0x8e, 0x51, 0x0c, 0x1e, 0x46, 0x56, 0x31, 0x10, 0x04, 0x54, 0x20, 
    0x08, 0x1d, 0x00, 0xb7, 0x41, 0xfc, 0x56, 0x48, 0xc5, 0x00, 0x13, 0x20, 0x08, 
    0xa1, 0x70, 0x52, 0x25, 0xc0, 0xae, 0x2d, 0x6a, 0x57, 0xfd, 0xd0, 0xa6, 0xd9, 
    0x31, 0x05, 0x46, 0xda, 0x18, 0x82, 0x40, 0xc5, 0x88, 0x52, 0x0d, 0x98, 0x3b, 
    0x19, 0x76, 0x20, 0x8d, 0x08, 0xc0, 0x01, 0x28, 0x08, 0x68, 0x6f, 0xd7, 0xc1, 
    0x63, 0x8c, 0x4b, 0x7f, 0xcb, 0xbc, 0x7e, 0xa0, 0x05, 0x27, 0x75, 0x4f, 0xac, 
    0xff, 0x0b, 0x1b, 0x4a, 0xf0, 0x18, 0xa2, 0xd0, 0x1e, 0x27, 0x40, 0x19, 0x6d, 
    0x66, 0xc7, 0x6e, 0x62, 0xc5, 0x37, 0x6c, 0x9a, 0xc9, 0xe0, 0x66, 0x05, 0x20, 
    0x01, 0x34, 0xb0, 0x05, 0x81, 0x60, 0x03, 0x04, 0xa6, 0x45, 0x83, 0x1c, 0x54, 
    0xc0, 0x67, 0x01, 0x3d, 0xa0, 0x02, 0x46, 0x9c, 0x01, 0xa4, 0xf3, 0x42, 0xbb, 
    0xb1, 0xc2, 0xc9, 0x37, 0x1e, 0x8e, 0xea, 0x18, 0x8b, 0x50, 0x7d, 0x94, 0x6c, 
    0x25, 0x06, 0xe0, 0xb4, 0x3d, 0xb9, 0xa2, 0x8f, 0x41, 0x67, 0x66, 0x72, 0x62, 
    0x1e, 0xc0, 0x50, 0x73, 0xa0, 0x02, 0x43, 0x80, 0x05, 0x2f, 0x36, 0xca, 0xe3, 
    0xd4, 0x79, 0x1d, 0x80, 0x02, 0x22, 0x30, 0x05, 0x1f, 0xa0, 0x4c, 0xf8, 0xa4, 
    0x73, 0xd0, 0xe9, 0x18, 0xeb, 0xfb, 0x1f, 0xa4, 0xd8, 0x69, 0x2d, 0x5a, 0xcb, 
    0x3d, 0x42, 0x9a, 0xf8, 0x4a, 0x2c, 0x88, 0x32, 0xb4, 0xb2, 0x65, 0x02, 0x2b, 
    0x90, 0x04, 0x3d, 0x60, 0x01, 0x59, 0x24, 0xc8, 0xc9, 0x8b, 0x54, 0x17, 0x80, 
    0x05, 0x43, 0x60, 0x06, 0x7c, 0x10, 0x08, 0x3f, 0x00, 0x07, 0x10, 0xf0, 0xcc, 
    0xbb, 0x91, 0x95, 0x8f, 0x01, 0xc7, 0xff, 0x01, 0x08, 0x93, 0x61, 0x0b, 0xd8, 
    0x5c, 0x24, 0x64, 0xb0, 0xcd, 0x8f, 0x01, 0xa9, 0x77, 0x72, 0x7d, 0x0f, 0x00, 
    0x01, 0x23, 0xa0, 0x06, 0x5c, 0x20, 0x02, 0x28, 0x30, 0x01, 0x0c, 0xf0, 0x62, 
    0xe6, 0xec, 0xb7, 0xe9, 0xd4, 0x01, 0x4c, 0x60, 0x03, 0x72, 0x50, 0x03, 0x51, 
    0x10, 0x03, 0x07, 0xa0, 0xc4, 0xd7, 0xec, 0x0f, 0xdd, 0xf0, 0x18, 0xfa, 0xac, 
    0x21, 0x1a, 0x30, 0x19, 0xc9, 0xb9, 0xcf, 0x23, 0x72, 0x02, 0x36, 0x9c, 0xcb, 
    0x38, 0xec, 0x18, 0x99, 0x0c, 0x29, 0xd7, 0x17, 0x01, 0x10, 0x00, 0x07, 0x41, 
    0x50, 0x0b, 0x7c, 0x20, 0x04, 0x3d, 0xd0, 0x01, 0xeb, 0xff, 0xd3, 0xd0, 0x96, 
    0x85, 0x54, 0x1b, 0x65, 0x01, 0x43, 0x20, 0x08, 0x2c, 0xc0, 0xcc, 0x14, 0x80, 
    0x3f, 0xd3, 0x9b, 0xd1, 0x91, 0xfc, 0x18, 0xd9, 0x32, 0x22, 0xc4, 0xda, 0x18, 
    0x23, 0x20, 0xd2, 0x11, 0xb2, 0x00, 0x4c, 0x79, 0xc5, 0x32, 0xe7, 0x18, 0x24, 
    0xa8, 0xd2, 0x06, 0xf0, 0x00, 0x40, 0x10, 0x03, 0x61, 0xe0, 0x06, 0x88, 0xf0, 
    0x07, 0x82, 0x40, 0x48, 0xeb, 0x23, 0xca, 0x78, 0x87, 0xce, 0x0c, 0xc0, 0x03, 
    0xbe, 0x24, 0x02, 0x93, 0x14, 0x09, 0x2d, 0xc0, 0x01, 0xcf, 0x9c, 0xd1, 0xfe, 
    0x60, 0x0f, 0x8f, 0x31, 0x64, 0x35, 0xe2, 0x9a, 0x38, 0x17, 0x6d, 0x4a, 0x3d, 
    0x1e, 0x40, 0x26, 0xc1, 0x11, 0xe1, 0x80, 0xb1, 0x72, 0x7d, 0x08, 0xb0, 0x01, 
    0x6b, 0x30, 0x02, 0x7a, 0xb0, 0x03, 0x2b, 0x20, 0x02, 0x66, 0x30, 0x04, 0x85, 
    0x74, 0x01, 0x09, 0x80, 0x48, 0x47, 0x95, 0xd8, 0x8a, 0x8d, 0x54, 0x1a, 0x95, 
    0xce, 0x13, 0xd0, 0x03, 0xbf, 0x44, 0x05, 0xa1, 0x03, 0x03, 0x18, 0x70, 0xd1, 
    0xac, 0x6c, 0x1c, 0x91, 0x30, 0x19, 0x27, 0xda, 0x22, 0xa1, 0xf9, 0x18, 0xb0, 
    0xf0, 0xa1, 0x73, 0x2d, 0x1e, 0xad, 0xc0, 0x7c, 0x02, 0xd7, 0x18, 0xf1, 0x9a, 
    0xd7, 0x03, 0x50, 0x00, 0x11, 0x70, 0x00, 0x18, 0x40, 0x01, 0x4d, 0xb4, 0x02, 
    0x4b, 0x20, 0x08, 0x4a, 0x10, 0x3c, 0x54, 0x74, 0x45, 0x17, 0x70, 0xdb, 0xb8, 
    0xad, 0x01, 0x55, 0x64, 0x01, 0x1d, 0x50, 0x05, 0x6f, 0x90, 0x04, 0x2c, 0x30, 
    0x07, 0x3b, 0x10, 0x04, 0x19, 0xf0, 0x05, 0x68, 0x6d, 0x72, 0x6a, 0x0d, 0x1b, 
    0xd3, 0xe4, 0x18, 0xb4, 0x5b, 0x24, 0x15, 0xf8, 0x18, 0xfc, 0x15, 0xda, 0xd0, 
    0x81, 0xc7, 0x76, 0x7d, 0xd7, 0xfd, 0x60, 0x6a, 0xc6, 0xa2, 0xd7, 0x12, 0xc0, 
    0x01, 0x31, 0x90, 0x01, 0x13, 0xff, 0xb4, 0x02, 0x76, 0x60, 0x03, 0x7e, 0x60, 
    0x09, 0x4c, 0xd0, 0x03, 0x55, 0x30, 0x04, 0x15, 0x90, 0xde, 0x15, 0x30, 0x04, 
    0x55, 0xa0, 0x04, 0x6f, 0x60, 0x09, 0x42, 0x00, 0x4c, 0x53, 0x20, 0x03, 0x7a, 
    0x30, 0x46, 0x56, 0xd3, 0x46, 0x3a, 0x67, 0x1c, 0x93, 0x80, 0x55, 0xe2, 0x59, 
    0x24, 0x2c, 0xd5, 0x18, 0x46, 0x20, 0xdd, 0xcf, 0x71, 0xd4, 0x97, 0xac, 0x24, 
    0x20, 0xd0, 0xdf, 0xbf, 0x22, 0x00, 0x7a, 0x2d, 0x3b, 0x5f, 0x40, 0x01, 0x4e, 
    0x60, 0x02, 0x3b, 0x00, 0x3e, 0x5a, 0xc0, 0x07, 0x2c, 0xb0, 0x04, 0x22, 0x70, 
    0xe1, 0x22, 0xb0, 0x04, 0x2c, 0xc0, 0x07, 0x54, 0x30, 0x07, 0x59, 0x70, 0x03, 
    0x6a, 0x10, 0x06, 0x70, 0xd0, 0x49, 0x57, 0x63, 0x00, 0x29, 0x0c, 0x1d, 0x43, 
    0xe4, 0x18, 0x64, 0x6b, 0x25, 0x21, 0x1a, 0x98, 0xc6, 0x32, 0x09, 0x0e, 0x20, 
    0x22, 0x4d, 0x32, 0xb0, 0x05, 0xae, 0x24, 0x95, 0x70, 0x8a, 0x53, 0xea, 0x37, 
    0xb2, 0x43, 0x03, 0x2d, 0x40, 0x01, 0x51, 0xa0, 0x07, 0x24, 0x60, 0x02, 0x35, 
    0x20, 0x03, 0x3b, 0x50, 0xe4, 0x3b, 0x20, 0x03, 0x6e, 0xf0, 0x01, 0x24, 0xe0, 
    0x04, 0x61, 0x30, 0x02, 0x33, 0x50, 0x02, 0x07, 0xc0, 0x46, 0x26, 0x9e, 0xdc, 
    0xbc, 0xa1, 0x2b, 0x13, 0x89, 0xe0, 0x4d, 0x62, 0x05, 0x8f, 0x90, 0x0d, 0xf1, 
    0xb7, 0xdf, 0x8d, 0xa1, 0x05, 0x3d, 0xf2, 0x03, 0x70, 0x56, 0xdd, 0x13, 0xb1, 
    0x08, 0x07, 0xb2, 0x8c, 0x53, 0x6a, 0x00, 0x0d, 0x10, 0x01, 0x8d, 0x03, 0x01, 
    0x90, 0x13, 0x03, 0x38, 0xd0, 0x02, 0x70, 0x70, 0x02, 0x27, 0x00, 0x07, 0x2d, 
    0x30, 0x03, 0x31, 0x80, 0x01, 0x25, 0xc0, 0x01, 0x1e, 0x70, 0x35, 0x2f, 0xa4, 
    0xe0, 0xe3, 0x11, 0x05, 0x93, 0xf1, 0xca, 0x02, 0x7e, 0x1c, 0x35, 0xda, 0x18, 
    0x8f, 0xff, 0x1c, 0x21, 0x10, 0x10, 0x0a, 0x56, 0xb0, 0xdc, 0x64, 0x3e, 0x11, 
    0x88, 0x55, 0x93, 0x53, 0x9a, 0xda, 0x0d, 0x80, 0x00, 0x11, 0x20, 0x01, 0x0b, 
    0xf0, 0x63, 0x1e, 0xb0, 0xe9, 0x1e, 0xb0, 0x01, 0x1b, 0xb0, 0x00, 0x11, 0x90, 
    0x42, 0x05, 0x30, 0xe5, 0xff, 0xe1, 0x89, 0x8e, 0x01, 0x0c, 0x85, 0x9e, 0x1d, 
    0xbe, 0x4b, 0x0c, 0xcf, 0x01, 0x01, 0x2d, 0x10, 0x05, 0x32, 0x50, 0x0b, 0x48, 
    0xd0, 0x03, 0xae, 0x60, 0x0e, 0xc0, 0x40, 0xc0, 0xa4, 0x0d, 0x12, 0x94, 0xac, 
    0xe0, 0x93, 0x3e, 0x00, 0x06, 0x60, 0x00, 0x2e, 0xe4, 0x42, 0xbf, 0x0e, 0x43, 
    0xcd, 0x46, 0xe5, 0xd9, 0xc1, 0x04, 0x93, 0x91, 0x01, 0xa9, 0x0e, 0x1d, 0x12, 
    0xda, 0x18, 0x9e, 0xe0, 0x04, 0x21, 0xe0, 0x0e, 0x90, 0x20, 0x05, 0x90, 0x50, 
    0x0e, 0x8d, 0x20, 0xb2, 0xd4, 0xa4, 0x12, 0x73, 0xcd, 0xeb, 0xdc, 0x6e, 0xec, 
    0xed, 0xb1, 0x01, 0x00, 0xd7, 0x18, 0x9c, 0xb0, 0xec, 0xd0, 0xf1, 0x6c, 0x8d, 
    0xb1, 0x08, 0x3c, 0x49, 0x77, 0x2d, 0x41, 0xee, 0x3d, 0x92, 0x6d, 0xfd, 0x10, 
    0x86, 0xec, 0x7e, 0x1c, 0x21, 0x43, 0x85, 0x2f, 0x11, 0xef, 0x23, 0xf2, 0xdc, 
    0x8e, 0xa1, 0x72, 0xf6, 0x1e, 0x65, 0xe4, 0xaa, 0xee, 0x32, 0xb1, 0xef, 0x08, 
    0x22, 0x08, 0x20, 0x0d, 0xf0, 0xc6, 0x01, 0x00, 0xd9, 0x9e, 0x13, 0x04, 0xdf, 
    0x1e, 0x39, 0x10, 0xa4, 0x8d, 0x51, 0x0e, 0x09, 0xcf, 0x1b, 0x05, 0x50, 0x9c, 
    0x35, 0x8e, 0xf0, 0x0f, 0x9f, 0x1d, 0xa6, 0xde, 0x18, 0x20, 0xd0, 0x97, 0x15, 
    0x0f, 0x1b, 0xee, 0x4e, 0x14, 0x1b, 0xff, 0x1c, 0x6b, 0x96, 0xef, 0x1f, 0xef, 
    0x0f, 0x0f, 0xe0, 0xc6, 0x1e, 0x3f, 0xf2, 0xbb, 0xa1, 0x4f, 0x8e, 0xa1, 0x0d, 
    0x28, 0x0f, 0x0a, 0x8f, 0xce, 0x12, 0x28, 0x0f, 0x1b, 0x1b, 0xff, 0xb0, 0xc2, 
    0xea, 0x80, 0xf2, 0x02, 0x10, 0xee, 0x26, 0xfd, 0x13, 0x31, 0xef, 0x0f, 0x8e, 
    0xe4, 0x2d, 0x31, 0x8f, 0xec, 0xe8, 0xfb, 0x11, 0x31, 0xff, 0xd1, 0x8f, 0xe1, 
    0x2b, 0x28, 0x7f, 0xaf, 0x9b, 0xf2, 0xf2, 0x25, 0x81, 0xf2, 0xf3, 0xee, 0x18, 
    0x0b, 0x8a, 0xf2, 0x0f, 0xd0, 0x08, 0xf0, 0x11, 0x70, 0x3b, 0x81, 0xf2, 0x2a, 
    0xe9, 0x18, 0xfc, 0xb0, 0xf3, 0x08, 0x00, 0xc3, 0x95, 0x01, 0x5d, 0x38, 0x31, 
    0xf2, 0x13, 0xf2, 0x18, 0xb0, 0xba, 0xf3, 0x6c, 0xad, 0x19, 0x8d, 0x49, 0xf5, 
    0x36, 0x31, 0xf2, 0xd5, 0xea, 0x18, 0xf2, 0xb5, 0xf3, 0x6b, 0xda, 0x18, 0x27, 
    0x90, 0x04, 0x8e, 0xb1, 0x0b, 0x9e, 0x8a, 0xf6, 0x33, 0xf1, 0xf1, 0xf0, 0xe5, 
    0x18, 0x88, 0xb7, 0xf3, 0xb0, 0x31, 0xa6, 0x8e, 0xc1, 0x23, 0x84, 0x90, 0x0b, 
    0xf8, 0xe7, 0x0f, 0xd5, 0x5c, 0x86, 0x30, 0xb1, 0xf1, 0x43, 0xed, 0x18, 0x4c, 
    0xc0, 0xf7, 0xd7, 0x9b, 0xe2, 0xfd, 0x50, 0xf3, 0xc7, 0x71, 0x03, 0x25, 0x69, 
    0xf7, 0xf5, 0x5e, 0xf1, 0x7e, 0xe0, 0x29, 0x8c, 0xbf, 0x1b, 0xc4, 0xd6, 0x18, 
    0x29, 0xfd, 0x1c, 0x35, 0x30, 0x08, 0x5c, 0x1f, 0xf4, 0x0b, 0xb1, 0xf1, 0x7e, 
    0xdf, 0x18, 0xbe, 0xc9, 0xf7, 0x33, 0xc0, 0x87, 0x43, 0x2a, 0x1e, 0x10, 0x10, 
    0xcd, 0x4a, 0x7f, 0x11, 0x1f, 0x5f, 0x05, 0x90, 0x30, 0x0c, 0xc5, 0x91, 0xf9, 
    0xfe, 0x00, 0xf4, 0x8d, 0xe1, 0x05, 0xf6, 0x81, 0x08, 0x39, 0xfb, 0xfa, 0x15, 
    0x61, 0xfb, 0x7c, 0x8f, 0xf4, 0xa7, 0x89, 0x20, 0xe3, 0xe0, 0xfb, 0x14, 0x01, 
    0xfc, 0x31, 0xaf, 0xf2, 0xfd, 0xe0, 0x0d, 0x1a, 0xa2, 0x7f, 0x13, 0x4f, 0x12, 
    0xc8, 0x8f, 0xf2, 0xb2, 0xeb, 0xf4, 0x1a, 0x52, 0xfc, 0x4e, 0xdd, 0x11, 0xd1, 
    0xff, 0xf1, 0x2e, 0xef, 0x18, 0x69, 0xff, 0x20, 0x01, 0x1a, 0x22, 0xad, 0xcf, 
    0x3f, 0x12, 0xd9, 0x5f, 0xf1, 0x3e, 0x30, 0x19, 0x51, 0xaa, 0x21, 0x90, 0x7b, 
    0xf8, 0xe3, 0x4f, 0xf0, 0x05, 0xc0, 0xaa, 0x48, 0xaa, 0x21, 0x15, 0x20, 0xfa, 
    0x08, 0xb1, 0xfe, 0x04, 0x5f, 0x94, 0x8f, 0x31, 0x4a, 0x23, 0x72, 0xb9, 0xe1, 
    0x2f, 0x12, 0xf4, 0xbf, 0xef, 0xf6, 0xef, 0x18, 0x87, 0xd2, 0x22, 0x0b, 0xb0, 
    0x7b, 0xea, 0xdf, 0xff, 0xe4, 0x8e, 0xad, 0x8e, 0x31, 0x0f, 0x45, 0xe2, 0x53, 
    0xfb, 0x1f, 0x12, 0xfd, 0xcf, 0xee, 0xbf, 0x51, 0x5a, 0x45, 0xa2, 0x06, 0xf2, 
    0x7f, 0x10, 0xfd, 0x4f, 0xee, 0x4d, 0xdc, 0x18, 0xe0, 0x80, 0xe5, 0x1a, 0xa2, 
    0xfc, 0xea, 0xdf, 0xff, 0x85, 0x9e, 0x0b, 0x93, 0x21, 0x0d, 0xd6, 0x5b, 0x23, 
    0x82, 0x2e, 0xff, 0x06, 0xd1, 0xff, 0xa9, 0x9e, 0x03, 0x4f, 0xa6, 0xb6, 0x45, 
    0x62, 0x70, 0xf2, 0x6f, 0x10, 0xfd, 0x9f, 0xea, 0x0b, 0x60, 0x68, 0xc2, 0xf0, 
    0x99, 0x56, 0x12, 0xf2, 0x39, 0x9f, 0x12, 0xfd, 0xbf, 0xec, 0x2c, 0xc0, 0x08, 
    0xc2, 0xb0, 0x09, 0x2c, 0xd2, 0x24, 0xdb, 0x7f, 0xfd, 0x1c, 0xd1, 0xff, 0xec, 
    0xee, 0xfd, 0x5e, 0xe2, 0x9d, 0xc6, 0x3f, 0x11, 0xfd, 0x4f, 0xff, 0x25, 0x10, 
    0x0d, 0xb9, 0xbe, 0xf4, 0xfd, 0x9f, 0xfd, 0x3f, 0x10, 0x0e, 0xe4, 0x65, 0xfc, 
    0xbf, 0xdf, 0xff, 0xc8, 0x9f, 0x05, 0x04, 0x7e, 0xfd, 0x42, 0xdf, 0xff, 0xb6, 
    0x3f, 0x09, 0x96, 0x9c, 0xeb, 0x28, 0xd1, 0xff, 0x8c, 0x8f, 0x08, 0xab, 0xc0, 
    0x64, 0x94, 0xaf, 0xfe, 0xfd, 0x1f, 0xf3, 0xdb, 0xe9, 0xf5, 0x77, 0xdf, 0xff, 
    0x3b, 0x8f, 0xeb, 0xc6, 0xcf, 0x11, 0xfd, 0xbf, 0xf1, 0x4d, 0xb0, 0x0a, 0x8f, 
    0xe0, 0x0c, 0x0f, 0x50, 0x7f, 0xf2, 0x3f, 0x11, 0xfd, 0x4f, 0xf0, 0x39, 0x30, 
    0x09, 0x97, 0xff, 0x90, 0xbd, 0xb1, 0xa0, 0x30, 0xfb, 0x5f, 0xf9, 0xfd, 0x1f, 
    0xef, 0xef, 0x45, 0x5e, 0x86, 0xef, 0x13, 0xfd, 0x6f, 0xef, 0x15, 0xd0, 0xd4, 
    0x86, 0xef, 0x13, 0xfd, 0xcf, 0xee, 0x37, 0x60, 0xc9, 0x94, 0x0f, 0x14, 0xfd, 
    0x4f, 0xee, 0xee, 0x1a, 0x67, 0x47, 0xd1, 0xff, 0xcb, 0xee, 0xe8, 0xc6, 0xef, 
    0x12, 0xfd, 0x5f, 0xe8, 0x4d, 0x70, 0x9e, 0xf2, 0x0f, 0xfd, 0xfd, 0x1f, 0xda, 
    0x5f, 0x90, 0xf7, 0xc6, 0xff, 0xef, 0xfd, 0xaf, 0xd4, 0x31, 0xe0, 0x0a, 0xce, 
    0x9a, 0xeb, 0x27, 0xdf, 0xff, 0xfb, 0xac, 0x02, 0x8e, 0x6f, 0xfc, 0x34, 0xd1, 
    0xff, 0x22, 0x9d, 0xa2, 0x86, 0xcf, 0x14, 0xfd, 0x8f, 0xcd, 0x9c, 0xb0, 0x35, 
    0x86, 0xef, 0x14, 0xfd, 0x4f, 0xc9, 0x13, 0xc0, 0xa1, 0xc6, 0x4f, 0xf1, 0xfd, 
    0x7f, 0x95, 0x14, 0x50, 0xf6, 0xb9, 0xce, 0x14, 0xfd, 0x7f, 0x95, 0x12, 0xf0, 
    0x01, 0x6e, 0x2c, 0xff, 0xea, 0xdf, 0xff, 0xee, 0xd8, 0x03, 0x38, 0x2f, 0xff, 
    0xff, 0xde, 0xff, 0xee, 0x18, 0xb1, 0x86, 0x7f, 0x15, 0xfd, 0x0f, 0x91, 0x57, 
    0x2f, 0xff, 0x69, 0xdf, 0xff, 0xcb, 0x18, 0xc1, 0xf2, 0xff, 0xf5, 0xfd, 0xbf, 
    0x8c, 0x96, 0x9c, 0xf3, 0x5b, 0xd1, 0xff, 0xcb, 0x28, 0xf0, 0xf2, 0x4f, 0xf1, 
    0xfd, 0x5f, 0x88, 0x9c, 0x79, 0xfd, 0x4f, 0xd1, 0xff, 0xa7, 0x18, 0xf6, 0xd7, 
    0xff, 0x14, 0xfd, 0x5f, 0x88, 0x0f, 0xe0, 0xac, 0xd7, 0x0f, 0x15, 0xfd, 0x5f, 
    0x88, 0xe0, 0xbf, 0xff, 0x55, 0xd1, 0xff, 0x62, 0x58, 0xfa, 0xfb, 0x6f, 0x15, 
    0xfd, 0x2f, 0x86, 0x0f, 0x23, 0xff, 0x3c, 0xd1, 0xff, 0x18, 0x08, 0x8c, 0xd7, 
    0x2f, 0x15, 0xfd, 0x1f, 0xa0, 0xc6, 0xaf, 0x14, 0xfd, 0x1f, 0x7f, 0xcc, 0x60, 
    0xfc, 0x4a, 0xd1, 0xff, 0xc6, 0xb2, 0x9d, 0xf2, 0xaf, 0xf3, 0xfd, 0x2e, 0x8f, 
    0x2b, 0x11, 0x90, 0xeb, 0x5c, 0xd1, 0xff, 0xbf, 0xb2, 0x2a, 0xd7, 0x5f, 0x15, 
    0xfd, 0x8f, 0x2b, 0x8a, 0x22, 0xff, 0x41, 0xd1, 0xff, 0xb8, 0x02, 0x0b, 0xc6, 
    0xdf, 0x14, 0xfd, 0x1f, 0x2b, 0x54, 0x79, 0xfd, 0x57, 0xd1, 0xff, 0xa9, 0x32, 
    0x03, 0xb8, 0xcc, 0x16, 0x01, 0x01, 0x00, 0x21, 0xf9, 0x04, 0x09, 0x08, 0x00, 
    0xff, 0x00, 0x2c, 0x00, 0x00, 0x00, 0x00, 0xf0, 0x00, 0xf0, 0x00, 0x00, 0x08, 
    0xff, 0x00, 0xff, 0x09, 0x1c, 0x48, 0xb0, 0xa0, 0xc1, 0x83, 0x08, 0x13, 0x2a, 
    0x5c, 0xc8, 0xb0, 0xa1, 0xc3, 0x87, 0x10, 0x23, 0x4a, 0x9c, 0x48, 0xb1, 0xa2, 
    0xc5, 0x8b, 0x18, 0x33, 0x6a, 0xdc, 0xc8, 0xb1, 0xa3, 0xc7, 0x8f, 0x20, 0x43, 
    0x8a, 0x1c, 0x49, 0xb2, 0xa4, 0xc9, 0x93, 0x28, 0x53, 0xaa, 0x5c, 0xc9, 0xb2, 
    0xa5, 0xcb, 0x97, 0x30, 0x63, 0xca, 0x9c, 0x49, 0xb3, 0xa6, 0xcd, 0x9b, 0x38, 
    0x73, 0xea, 0xdc, 0xc9, 0xb3, 0xa7, 0xcf, 0x9f, 0x40, 0x83, 0x0a, 0x1d, 0x4a, 
    0xb4, 0xa8, 0xd1, 0xa3, 0x48, 0x93, 0x2a, 0x5d, 0xca, 0xb4, 0xa9, 0xd3, 0xa7, 
    0x50, 0xa3, 0x4a, 0x9d, 0x4a, 0xb5, 0xaa, 0xd5, 0xab, 0x58, 0xb3, 0x6a, 0xdd, 
    0xca, 0xb5, 0xab, 0xd7, 0xaf, 0x60, 0xc3, 0x8a, 0x1d, 0x4b, 0xb6, 0xac, 0xd9, 
    0xb3, 0x68, 0xd3, 0xaa, 0x5d, 0xcb, 0xb6, 0xad, 0xdb, 0xb7, 0x70, 0xe3, 0xca, 
    0x9d, 0x4b, 0xb7, 0xae, 0xdd, 0xbb, 0x78, 0xf3, 0xea, 0xdd, 0xcb, 0xb7, 0xaf, 
    0xdf, 0xbf, 0x80, 0x03, 0x0b, 0x1e, 0x4c, 0xb8, 0xb0, 0xe1, 0xc3, 0x88, 0x13, 
    0x2b, 0x5e, 0xcc, 0xb8, 0xb1, 0xe3, 0xc7, 0x90, 0x23, 0x4b, 0x9e, 0x4c, 0xb9, 
    0xb2, 0xe5, 0xcb, 0x98, 0x33, 0x6b, 0xde, 0xcc, 0xb9, 0xf3, 0xe5, 0x7e, 0xa0, 
    0x43, 0x83, 0xf6, 0x8c, 0x54, 0xb4, 0xe9, 0xd0, 0xa4, 0x89, 0x9e, 0x5e, 0x3d, 
    0x3a, 0xf5, 0x4f, 0xd6, 0xb0, 0x5d, 0xf7, 0x3c, 0x2d, 0xa6, 0x82, 0x09, 0x33, 
    0xe1, 0x4a, 0xb1, 0x96, 0x9d, 0xf3, 0x74, 0x26, 0x38, 0xfe, 0x82, 0xfb, 0x6b, 
    0x80, 0x82, 0xd9, 0x6a, 0xde, 0x36, 0x4f, 0x5b, 0x10, 0xce, 0x3c, 0x78, 0x16, 
    0x23, 0xa6, 0x91, 0xd3, 0x3c, 0xcd, 0xa5, 0xb9, 0x75, 0x13, 0xe5, 0xa2, 0x4b, 
    0x7f, 0xb9, 0x5a, 0x83, 0xf5, 0xef, 0x10, 0x9e, 0x68, 0xff, 0xdf, 0x9e, 0x12, 
    0x76, 0xa1, 0xef, 0xe8, 0xe5, 0x8c, 0x27, 0x5f, 0x12, 0x76, 0x3f, 0x47, 0xe8, 
    0xe3, 0x77, 0x13, 0xcd, 0xbe, 0x3d, 0xec, 0x72, 0x71, 0xe2, 0xc7, 0xaf, 0xb1, 
    0xbe, 0xbe, 0x47, 0xd8, 0xfb, 0x2c, 0xa1, 0xdf, 0x80, 0xc2, 0xd0, 0xe7, 0xdf, 
    0x47, 0xab, 0x79, 0x43, 0x87, 0x16, 0x03, 0x36, 0x48, 0x49, 0x7f, 0x07, 0x62, 
    0x74, 0x9a, 0x2f, 0x82, 0x34, 0x68, 0xa1, 0x3f, 0x03, 0x10, 0x61, 0x60, 0x84, 
    0x19, 0x99, 0x46, 0x04, 0x34, 0x17, 0x86, 0x18, 0xcd, 0x86, 0x1c, 0x5a, 0x64, 
    0x5a, 0x1a, 0x27, 0x84, 0x18, 0xe2, 0x08, 0x10, 0x96, 0x18, 0x91, 0x69, 0x28, 
    0xa8, 0xa8, 0xa2, 0x3d, 0x2d, 0xba, 0xd8, 0x90, 0x69, 0xe7, 0xc9, 0x18, 0x62, 
    0x06, 0x35, 0xda, 0xa8, 0x90, 0x69, 0x8d, 0xe8, 0x28, 0x63, 0x26, 0x24, 0xfa, 
    0x78, 0xa3, 0x68, 0x3d, 0x08, 0xa9, 0xa2, 0x09, 0x3d, 0x1a, 0x59, 0x90, 0x69, 
    0xba, 0x28, 0x29, 0xa3, 0x24, 0x45, 0x3a, 0x89, 0x90, 0x69, 0x1e, 0x48, 0xa9, 
    0x62, 0x20, 0x4d, 0x5a, 0x69, 0xda, 0x2f, 0x5a, 0xca, 0x08, 0x4e, 0x95, 0x56, 
    0x12, 0x24, 0xda, 0x21, 0x61, 0xca, 0x78, 0x07, 0x99, 0x65, 0xfe, 0x63, 0xda, 
    0x11, 0x69, 0xaa, 0x08, 0x0b, 0x9b, 0x5e, 0x8a, 0x66, 0x4d, 0x9c, 0x2a, 0x4a, 
    0x41, 0xa7, 0x91, 0xa7, 0x91, 0x80, 0x67, 0x88, 0xd4, 0xec, 0xe9, 0xa3, 0x69, 
    0xde, 0xfd, 0x79, 0xe1, 0x25, 0x82, 0xba, 0x68, 0x9a, 0x2f, 0x86, 0x86, 0x58, 
    0x41, 0xa2, 0x1c, 0x9a, 0x56, 0xc7, 0x06, 0x8d, 0x5e, 0xc8, 0x1f, 0x6a, 0x6d, 
    0x0a, 0x64, 0x5a, 0x0d, 0x95, 0x5e, 0x18, 0x45, 0x97, 0x11, 0x9a, 0x86, 0x49, 
    0xa7, 0x17, 0x1e, 0xb0, 0x07, 0xa4, 0xfe, 0x89, 0x26, 0x09, 0xa9, 0x21, 0xb6, 
    0x82, 0x2a, 0x7b, 0xa6, 0x6d, 0xff, 0xc1, 0xea, 0x85, 0xc1, 0xbc, 0x4a, 0x9e, 
    0x68, 0xa6, 0xcc, 0x7a, 0x61, 0x12, 0xa0, 0xd6, 0x27, 0x5a, 0x22, 0xba, 0x5a, 
    0xb8, 0x00, 0x08, 0xb6, 0x4a, 0x27, 0x9a, 0x0a, 0xc1, 0x5a, 0x48, 0x24, 0xa6, 
    0x4e, 0x8a, 0x26, 0x4b, 0xb2, 0x0d, 0x52, 0xd1, 0xeb, 0xad, 0xa2, 0x99, 0x01, 
    0xed, 0x80, 0x90, 0x14, 0xcb, 0xdb, 0x69, 0x30, 0x5c, 0x1b, 0xdf, 0x01, 0xe8, 
    0x30, 0xcb, 0xa7, 0x68, 0xdf, 0x78, 0x1b, 0x5f, 0x03, 0xd7, 0x18, 0x93, 0xa9, 
    0x68, 0xd5, 0x98, 0xab, 0xdf, 0x16, 0xaf, 0x9c, 0x66, 0xa3, 0x68, 0xe8, 0xb8, 
    0xdb, 0x9c, 0x00, 0x56, 0x60, 0xd3, 0x86, 0x7b, 0x25, 0x9a, 0xe6, 0x82, 0xbd, 
    0xc2, 0x5d, 0xe1, 0xde, 0xc0, 0xd4, 0x86, 0x16, 0x05, 0xc0, 0xfe, 0xa4, 0x30, 
    0xf0, 0xc2, 0xc6, 0x8a, 0xc6, 0x0e, 0xc2, 0xf1, 0x9a, 0xc6, 0x4f, 0x3d, 0xe6, 
    0xac, 0xb9, 0x70, 0x6b, 0xb2, 0x99, 0x66, 0x4f, 0x0b, 0xf6, 0x7a, 0x40, 0x4f, 
    0x33, 0xa2, 0x9c, 0xc2, 0x83, 0x1a, 0x03, 0x08, 0x57, 0x88, 0x34, 0x17, 0x63, 
    0x9c, 0x1a, 0x90, 0x2c, 0x58, 0x28, 0x40, 0x16, 0x2e, 0xec, 0xb2, 0x8b, 0x80, 
    0xb3, 0x1e, 0x30, 0xc4, 0x35, 0xa7, 0xe4, 0x12, 0x47, 0x00, 0xb4, 0xc4, 0xe6, 
    0xda, 0x6a, 0x1d, 0xc4, 0xf7, 0x85, 0x26, 0xef, 0xb0, 0x63, 0xda, 0x0f, 0xee, 
    0x46, 0xa1, 0x0d, 0x23, 0xbb, 0xad, 0x6c, 0x9a, 0x11, 0xc2, 0x15, 0x60, 0xc2, 
    0x1f, 0x54, 0x7c, 0x50, 0x86, 0x86, 0xab, 0x5d, 0x83, 0xf0, 0x05, 0x86, 0x1c, 
    0xe7, 0x74, 0x68, 0xb7, 0x98, 0x60, 0x09, 0x1d, 0xb1, 0xa4, 0x8c, 0x04, 0xc2, 
    0xfe, 0x00, 0x21, 0x8f, 0xd7, 0x93, 0x89, 0x6b, 0x50, 0x68, 0xe2, 0xa5, 0xdc, 
    0x0f, 0x2c, 0x17, 0xa0, 0x2d, 0x5c, 0x10, 0x73, 0x4e, 0xfb, 0x97, 0xdc, 0xcc, 
    0xca, 0xff, 0x2d, 0x85, 0x2d, 0x9a, 0x98, 0x60, 0xb7, 0x75, 0x95, 0xe8, 0xbd, 
    0x17, 0xdf, 0x88, 0xdb, 0xb9, 0xc3, 0xe0, 0xfa, 0xf5, 0x01, 0x1a, 0x08, 0x8a, 
    0x25, 0x3e, 0x70, 0x0a, 0x62, 0xc0, 0x22, 0x0e, 0x39, 0x83, 0xe4, 0x43, 0x8a, 
    0x15, 0x8c, 0x37, 0x28, 0x43, 0x2a, 0x82, 0x1f, 0x26, 0xf9, 0xc2, 0x3a, 0xc4, 
    0xd0, 0x79, 0x98, 0x03, 0x69, 0xcb, 0xd6, 0x6a, 0x60, 0xdc, 0xe1, 0x48, 0x36, 
    0xe3, 0x90, 0xc3, 0x84, 0x0f, 0x4d, 0xc8, 0x61, 0xc1, 0x2a, 0xd5, 0x88, 0x22, 
    0xca, 0x33, 0xde, 0x20, 0xb3, 0x1a, 0x08, 0x39, 0x9e, 0x2e, 0x65, 0x18, 0x4d, 
    0xe3, 0x75, 0xda, 0x22, 0x56, 0x40, 0xa0, 0x62, 0x0b, 0x36, 0x24, 0xf2, 0xc8, 
    0x69, 0x63, 0x84, 0x21, 0xbc, 0x92, 0x9f, 0x16, 0x5f, 0xd7, 0x84, 0xd2, 0x4b, 
    0x69, 0xc3, 0x18, 0xa6, 0xdd, 0x92, 0xc1, 0xf4, 0x3a, 0x22, 0x20, 0x8a, 0xcf, 
    0x74, 0x9d, 0xc6, 0x09, 0x9e, 0xc3, 0xe0, 0x08, 0xbe, 0x90, 0x80, 0xd4, 0xa3, 
    0x0c, 0xdb, 0x71, 0x9d, 0x36, 0xca, 0x9f, 0x10, 0x1c, 0x22, 0xda, 0x10, 0xeb, 
    0x4b, 0xf9, 0xc1, 0x37, 0x86, 0x9b, 0x08, 0xbf, 0x50, 0xa6, 0xe1, 0x43, 0xa5, 
    0x08, 0x80, 0x87, 0x3c, 0xc4, 0x23, 0x7f, 0x61, 0x32, 0x47, 0xff, 0x20, 0x92, 
    0xb2, 0xa1, 0x98, 0xe6, 0x12, 0xac, 0x32, 0x00, 0x02, 0xc3, 0x84, 0x00, 0x30, 
    0x2c, 0xf0, 0x48, 0x0d, 0x04, 0x8a, 0x69, 0x80, 0x91, 0xac, 0x37, 0xac, 0x60, 
    0x82, 0x42, 0xe2, 0x95, 0xbc, 0x34, 0x22, 0x39, 0x0d, 0x8a, 0x26, 0x12, 0xba, 
    0x6a, 0x80, 0x2d, 0x40, 0x83, 0x0b, 0x10, 0xea, 0xa8, 0x67, 0xff, 0x93, 0x08, 
    0x6c, 0x8a, 0xe0, 0x8e, 0x76, 0xe0, 0x83, 0x00, 0x04, 0x58, 0x96, 0xea, 0x56, 
    0x62, 0x1a, 0x71, 0x04, 0xcb, 0x15, 0xa2, 0xb9, 0x81, 0x0b, 0xff, 0x65, 0x54, 
    0xb8, 0x18, 0x3a, 0x04, 0x36, 0xaf, 0x10, 0x41, 0x96, 0x9a, 0x73, 0x84, 0x3a, 
    0x5c, 0x50, 0x25, 0xa2, 0x69, 0x83, 0xf2, 0x74, 0xe5, 0x0c, 0xd1, 0x1c, 0x63, 
    0x88, 0x32, 0x1a, 0x85, 0x9e, 0x46, 0xf8, 0x10, 0xd8, 0x50, 0x43, 0x0d, 0xfa, 
    0x61, 0xd2, 0x13, 0x4f, 0x62, 0x9a, 0xb3, 0x05, 0x2b, 0x0b, 0x51, 0x2c, 0x40, 
    0x9c, 0xb2, 0x81, 0x87, 0x5c, 0x9c, 0x4e, 0x09, 0x78, 0xe0, 0xe2, 0x41, 0x2e, 
    0xd6, 0x86, 0x37, 0x58, 0x48, 0x84, 0x6e, 0xab, 0x89, 0x69, 0x5a, 0x71, 0xad, 
    0xf9, 0x84, 0x06, 0x0a, 0x69, 0x3a, 0x43, 0x68, 0xda, 0xd5, 0x39, 0x03, 0x44, 
    0xac, 0x4a, 0x29, 0x63, 0x83, 0x3e, 0x70, 0x10, 0xa2, 0x5f, 0x8c, 0x91, 0x24, 
    0xa6, 0xf9, 0x1e, 0xb4, 0x84, 0x20, 0x1a, 0x4e, 0x85, 0x49, 0x1d, 0xa2, 0xa1, 
    0x85, 0xf0, 0x70, 0x31, 0x42, 0xb9, 0xf9, 0xa2, 0x07, 0x08, 0xd0, 0x91, 0xef, 
    0xf2, 0x28, 0x13, 0xd3, 0x50, 0xc2, 0x5b, 0x28, 0x10, 0xcd, 0x14, 0xd2, 0x04, 
    0x44, 0xd1, 0x54, 0x40, 0x78, 0x7e, 0x44, 0x9c, 0x21, 0x8a, 0x81, 0x2c, 0x25, 
    0xad, 0xe2, 0x91, 0x21, 0x11, 0x8d, 0x27, 0xcc, 0xc5, 0x02, 0xd1, 0x08, 0x21, 
    0x4d, 0x05, 0x08, 0x57, 0x68, 0xd0, 0x30, 0xbd, 0x53, 0xc8, 0xad, 0x14, 0xce, 
    0xb0, 0x41, 0x03, 0xc2, 0x74, 0x02, 0x62, 0x91, 0x92, 0x3b, 0xa2, 0xe9, 0x86, 
    0xb9, 0x6a, 0x21, 0x1a, 0x32, 0xc4, 0x09, 0x02, 0xeb, 0x00, 0x8d, 0x28, 0x38, 
    0x00, 0x3e, 0xac, 0x9d, 0x86, 0x08, 0xbe, 0xb8, 0x84, 0x19, 0x4c, 0x10, 0x86, 
    0x65, 0xc6, 0xa9, 0x00, 0x9e, 0xd8, 0xa1, 0x48, 0x4c, 0xd3, 0x2d, 0x6f, 0x41, 
    0x41, 0x34, 0x95, 0xf8, 0x53, 0x16, 0x5a, 0x66, 0xa1, 0x0a, 0xc0, 0xa2, 0x19, 
    0x84, 0x80, 0xd6, 0x1b, 0x4e, 0x73, 0xff, 0x08, 0x42, 0x7c, 0x81, 0x54, 0x10, 
    0xd0, 0x81, 0x3a, 0x73, 0x19, 0x1a, 0x6c, 0xb8, 0xeb, 0x04, 0xa2, 0xc9, 0x86, 
    0xbb, 0x82, 0x60, 0xa7, 0x24, 0x05, 0x8b, 0x7b, 0xa1, 0x39, 0x83, 0xae, 0x7e, 
    0x80, 0x4b, 0x04, 0x85, 0xa6, 0x50, 0xde, 0xfa, 0x80, 0x68, 0xce, 0x67, 0x2e, 
    0x4d, 0x9c, 0x46, 0x12, 0xdc, 0x9c, 0x55, 0x28, 0x44, 0xe3, 0xc6, 0x59, 0xa9, 
    0xa0, 0xa2, 0x1d, 0x11, 0x4d, 0x1a, 0x4a, 0xe0, 0xae, 0x5a, 0x85, 0xa6, 0x3a, 
    0xbc, 0x5c, 0x0d, 0x3e, 0x74, 0x65, 0x00, 0x45, 0x88, 0xe6, 0x9f, 0xac, 0x6a, 
    0xa5, 0xca, 0x4a, 0x19, 0x1a, 0x48, 0xb8, 0x8b, 0x10, 0xa2, 0x51, 0x84, 0x00, 
    0xdc, 0x35, 0x00, 0x57, 0x99, 0xc6, 0x1d, 0xc1, 0x32, 0xc6, 0x4d, 0x67, 0x45, 
    0x8f, 0x81, 0x82, 0x44, 0x34, 0x57, 0x30, 0x97, 0x19, 0x4c, 0x93, 0x09, 0x80, 
    0xed, 0xe2, 0x34, 0x0e, 0x08, 0x96, 0x07, 0x20, 0x3a, 0x08, 0x5d, 0xc5, 0xf1, 
    0x99, 0x2d, 0x31, 0x8d, 0x1d, 0xbc, 0x85, 0x28, 0xd1, 0x20, 0x63, 0x06, 0xf6, 
    0x52, 0xc3, 0x69, 0x66, 0xaa, 0xcf, 0x0f, 0xce, 0x8a, 0x03, 0xde, 0xec, 0x87, 
    0x1e, 0x43, 0x03, 0x8f, 0x59, 0xd1, 0xc0, 0x09, 0x32, 0x98, 0xc3, 0x04, 0x0a, 
    0xf1, 0x55, 0xd1, 0xc8, 0x01, 0x60, 0x34, 0x0a, 0xcd, 0x36, 0x00, 0x89, 0xc5, 
    0x0b, 0xe1, 0x00, 0x3a, 0x60, 0x65, 0x89, 0x68, 0xba, 0x1a, 0xa7, 0x05, 0xc0, 
    0xa0, 0x09, 0x66, 0x20, 0x84, 0x31, 0xd2, 0x21, 0x05, 0x9b, 0xba, 0xa7, 0x42, 
    0x71, 0xea, 0xc2, 0x23, 0xe4, 0x91, 0x8a, 0x04, 0xf4, 0x40, 0x06, 0x68, 0x8d, 
    0xcf, 0x0b, 0xcc, 0x5a, 0x58, 0x15, 0x7d, 0x61, 0x11, 0x4e, 0xfd, 0x4f, 0x68, 
    0x84, 0x18, 0x26, 0x34, 0xb4, 0xc2, 0x89, 0x7c, 0x7b, 0xc2, 0x1f, 0xf0, 0x54, 
    0x85, 0xd5, 0xff, 0x2c, 0x02, 0x1d, 0xf6, 0x48, 0xc7, 0x2c, 0xd0, 0xa0, 0x04, 
    0x2e, 0xfc, 0x00, 0x02, 0x18, 0x30, 0x4d, 0x17, 0x4a, 0x1b, 0x22, 0x1c, 0x28, 
    0x2c, 0xb1, 0x50, 0x0c, 0x4d, 0x11, 0xd2, 0x14, 0x0e, 0xc9, 0x6d, 0x82, 0xb0, 
    0x71, 0xd2, 0xe1, 0xc5, 0x1a, 0x51, 0x04, 0xd1, 0x30, 0x8a, 0xb8, 0x17, 0xda, 
    0x02, 0x4a, 0x37, 0x22, 0x9a, 0x67, 0xa4, 0x49, 0x0c, 0x72, 0x43, 0x06, 0x3b, 
    0x48, 0x81, 0x51, 0x3c, 0x31, 0x60, 0x74, 0xfd, 0x20, 0x82, 0x13, 0xb0, 0x7b, 
    0x21, 0x25, 0xa4, 0x36, 0xa5, 0x82, 0x4d, 0x13, 0x39, 0x60, 0x63, 0x08, 0x5d, 
    0xa8, 0x02, 0x14, 0x13, 0xe0, 0x02, 0x23, 0x49, 0x65, 0x85, 0xae, 0x25, 0xee, 
    0x0e, 0xec, 0xbd, 0xd0, 0x31, 0xde, 0xcb, 0x11, 0xd1, 0xcc, 0x2f, 0x4d, 0x2e, 
    0x58, 0xc6, 0x23, 0xe6, 0x91, 0x8b, 0x17, 0x58, 0x20, 0x14, 0x4e, 0x08, 0xe5, 
    0xb5, 0x22, 0x60, 0x87, 0x0a, 0x60, 0x01, 0x13, 0xb9, 0xd8, 0xc5, 0x33, 0x92, 
    0x91, 0x87, 0xea, 0xb2, 0x66, 0x0f, 0x59, 0xb0, 0x5b, 0x18, 0x58, 0x6b, 0x28, 
    0x1a, 0x38, 0x73, 0xa7, 0xd0, 0x0c, 0x4d, 0x10, 0x02, 0x2c, 0xa3, 0x0d, 0x84, 
    0x61, 0x0e, 0x04, 0x28, 0xc4, 0x26, 0x4c, 0xb3, 0x87, 0x35, 0x84, 0x68, 0x03, 
    0x92, 0xc4, 0xd3, 0x54, 0xfb, 0x81, 0x0e, 0x1f, 0x18, 0x6a, 0xc7, 0xc8, 0x2d, 
    0x4f, 0x68, 0x90, 0xca, 0x62, 0x2d, 0x99, 0x20, 0x0d, 0xd6, 0xbd, 0x10, 0x2e, 
    0x0a, 0x64, 0x0a, 0x73, 0x84, 0x22, 0x4d, 0x03, 0x80, 0x6d, 0x3f, 0x1a, 0x21, 
    0xe1, 0x38, 0x01, 0x35, 0xc8, 0x42, 0x06, 0x0d, 0x88, 0x8a, 0xac, 0xa5, 0x25, 
    0x98, 0xa6, 0x17, 0x0d, 0xd2, 0xa8, 0x69, 0xdc, 0x2a, 0xa5, 0x01, 0xec, 0x2b, 
    0x34, 0x8c, 0x8d, 0x93, 0x2a, 0x08, 0xcc, 0xdd, 0xd0, 0x04, 0x8f, 0xff, 0xcb, 
    0x4a, 0x5a, 0xb3, 0x68, 0xb2, 0xaa, 0x9f, 0x29, 0x9c, 0x06, 0xcc, 0x61, 0x22, 
    0xc0, 0x99, 0xfe, 0x64, 0x3f, 0x2c, 0xa3, 0x44, 0x34, 0x82, 0x83, 0xb3, 0x96, 
    0xdc, 0xf1, 0x26, 0xfd, 0x14, 0x40, 0x17, 0xa6, 0x09, 0x5a, 0x9a, 0xb2, 0x05, 
    0x1a, 0x36, 0xe0, 0x09, 0xa1, 0x6c, 0xe6, 0x48, 0x30, 0xe8, 0x29, 0x68, 0x29, 
    0x01, 0x01, 0x15, 0xa2, 0x89, 0xc5, 0x03, 0x06, 0x84, 0x06, 0x5a, 0x1c, 0x82, 
    0x11, 0xb3, 0xc0, 0xd3, 0x16, 0xfb, 0x41, 0x0c, 0x3c, 0x35, 0xd7, 0xcf, 0x26, 
    0x01, 0x0d, 0x18, 0x2a, 0x8d, 0x27, 0x1a, 0x98, 0x66, 0x1d, 0xe6, 0x3a, 0x6c, 
    0x68, 0xa2, 0x94, 0x26, 0x86, 0x46, 0xfa, 0x22, 0x24, 0x65, 0x75, 0x9c, 0x2e, 
    0x60, 0x1a, 0x11, 0x78, 0x6b, 0x05, 0xa2, 0x79, 0x41, 0x9c, 0x10, 0x7d, 0xeb, 
    0x8a, 0x98, 0x46, 0x1a, 0xba, 0x8e, 0x53, 0x2e, 0x4c, 0xe3, 0x86, 0x6b, 0xed, 
    0x33, 0x34, 0x81, 0x48, 0x13, 0x8f, 0x8a, 0x4d, 0x91, 0xd3, 0x7c, 0x22, 0xd9, 
    0x69, 0x6a, 0xc0, 0xa9, 0x42, 0x63, 0x08, 0x09, 0x26, 0x4b, 0x04, 0xa2, 0xf1, 
    0x43, 0x9a, 0xae, 0xb1, 0x5d, 0x5c, 0x9b, 0x86, 0x0e, 0xd8, 0x8e, 0x13, 0x97, 
    0x44, 0x33, 0x0c, 0x68, 0x89, 0x19, 0x34, 0xf3, 0x08, 0x53, 0x04, 0x50, 0x8b, 
    0xea, 0x91, 0x98, 0xe6, 0x8a, 0xe9, 0x8e, 0x13, 0x20, 0x4c, 0x33, 0x8d, 0x64, 
    0x49, 0xa0, 0x11, 0xa1, 0x51, 0xc4, 0x01, 0xb4, 0x34, 0x8a, 0x72, 0xfb, 0x2f, 
    0x34, 0xea, 0xc8, 0xf7, 0x9f, 0xaa, 0x28, 0x1a, 0xe8, 0xce, 0x6a, 0x1b, 0xa2, 
    0xe1, 0x81, 0x96, 0x74, 0x53, 0xef, 0x75, 0x8a, 0x66, 0x89, 0x0a, 0x8f, 0xd3, 
    0x8c, 0x43, 0x93, 0x84, 0x6f, 0x8b, 0x86, 0x1b, 0x52, 0x72, 0x82, 0xc1, 0x8d, 
    0x0d, 0xcf, 0x8c, 0xff, 0x69, 0x00, 0xdb, 0xff, 0xee, 0x07, 0x0d, 0x92, 0xe5, 
    0x03, 0xd1, 0x40, 0x50, 0x49, 0x5e, 0xa0, 0xf6, 0x44, 0x44, 0xa3, 0x83, 0x90, 
    0x9a, 0x3c, 0x4e, 0x24, 0xd8, 0x85, 0x3d, 0x6a, 0xa9, 0x22, 0x03, 0xcc, 0x20, 
    0x08, 0x3e, 0x08, 0x85, 0x12, 0x14, 0x30, 0x8a, 0x44, 0x70, 0x22, 0x15, 0x00, 
    0xe8, 0x80, 0x08, 0x7c, 0xe0, 0x04, 0x9c, 0xfa, 0x03, 0x09, 0x1b, 0x95, 0x52, 
    0x33, 0x64, 0x2e, 0xc3, 0x97, 0xde, 0x1c, 0x61, 0x40, 0x10, 0xc1, 0x2a, 0x98, 
    0x51, 0x8a, 0x51, 0x2e, 0xec, 0x09, 0xca, 0x60, 0x46, 0x1c, 0x58, 0x21, 0x9a, 
    0x39, 0x28, 0xc9, 0x12, 0x23, 0x27, 0x79, 0x3f, 0x58, 0x71, 0x75, 0x77, 0x6d, 
    0x81, 0x07, 0xf9, 0xe8, 0x04, 0x7a, 0x57, 0xf3, 0x64, 0x21, 0x51, 0xa9, 0xe2, 
    0x16, 0xc7, 0x43, 0xdb, 0xaf, 0x45, 0x03, 0x2f, 0x8c, 0x7a, 0xee, 0xab, 0x79, 
    0x02, 0x2d, 0x14, 0x1d, 0xa2, 0x2f, 0xa4, 0x9d, 0xe4, 0xed, 0xdc, 0xfb, 0xac, 
    0x82, 0xe0, 0x00, 0x80, 0xf3, 0x2d, 0x05, 0x27, 0x96, 0x1b, 0x1e, 0xfa, 0x90, 
    0xf8, 0x01, 0x35, 0x81, 0xea, 0x33, 0xcf, 0xa7, 0xe2, 0x59, 0x45, 0x02, 0x59, 
    0x2c, 0x4c, 0x0a, 0xe7, 0x30, 0x06, 0x2e, 0xde, 0x80, 0x08, 0x3d, 0x64, 0x60, 
    0x04, 0x23, 0x80, 0xc2, 0x16, 0x64, 0x90, 0x04, 0x32, 0xe8, 0x63, 0x17, 0xc9, 
    0x38, 0x2e, 0x6c, 0x40, 0xe0, 0x0c, 0x9b, 0xc7, 0xa7, 0x18, 0x98, 0x97, 0x08, 
    0x29, 0x36, 0x4f, 0x2a, 0x1c, 0x8c, 0x96, 0x35, 0x20, 0x68, 0xc6, 0x15, 0x26, 
    0x70, 0x30, 0x19, 0x9d, 0xc0, 0x0e, 0x2f, 0x58, 0x87, 0xd1, 0x58, 0xe3, 0x89, 
    0x18, 0x7d, 0x67, 0x01, 0x2b, 0xf0, 0xc5, 0xe1, 0x2b, 0x32, 0x54, 0xde, 0x37, 
    0x4a, 0x13, 0x71, 0x3b, 0xcd, 0x33, 0xe2, 0x41, 0x81, 0x3f, 0x7d, 0x00, 0x1a, 
    0x98, 0x5e, 0xcd, 0xff, 0xca, 0xfd, 0x21, 0x82, 0x53, 0x94, 0x61, 0x02, 0x9f, 
    0x48, 0xa7, 0x1c, 0x61, 0x62, 0x7d, 0x43, 0x85, 0xa1, 0x1a, 0xab, 0x69, 0x43, 
    0x26, 0xa8, 0xc0, 0xaa, 0x0e, 0xc0, 0x50, 0x34, 0x12, 0x3d, 0x2f, 0xc1, 0x68, 
    0xd2, 0x7e, 0x3c, 0xb9, 0x42, 0xf6, 0xa2, 0xa1, 0x0f, 0xe3, 0xa7, 0x2b, 0x61, 
    0x50, 0x44, 0xad, 0xc1, 0x30, 0x35, 0xd1, 0x7f, 0x61, 0x22, 0x01, 0x65, 0x45, 
    0x55, 0x48, 0xe3, 0x2d, 0x76, 0xc0, 0x0a, 0xed, 0xc0, 0x00, 0x9a, 0x42, 0x3e, 
    0x09, 0xa8, 0x80, 0x4a, 0xb2, 0x06, 0x79, 0x70, 0x1a, 0x90, 0xd0, 0x6c, 0x76, 
    0x53, 0x81, 0xd3, 0xa7, 0x11, 0x18, 0x28, 0x24, 0x3f, 0xf0, 0x3e, 0xa6, 0xa1, 
    0x0d, 0xd5, 0xf7, 0x81, 0x42, 0x31, 0x82, 0x32, 0x32, 0x02, 0x00, 0xd8, 0x0f, 
    0x87, 0x20, 0x03, 0xa7, 0x33, 0x14, 0x2c, 0xb8, 0x22, 0x26, 0x18, 0x1a, 0xa4, 
    0x90, 0x82, 0x08, 0x23, 0x00, 0x18, 0x10, 0x1c, 0x34, 0x58, 0x83, 0x0d, 0x12, 
    0x01, 0xb7, 0x60, 0x1a, 0x65, 0xc0, 0x2a, 0x26, 0x50, 0x01, 0xb8, 0x80, 0x09, 
    0x84, 0x10, 0x0a, 0x11, 0x10, 0x1f, 0x1a, 0x50, 0x0e, 0x4f, 0x40, 0x0c, 0xcc, 
    0x70, 0x0a, 0xa0, 0x20, 0x08, 0x40, 0x01, 0x84, 0x0d, 0x62, 0x1c, 0xd1, 0x44, 
    0x2a, 0x72, 0xc0, 0x0b, 0xa7, 0x01, 0x0e, 0x74, 0xc0, 0x03, 0xeb, 0xc5, 0x1c, 
    0x91, 0x00, 0x1b, 0x8d, 0xb0, 0x07, 0x90, 0xb3, 0x13, 0x58, 0xa8, 0x1f, 0x8e, 
    0x40, 0x84, 0x9d, 0x42, 0x06, 0x10, 0xe5, 0x1e, 0xf1, 0x24, 0x1c, 0x7f, 0x20, 
    0x37, 0x39, 0xb1, 0x86, 0xe8, 0x31, 0x07, 0xa6, 0xf1, 0x0a, 0x95, 0xd2, 0x01, 
    0x46, 0x75, 0x31, 0xb6, 0x20, 0x1c, 0x6b, 0x50, 0x36, 0x76, 0x68, 0x13, 0x78, 
    0x68, 0x1d, 0x02, 0xe0, 0x61, 0xa0, 0x11, 0x88, 0x86, 0xa2, 0x07, 0x79, 0xff, 
    0xc3, 0x37, 0xd7, 0x16, 0x1c, 0x1b, 0x60, 0x05, 0xa4, 0xc0, 0x08, 0xd9, 0xb7, 
    0x7f, 0x33, 0x71, 0x88, 0xcd, 0xa1, 0x0f, 0xa2, 0x41, 0x04, 0x3a, 0x98, 0x26, 
    0x5f, 0x60, 0x59, 0x89, 0xc3, 0x00, 0xd6, 0x31, 0x03, 0x47, 0x30, 0x01, 0x21, 
    0x90, 0x0f, 0xbe, 0x40, 0x88, 0xeb, 0xc7, 0x7e, 0x9a, 0x18, 0x1c, 0x39, 0x60, 
    0x1a, 0xbf, 0x64, 0x28, 0x7f, 0x87, 0x38, 0x3a, 0xd0, 0x20, 0x03, 0xe0, 0x04, 
    0x84, 0xb0, 0x71, 0x78, 0x37, 0x12, 0xaf, 0x18, 0x1c, 0x8e, 0x13, 0x1a, 0xbb, 
    0xd0, 0x28, 0xa9, 0x80, 0x38, 0x90, 0x27, 0x1a, 0x32, 0x78, 0x21, 0x42, 0x90, 
    0x3e, 0xfd, 0xd0, 0x0c, 0x06, 0xc0, 0x7f, 0xaf, 0x58, 0x00, 0x02, 0x15, 0x1a, 
    0x40, 0x60, 0x28, 0x11, 0x90, 0x38, 0x20, 0x10, 0x79, 0x09, 0xa7, 0x22, 0x7e, 
    0xa0, 0x68, 0xd0, 0xa8, 0x89, 0xc5, 0x18, 0x1a, 0xd4, 0xd0, 0x28, 0xee, 0x05, 
    0x78, 0xfd, 0xe0, 0x63, 0x42, 0xf2, 0x8d, 0x87, 0x48, 0x71, 0xa0, 0x41, 0x66, 
    0x78, 0x52, 0x0f, 0xe6, 0xd8, 0x0f, 0xef, 0x60, 0x1d, 0x41, 0x60, 0x01, 0x4c, 
    0x30, 0x05, 0x4e, 0xc0, 0x52, 0xdf, 0xa1, 0x8e, 0x6b, 0x48, 0x51, 0xa1, 0xc1, 
    0x47, 0x86, 0xf2, 0x00, 0x8a, 0x38, 0x77, 0xa2, 0xd0, 0x1c, 0x94, 0x24, 0x1a, 
    0x8d, 0x00, 0x0b, 0xbc, 0x80, 0x09, 0x21, 0xe6, 0x83, 0xfc, 0x88, 0x85, 0x07, 
    0x09, 0x1a, 0x13, 0xd0, 0x28, 0x1c, 0x70, 0x66, 0x80, 0x07, 0x60, 0xc2, 0x81, 
    0x00, 0xf4, 0xc6, 0x1a, 0x99, 0x70, 0x13, 0xaf, 0x68, 0x03, 0xa2, 0x41, 0x78, 
    0x7f, 0x72, 0x77, 0x80, 0xb7, 0x7b, 0xc2, 0xf1, 0x00, 0x5e, 0x67, 0x3d, 0x99, 
    0xa8, 0x89, 0x70, 0x20, 0x1a, 0xce, 0x67, 0x28, 0x71, 0x38, 0x77, 0x21, 0xd0, 
    0x1c, 0x43, 0xe0, 0x1e, 0xad, 0xe0, 0x91, 0xaf, 0xff, 0x78, 0x35, 0xfd, 0x60, 
    0x0f, 0x6a, 0x64, 0x28, 0x40, 0xe0, 0x78, 0x80, 0x17, 0x68, 0xcc, 0x11, 0x08, 
    0x9a, 0x60, 0x05, 0xaa, 0x70, 0x05, 0xc7, 0x30, 0x06, 0xe0, 0xf0, 0x04, 0x8c, 
    0xe0, 0x27, 0x86, 0xf8, 0x8b, 0x33, 0xe0, 0x27, 0x95, 0xb2, 0x01, 0x71, 0x35, 
    0x3a, 0xdb, 0xd8, 0x20, 0x0f, 0x60, 0x3a, 0xc2, 0x71, 0x81, 0xbf, 0xc8, 0x2a, 
    0xbc, 0x88, 0x5e, 0xc9, 0x98, 0x8e, 0x2b, 0xd9, 0x95, 0xa4, 0x02, 0x92, 0x73, 
    0x47, 0x0f, 0x5a, 0xf2, 0x90, 0x64, 0x79, 0x72, 0x40, 0x99, 0x38, 0xc4, 0x50, 
    0x8d, 0x52, 0xa2, 0x96, 0x6b, 0x89, 0x27, 0xc0, 0x26, 0x39, 0x87, 0xb0, 0x00, 
    0xa8, 0x33, 0x96, 0x73, 0x59, 0x29, 0x64, 0x90, 0x38, 0xf8, 0x60, 0x4e, 0x71, 
    0x29, 0x97, 0x7b, 0x19, 0x27, 0x2a, 0xa0, 0x7e, 0x0b, 0xd3, 0x0b, 0x2b, 0x96, 
    0x97, 0x82, 0x39, 0x98, 0x69, 0x82, 0x01, 0xbc, 0x30, 0x90, 0xa2, 0x01, 0x0e, 
    0xcb, 0x10, 0x02, 0x0f, 0xa8, 0x24, 0x5f, 0xc0, 0x05, 0x5c, 0x80, 0x93, 0x8c, 
    0x49, 0x2a, 0x07, 0xf0, 0x06, 0xdf, 0x70, 0x0a, 0xdf, 0x70, 0x06, 0x43, 0x80, 
    0x04, 0x41, 0xb0, 0x69, 0x5a, 0xf2, 0x01, 0xc6, 0x60, 0x59, 0x9a, 0xb9, 0x99, 
    0x2e, 0x54, 0x02, 0x4c, 0x00, 0x7f, 0x21, 0x58, 0x11, 0xac, 0x09, 0x42, 0x0d, 
    0xb0, 0x02, 0xef, 0xd0, 0x96, 0xb9, 0x37, 0x11, 0xb3, 0x09, 0x3e, 0x40, 0x40, 
    0x05, 0xd7, 0x50, 0x0d, 0x6c, 0x80, 0x89, 0x7a, 0xb9, 0x9b, 0x76, 0xf3, 0x00, 
    0x21, 0x20, 0x77, 0x08, 0xf8, 0x94, 0xc4, 0x69, 0x37, 0x54, 0xb0, 0x81, 0xc9, 
    0xb9, 0x9a, 0xcb, 0x69, 0x2f, 0xa9, 0x24, 0x9c, 0x77, 0x18, 0x9d, 0x00, 0x83, 
    0x01, 0x2f, 0x98, 0x9b, 0x1c, 0x61, 0x9d, 0xf6, 0xd2, 0x01, 0x52, 0xd6, 0x8b, 
    0x31, 0xc1, 0x9d, 0xde, 0xff, 0x92, 0x05, 0x87, 0x04, 0x9e, 0x32, 0x21, 0x9e, 
    0xc9, 0x92, 0x01, 0xf3, 0xa0, 0x92, 0x41, 0x81, 0x9e, 0xba, 0x62, 0x01, 0x1b, 
    0x19, 0x9b, 0x25, 0xe1, 0x9e, 0xa4, 0x12, 0x06, 0x8f, 0x28, 0x9f, 0x26, 0x41, 
    0x9f, 0x95, 0x62, 0x01, 0xa2, 0x88, 0x9f, 0xf9, 0xa9, 0x9f, 0x7f, 0x02, 0x71, 
    0x46, 0x54, 0x14, 0x00, 0x1a, 0x27, 0x27, 0xb0, 0x0c, 0x03, 0x6a, 0x14, 0x05, 
    0x1a, 0x26, 0x6f, 0xd0, 0x9f, 0x28, 0xa6, 0x14, 0x0b, 0x2a, 0x25, 0x09, 0x90, 
    0xa0, 0x48, 0x11, 0xa1, 0x42, 0x72, 0x0e, 0x14, 0x5a, 0xa1, 0x16, 0x1a, 0x22, 
    0x0b, 0x90, 0x0f, 0x19, 0xaa, 0xa1, 0x1b, 0xda, 0x20, 0x2d, 0xc0, 0x0f, 0xad, 
    0xf8, 0x14, 0x21, 0x1a, 0x2d, 0xf0, 0x50, 0xa2, 0x26, 0x7a, 0xa2, 0xf1, 0x51, 
    0x70, 0x2a, 0xba, 0xa2, 0x2c, 0x6a, 0x1d, 0x23, 0xf2, 0xa2, 0x30, 0x1a, 0xa3, 
    0xc2, 0x71, 0x55, 0xfe, 0xc9, 0x95, 0x36, 0xea, 0x0f, 0xc4, 0xa6, 0x9d, 0xca, 
    0x69, 0xa3, 0xd2, 0xf5, 0xa0, 0x55, 0xb1, 0xa3, 0xfe, 0xe0, 0xa1, 0x39, 0x0a, 
    0x9d, 0x21, 0x7a, 0x4b, 0x47, 0x8a, 0xa4, 0x16, 0x5a, 0x93, 0x4b, 0xca, 0xa4, 
    0x0b, 0x5a, 0x02, 0x34, 0x6a, 0x15, 0x31, 0x4a, 0x0a, 0x4f, 0x8a, 0x13, 0x2c, 
    0xaa, 0xa4, 0xe6, 0xd9, 0x14, 0x27, 0xda, 0x02, 0x53, 0x7a, 0x15, 0x27, 0x3a, 
    0x3e, 0x3e, 0xda, 0x13, 0x21, 0x0a, 0x00, 0x57, 0xaa, 0x13, 0x1b, 0xda, 0x00, 
    0x5f, 0x8a, 0x15, 0x1b, 0x2a, 0x48, 0x63, 0xea, 0x13, 0x16, 0x3a, 0x6f, 0x6f, 
    0x0a, 0xa7, 0x11, 0x3a, 0x0b, 0x67, 0xaa, 0x86, 0x51, 0x7a, 0xa7, 0x78, 0x5a, 
    0xa0, 0x4a, 0x35, 0xa7, 0x74, 0x0a, 0xa0, 0x38, 0xa0, 0xa7, 0x7b, 0xaa, 0x9f, 
    0x9e, 0xe7, 0xa7, 0x7f, 0x4a, 0x9f, 0x86, 0x67, 0xa8, 0x87, 0xea, 0x9e, 0x7d, 
    0x05, 0xba, 0xa5, 0x53, 0x11, 0x10, 0x00, 0x21, 0xf9, 0x04, 0x09, 0x08, 0x00, 
    0xff, 0x00, 0x2c, 0x00, 0x00, 0x00, 0x00, 0xf0, 0x00, 0xf0, 0x00, 0x00, 0x08, 
    0xff, 0x00, 0xff, 0x09, 0x1c, 0x48, 0xb0, 0xa0, 0xc1, 0x83, 0x08, 0x13, 0x2a, 
    0x5c, 0xc8, 0xb0, 0xa1, 0xc3, 0x87, 0x10, 0x23, 0x4a, 0x9c, 0x48, 0xb1, 0xa2, 
    0xc5, 0x8b, 0x18, 0x33, 0x6a, 0xdc, 0xc8, 0xb1, 0xa3, 0xc7, 0x8f, 0x20, 0x43, 
    0x8a, 0x1c, 0x49, 0xb2, 0xa4, 0xc9, 0x93, 0x28, 0x53, 0xaa, 0x5c, 0xc9, 0xb2, 
    0xa5, 0xcb, 0x97, 0x30, 0x63, 0xca, 0x9c, 0x49, 0xb3, 0xa6, 0xcd, 0x9b, 0x38, 
    0x73, 0xea, 0xdc, 0xc9, 0xb3, 0xa7, 0xcf, 0x9f, 0x40, 0x83, 0x0a, 0x1d, 0x4a, 
    0xb4, 0xa8, 0xd1, 0xa3, 0x48, 0x93, 0x2a, 0x5d, 0xca, 0xb4, 0xa9, 0xd3, 0xa7, 
    0x50, 0xa3, 0x4a, 0x9d, 0x4a, 0xb5, 0xaa, 0xd5, 0xab, 0x58, 0xb3, 0x6a, 0xdd, 
    0xca, 0xb5, 0xab, 0xd7, 0xaf, 0x60, 0xc3, 0x8a, 0x1d, 0x4b, 0xb6, 0xac, 0xd9, 
    0xb3, 0x68, 0xd3, 0xaa, 0x5d, 0xcb, 0xb6, 0xad, 0xdb, 0xb7, 0x70, 0xe3, 0xca, 
    0x9d, 0x4b, 0xb7, 0xae, 0xdd, 0xbb, 0x78, 0xf3, 0xea, 0xdd, 0xcb, 0xb7, 0xaf, 
    0xdf, 0xbf, 0x80, 0x03, 0x0b, 0x1e, 0x4c, 0xb8, 0xb0, 0xe1, 0xc3, 0x88, 0x13, 
    0x2b, 0x5e, 0xcc, 0xb8, 0xb1, 0xe3, 0xc7, 0x6d, 0xfb, 0x49, 0x9e, 0x2c, 0x19, 
    0x72, 0x55, 0xca, 0x98, 0x29, 0x5b, 0x8e, 0x9a, 0xb9, 0x73, 0xe5, 0xcd, 0x49, 
    0x3d, 0x8b, 0xc6, 0x0c, 0xba, 0xe8, 0x68, 0xc9, 0xd8, 0xb8, 0x0d, 0x99, 0x60, 
    0xce, 0x54, 0xe7, 0xd2, 0x40, 0x4f, 0x4b, 0x16, 0x65, 0xc2, 0x9f, 0xed, 0xdb, 
    0x28, 0x62, 0x91, 0x86, 0xdd, 0xf3, 0xb4, 0x8e, 0x3b, 0x01, 0x6e, 0x0b, 0xb7, 
    0x5d, 0x82, 0xd8, 0x6e, 0xde, 0x39, 0x3d, 0xc3, 0xe3, 0x15, 0xe2, 0xcf, 0x9a, 
    0xe1, 0xd0, 0xfd, 0x49, 0xc8, 0xa3, 0x19, 0x39, 0xce, 0xce, 0xfb, 0x94, 0x3c, 
    0x88, 0xce, 0xdd, 0xf6, 0x94, 0xe3, 0xd6, 0x67, 0x66, 0xff, 0x2e, 0x16, 0xa6, 
    0xbb, 0x79, 0xdb, 0xcf, 0xc0, 0x87, 0x7f, 0x99, 0xf9, 0xd3, 0xf9, 0xf7, 0x35, 
    0xd4, 0xaf, 0x5f, 0xd9, 0x39, 0xda, 0xfb, 0xfb, 0x9c, 0xe4, 0xcf, 0x3f, 0xd9, 
    0x39, 0xce, 0xfd, 0xff, 0xa8, 0x54, 0xb7, 0x1f, 0x4a, 0x9e, 0xa1, 0xf0, 0xdf, 
    0x7f, 0x9a, 0xe8, 0x37, 0x20, 0x48, 0x9d, 0xc5, 0x52, 0xc3, 0x81, 0xff, 0x39, 
    0xa1, 0xe0, 0x82, 0x1c, 0x79, 0xe6, 0xc8, 0x02, 0x10, 0x1e, 0xd8, 0x8e, 0x80, 
    0x14, 0x7e, 0xd4, 0x59, 0x23, 0xab, 0x64, 0x08, 0xa1, 0x1c, 0x13, 0x76, 0x68, 
    0x51, 0x67, 0xbb, 0xd0, 0x20, 0x62, 0x86, 0xba, 0x4d, 0x66, 0x62, 0x47, 0x99, 
    0x15, 0x11, 0xcf, 0x8a, 0x22, 0xca, 0xc2, 0xe1, 0x8b, 0x27, 0x66, 0x36, 0x0e, 
    0x04, 0x34, 0x8a, 0x78, 0xcd, 0x8d, 0x38, 0x4e, 0x94, 0x59, 0x1a, 0x9c, 0xf4, 
    0xb8, 0xe2, 0x0b, 0x40, 0x06, 0x09, 0x51, 0x66, 0x20, 0xfc, 0x60, 0xe4, 0x8a, 
    0x85, 0x24, 0xa9, 0x64, 0x43, 0x99, 0x19, 0x32, 0xc7, 0x93, 0x2b, 0x7e, 0x23, 
    0xe5, 0x94, 0x0b, 0x61, 0x56, 0xca, 0x01, 0x58, 0xae, 0x18, 0xcf, 0x96, 0x5c, 
    0x22, 0x84, 0x19, 0x3a, 0x23, 0x84, 0xb9, 0x62, 0x0f, 0x64, 0x96, 0x59, 0x10, 
    0x66, 0x7b, 0x6c, 0xa7, 0xa6, 0x88, 0x4c, 0xb4, 0xe9, 0xe6, 0x40, 0x98, 0x59, 
    0x32, 0xe7, 0x8a, 0x13, 0xd8, 0x79, 0x27, 0x66, 0x5e, 0xec, 0xb9, 0xe2, 0x19, 
    0x7e, 0x96, 0x89, 0x19, 0x2a, 0x82, 0x42, 0x59, 0x28, 0x97, 0x98, 0xa9, 0x91, 
    0xa8, 0x88, 0xef, 0x2c, 0xaa, 0x24, 0x66, 0xee, 0x3d, 0x9a, 0xa1, 0x3c, 0x92, 
    0x06, 0x49, 0x59, 0x1a, 0x96, 0x8a, 0x98, 0x4d, 0xa6, 0x38, 0x52, 0xc6, 0x4a, 
    0xa7, 0x19, 0xae, 0x02, 0xaa, 0x89, 0x98, 0xb9, 0x41, 0x2a, 0x84, 0x64, 0x9c, 
    0xda, 0x21, 0x65, 0x77, 0xac, 0xff, 0x0a, 0x61, 0x05, 0xae, 0x2e, 0x88, 0x19, 
    0x17, 0xb2, 0x1e, 0xc8, 0x42, 0x89, 0x8c, 0x4e, 0x56, 0x4a, 0xae, 0x07, 0x36, 
    0xc1, 0xeb, 0x94, 0x94, 0x75, 0x03, 0xec, 0x7f, 0x2d, 0xa4, 0x50, 0xeb, 0x7e, 
    0x94, 0x59, 0x70, 0xec, 0x7d, 0x08, 0x78, 0xb2, 0xec, 0x7c, 0x94, 0x55, 0xf1, 
    0xec, 0x7d, 0xee, 0x4c, 0xbb, 0x1e, 0x65, 0x13, 0x5c, 0xfb, 0x5e, 0x2f, 0xda, 
    0x86, 0x47, 0xd9, 0x05, 0xde, 0x9e, 0x47, 0xa8, 0x8b, 0x77, 0x1a, 0x44, 0xd9, 
    0x38, 0xe5, 0x9a, 0x57, 0x27, 0xba, 0xe9, 0x12, 0x44, 0x59, 0x11, 0xed, 0x76, 
    0xd7, 0x27, 0xbc, 0xf1, 0x0a, 0x84, 0xd9, 0x0d, 0xf5, 0x46, 0x07, 0x45, 0xb8, 
    0xe2, 0x4e, 0x66, 0x4d, 0xbf, 0xc3, 0xf9, 0x40, 0x06, 0x08, 0xa2, 0xc5, 0x8b, 
    0xd9, 0x28, 0xfd, 0x7e, 0x60, 0xc1, 0x15, 0xc6, 0xc9, 0xd6, 0xcf, 0x9f, 0x98, 
    0x41, 0x51, 0xee, 0x03, 0x99, 0x48, 0x9c, 0x19, 0xc5, 0x93, 0xb9, 0xe3, 0xad, 
    0x01, 0x9b, 0x68, 0x9c, 0x70, 0xaf, 0x93, 0x71, 0x73, 0xad, 0x1e, 0x12, 0xeb, 
    0x50, 0x44, 0x11, 0x12, 0x6b, 0x4a, 0xd9, 0x09, 0xcf, 0xb6, 0x40, 0x99, 0x22, 
    0x52, 0xcc, 0xd3, 0x07, 0x0f, 0x4c, 0xac, 0xf0, 0x41, 0x06, 0x34, 0x00, 0xe1, 
    0x01, 0x17, 0xde, 0xb4, 0x8c, 0x2a, 0x65, 0x87, 0x18, 0x39, 0xc0, 0x0f, 0x18, 
    0x40, 0xc8, 0x44, 0x11, 0x46, 0xcc, 0xf2, 0xc5, 0x7b, 0x08, 0xf0, 0xa2, 0xf1, 
    0xd0, 0x93, 0xa5, 0x92, 0xa1, 0x07, 0x37, 0x58, 0x90, 0x0f, 0x3b, 0xfd, 0xb4, 
    0xd1, 0x07, 0x84, 0x10, 0x50, 0x00, 0x61, 0x28, 0xe9, 0xb8, 0x93, 0x87, 0x18, 
    0x08, 0x7b, 0x66, 0x98, 0xda, 0x12, 0x61, 0x46, 0xc0, 0x7f, 0x49, 0xcc, 0x23, 
    0x4d, 0x67, 0x68, 0xc8, 0x2a, 0x00, 0x10, 0x14, 0x70, 0x11, 0x8d, 0x30, 0xaf, 
    0x05, 0xff, 0x36, 0xf5, 0x43, 0x99, 0xbd, 0xb2, 0x41, 0x77, 0x27, 0x24, 0x90, 
    0xcc, 0x68, 0xbb, 0x5c, 0xeb, 0xc1, 0x35, 0xa5, 0x6c, 0xec, 0x97, 0xc8, 0xf8, 
    0x76, 0x89, 0x19, 0x3f, 0x33, 0x08, 0x77, 0x04, 0x25, 0xb3, 0x64, 0x62, 0x84, 
    0x6c, 0x76, 0x5c, 0xfc, 0x8a, 0xe3, 0x7a, 0x41, 0x0e, 0xba, 0xe4, 0x94, 0x1d, 
    0x83, 0xc3, 0x0e, 0x98, 0x0c, 0x23, 0x1b, 0x11, 0x87, 0xec, 0x92, 0xcf, 0x24, 
    0xfd, 0x6a, 0x33, 0xac, 0x5b, 0xa7, 0x01, 0x73, 0x09, 0x2e, 0xd7, 0xa8, 0x3e, 
    0x32, 0xe9, 0x93, 0x21, 0x23, 0x9b, 0x27, 0xb9, 0xa0, 0xa0, 0x22, 0xc1, 0xb7, 
    0x59, 0x01, 0xf0, 0x57, 0x9e, 0x1d, 0x32, 0x4d, 0x0f, 0x19, 0x0c, 0x17, 0x44, 
    0x34, 0x78, 0xb0, 0xcd, 0xbb, 0x6c, 0x8f, 0x30, 0x00, 0x26, 0xf1, 0xd0, 0x31, 
    0x01, 0xcc, 0x33, 0x2b, 0xf8, 0x63, 0x97, 0x67, 0x52, 0x08, 0xf1, 0x9e, 0x02, 
    0x5c, 0xf7, 0xad, 0x90, 0x6c, 0xe5, 0xcc, 0xb2, 0x05, 0xf6, 0xff, 0xd5, 0xd5, 
    0x59, 0x1a, 0xe1, 0x1c, 0xd8, 0x80, 0x36, 0x6c, 0x8c, 0xae, 0xae, 0x67, 0x9d, 
    0xa8, 0x83, 0x89, 0x0f, 0x51, 0xb0, 0x0f, 0xa1, 0xbc, 0x13, 0x8b, 0x4c, 0x66, 
    0xaa, 0x01, 0x03, 0x11, 0x3d, 0x20, 0x0e, 0xf6, 0xc3, 0x53, 0x66, 0xf2, 0x60, 
    0x0c, 0x3b, 0x5c, 0xcf, 0x7f, 0x2b, 0x7a, 0x84, 0xf9, 0xcc, 0x92, 0x19, 0x54, 
    0x54, 0xc0, 0x48, 0x48, 0x50, 0x16, 0x90, 0x32, 0x23, 0x86, 0x4b, 0x34, 0x00, 
    0x82, 0x4f, 0x82, 0xc5, 0xee, 0xc6, 0x92, 0x99, 0x6b, 0x84, 0xc9, 0x0d, 0x9b, 
    0x8b, 0x5c, 0x66, 0x68, 0x91, 0x03, 0x10, 0x62, 0x49, 0x15, 0xa7, 0x21, 0x0b, 
    0x66, 0x42, 0xa4, 0xa6, 0x2a, 0x1c, 0x27, 0x33, 0x57, 0x70, 0xa1, 0x9a, 0x0a, 
    0xd1, 0x0c, 0x96, 0x49, 0x0f, 0x2c, 0x94, 0xb1, 0x85, 0xa0, 0xff, 0x0e, 0x51, 
    0x9d, 0xcc, 0xc8, 0x42, 0x87, 0x7b, 0xf2, 0x80, 0x10, 0x2a, 0x51, 0x87, 0x09, 
    0x7a, 0x85, 0x32, 0x7a, 0xda, 0x53, 0x2a, 0x8a, 0x48, 0x99, 0x6a, 0x20, 0xf1, 
    0x51, 0x1e, 0xa0, 0x84, 0xb4, 0x8e, 0x77, 0x14, 0xca, 0x1c, 0x41, 0x50, 0x26, 
    0x18, 0x0d, 0xa2, 0xae, 0x68, 0x29, 0x20, 0xe8, 0x2e, 0x72, 0x5c, 0xa1, 0xcc, 
    0x07, 0x04, 0x55, 0x80, 0x4e, 0x78, 0x46, 0x18, 0x16, 0x23, 0xa3, 0xa5, 0xe0, 
    0x90, 0x40, 0xad, 0x4c, 0xc6, 0x08, 0x2d, 0x48, 0x14, 0x2b, 0x3c, 0x03, 0x07, 
    0x39, 0x92, 0x2a, 0x3f, 0x75, 0xb4, 0x0a, 0x65, 0xa4, 0x11, 0x81, 0x30, 0x39, 
    0x61, 0x7d, 0xb6, 0x01, 0x44, 0x67, 0x34, 0xe0, 0xc7, 0x55, 0x61, 0x2a, 0x90, 
    0x30, 0xfa, 0xa1, 0x4a, 0x28, 0xe3, 0x8d, 0x30, 0x05, 0x43, 0x32, 0x2e, 0xb0, 
    0x0d, 0x25, 0xda, 0xd3, 0x48, 0x59, 0xd9, 0x08, 0x92, 0x17, 0x81, 0x1c, 0x7d, 
    0x26, 0xb3, 0x0c, 0x2c, 0x6d, 0x72, 0x32, 0x24, 0xf0, 0x07, 0xb8, 0x30, 0xf3, 
    0xc0, 0x63, 0x99, 0x61, 0x18, 0xd8, 0xb0, 0x96, 0xff, 0x40, 0xb1, 0x07, 0x50, 
    0xb6, 0x4d, 0x74, 0x9f, 0x21, 0xd0, 0x64, 0xc6, 0xd8, 0x23, 0x1b, 0x52, 0x46, 
    0x0b, 0xfe, 0x48, 0x02, 0x65, 0x8a, 0x31, 0x05, 0x6f, 0xf9, 0xa1, 0x8a, 0x10, 
    0x84, 0x43, 0xc8, 0x66, 0x37, 0x3d, 0x5c, 0xe6, 0xb2, 0x24, 0x98, 0xf9, 0x45, 
    0x09, 0x68, 0xa4, 0x48, 0xca, 0x34, 0xc3, 0x00, 0xfe, 0x20, 0xd1, 0x64, 0x9c, 
    0xe5, 0x2d, 0x3a, 0x60, 0xe6, 0x41, 0x10, 0x54, 0x07, 0x33, 0x0f, 0x22, 0x31, 
    0x7e, 0x88, 0xa2, 0x17, 0xfa, 0x50, 0x45, 0x2e, 0x68, 0x11, 0x20, 0x27, 0x8e, 
    0x04, 0x33, 0x62, 0x28, 0x06, 0x2c, 0x24, 0x71, 0x86, 0xf7, 0x94, 0x60, 0x09, 
    0xaa, 0x88, 0x1e, 0x66, 0x92, 0xa6, 0xff, 0x85, 0x34, 0x50, 0x66, 0x13, 0xe5, 
    0x1a, 0x04, 0x66, 0x8c, 0x05, 0x42, 0x5b, 0x8c, 0x53, 0x5f, 0xb2, 0x11, 0xc6, 
    0x27, 0xb8, 0x30, 0x80, 0xe8, 0x20, 0x61, 0x1e, 0xee, 0x0c, 0x09, 0xe2, 0x7a, 
    0x40, 0x01, 0x20, 0xf8, 0x63, 0x01, 0x91, 0x90, 0x43, 0x3c, 0x3e, 0x71, 0x8e, 
    0x67, 0x34, 0xc2, 0x33, 0x0c, 0xf0, 0x07, 0x02, 0x9e, 0x80, 0x19, 0x59, 0x5e, 
    0x6b, 0x06, 0x24, 0x9d, 0x8c, 0x15, 0x41, 0xb8, 0x81, 0xb4, 0x3d, 0xb3, 0x99, 
    0x99, 0xf1, 0xc6, 0x2b, 0xcc, 0x80, 0xa1, 0xf3, 0xd8, 0x41, 0x9f, 0x68, 0x14, 
    0x89, 0x6c, 0xc0, 0xa0, 0x8c, 0x2d, 0xca, 0x26, 0x10, 0xb6, 0xd1, 0x12, 0x65, 
    0x02, 0xd5, 0xae, 0x5d, 0x4d, 0x46, 0x13, 0x3a, 0x14, 0x6a, 0x4e, 0x01, 0x38, 
    0x9a, 0x64, 0x5c, 0xe3, 0x8b, 0x10, 0x42, 0x40, 0xfd, 0xb8, 0xc8, 0x10, 0x67, 
    0x76, 0x06, 0x18, 0x59, 0xb0, 0x8d, 0x07, 0x7c, 0x37, 0x19, 0x00, 0x10, 0x6c, 
    0x14, 0x8c, 0x60, 0x03, 0x1d, 0x90, 0x48, 0x03, 0xfb, 0x49, 0x2c, 0x05, 0x92, 
    0x08, 0x47, 0xf7, 0x68, 0x14, 0x06, 0x30, 0x50, 0x95, 0x77, 0x6d, 0xb8, 0x05, 
    0x2e, 0xd5, 0xc1, 0x4d, 0xdb, 0xa0, 0x61, 0x98, 0xec, 0xfb, 0xe0, 0x7d, 0xe6, 
    0xd0, 0x8e, 0x66, 0xd0, 0xa1, 0x5b, 0xc0, 0x9a, 0xe2, 0x6e, 0x24, 0x06, 0x0e, 
    0x17, 0x88, 0x0d, 0x4b, 0x82, 0x38, 0x68, 0x28, 0x27, 0x53, 0x84, 0x26, 0x38, 
    0xa0, 0x19, 0xa2, 0x01, 0x03, 0x3b, 0xa4, 0x80, 0x8d, 0x71, 0x74, 0xa0, 0x79, 
    0xc3, 0xa1, 0x06, 0x65, 0xb2, 0xda, 0x49, 0x7f, 0x64, 0x01, 0x33, 0x63, 0xe0, 
    0x03, 0xb0, 0x3e, 0xa7, 0x19, 0xd9, 0x78, 0x23, 0x15, 0x35, 0x0d, 0x93, 0x01, 
    0xda, 0xf0, 0xd6, 0x84, 0x60, 0x46, 0xb4, 0xfe, 0xf8, 0x00, 0x26, 0x7a, 0x41, 
    0x8a, 0x56, 0xff, 0x88, 0x62, 0x1b, 0x84, 0xa8, 0x81, 0x45, 0xcd, 0x23, 0x01, 
    0xb9, 0x4a, 0x26, 0x19, 0x9d, 0xf5, 0xc7, 0x00, 0x22, 0x86, 0x19, 0x2a, 0x00, 
    0xab, 0x1b, 0x22, 0xb3, 0x86, 0x12, 0x1e, 0x75, 0x87, 0xd6, 0xba, 0x76, 0x32, 
    0xb8, 0x78, 0x12, 0x0e, 0x5c, 0x2a, 0x8e, 0xe0, 0x3e, 0x20, 0x85, 0x98, 0x01, 
    0x01, 0xbf, 0x72, 0x35, 0xb7, 0xc9, 0xe8, 0x00, 0x61, 0x60, 0x28, 0x45, 0x2c, 
    0x0e, 0x31, 0x0f, 0x5c, 0x44, 0xa2, 0x53, 0xc0, 0x70, 0xae, 0x99, 0x26, 0x63, 
    0x83, 0x27, 0x8d, 0x80, 0x32, 0xdb, 0x08, 0xae, 0x3f, 0x96, 0xe1, 0x99, 0x58, 
    0x34, 0x54, 0x56, 0xc2, 0x9a, 0x0c, 0x18, 0x58, 0x20, 0x07, 0x0e, 0x18, 0xe0, 
    0xbe, 0xab, 0x6a, 0xd1, 0x4b, 0x75, 0x4a, 0x99, 0xfe, 0x19, 0x29, 0x08, 0x94, 
    0x19, 0x84, 0x7c, 0x35, 0x20, 0x9a, 0xe7, 0xe4, 0xea, 0x13, 0x94, 0xe9, 0x40, 
    0xcc, 0x14, 0x9b, 0x23, 0xc9, 0xe4, 0x01, 0x4b, 0xda, 0x94, 0x0c, 0x23, 0xe5, 
    0x8b, 0x8e, 0xce, 0x3c, 0x01, 0x01, 0xc0, 0xe2, 0x00, 0x65, 0x62, 0xf1, 0xac, 
    0x21, 0xa8, 0x97, 0x9c, 0x93, 0x99, 0x05, 0x96, 0x68, 0x35, 0x99, 0x2b, 0xc9, 
    0xb7, 0xb9, 0x98, 0x01, 0xc3, 0x86, 0x81, 0xe5, 0x0b, 0xca, 0xd4, 0x06, 0x58, 
    0xfb, 0x38, 0xf1, 0xfd, 0x24, 0x03, 0x5b, 0x23, 0xe1, 0x82, 0x32, 0xa9, 0x3c, 
    0x56, 0x06, 0x72, 0x91, 0x0b, 0x4d, 0xb0, 0xc0, 0x09, 0x3c, 0xca, 0x10, 0x28, 
    0x30, 0x63, 0x88, 0x68, 0x4c, 0xf3, 0x59, 0xd5, 0x94, 0x0c, 0x19, 0x80, 0xf5, 
    0x01, 0x0a, 0x57, 0xb8, 0x1f, 0x3e, 0xc0, 0x92, 0x1d, 0x28, 0x93, 0x34, 0x60, 
    0x45, 0xc1, 0xb7, 0xfa, 0x6d, 0xc5, 0x3c, 0x30, 0xb1, 0x04, 0x12, 0xc4, 0xe0, 
    0x3c, 0x02, 0x60, 0xed, 0x64, 0xee, 0x21, 0xa7, 0x6b, 0x65, 0xb8, 0xff, 0x1f, 
    0xaa, 0x00, 0xd6, 0x25, 0x75, 0xfc, 0xa6, 0xc9, 0x28, 0x00, 0x4b, 0x03, 0xa0, 
    0x85, 0x64, 0xec, 0x73, 0x2c, 0xe4, 0x9e, 0x66, 0x11, 0x8c, 0x78, 0xc5, 0x28, 
    0xa6, 0x00, 0xe2, 0xe1, 0xb0, 0x58, 0x32, 0xb1, 0x6a, 0xd7, 0x0c, 0xfe, 0x99, 
    0x2b, 0x01, 0x94, 0x6f, 0xc0, 0xef, 0x9c, 0x8c, 0x7f, 0xc2, 0xc4, 0x04, 0xd8, 
    0x3d, 0x8b, 0x01, 0xa2, 0x33, 0x04, 0x2d, 0xa0, 0xa1, 0x84, 0x1a, 0x78, 0xc0, 
    0x1f, 0x90, 0xd8, 0x6c, 0xbf, 0x82, 0x26, 0x99, 0x4e, 0x0c, 0x6e, 0x55, 0x5f, 
    0x70, 0x69, 0x00, 0xf9, 0x93, 0x62, 0xf9, 0x0e, 0xc7, 0x05, 0x8a, 0xb0, 0x6a, 
    0x11, 0x24, 0x41, 0x19, 0x3c, 0x10, 0x0c, 0x49, 0x93, 0xd9, 0x2e, 0xa9, 0x60, 
    0x60, 0xe5, 0x2b, 0x9b, 0xc3, 0xd5, 0xc3, 0x89, 0x01, 0x12, 0x08, 0x60, 0x8c, 
    0x77, 0x6c, 0xa2, 0x19, 0x53, 0x85, 0x5c, 0x1a, 0x7a, 0x20, 0x22, 0x28, 0xf0, 
    0x61, 0x0a, 0x38, 0x08, 0x13, 0xaf, 0x27, 0xe3, 0x60, 0x52, 0x1d, 0x40, 0xcd, 
    0x90, 0x26, 0xb0, 0x64, 0x9c, 0x01, 0xec, 0xf3, 0x14, 0x20, 0x08, 0x1d, 0x50, 
    0xc5, 0x3a, 0x92, 0x3d, 0x1a, 0x79, 0x88, 0xe8, 0x5e, 0xfd, 0x40, 0x46, 0xfc, 
    0xb4, 0xfc, 0x0c, 0x49, 0x84, 0x02, 0x58, 0xd8, 0xa0, 0x73, 0x9d, 0x25, 0x53, 
    0x89, 0x6e, 0xcb, 0xaf, 0x06, 0x64, 0xb8, 0xc2, 0x30, 0xf2, 0xa0, 0x6a, 0x5f, 
    0xed, 0x00, 0x42, 0x5a, 0xc8, 0x4c, 0xbd, 0xe5, 0x1b, 0x0d, 0x79, 0x33, 0xb5, 
    0x1f, 0xae, 0xb0, 0x37, 0x8d, 0x46, 0xe0, 0x87, 0x4f, 0x30, 0x02, 0x4e, 0x85, 
    0xfc, 0x4f, 0x7a, 0x32, 0xd3, 0xca, 0x46, 0x0a, 0xd3, 0xe0, 0x08, 0x95, 0xcc, 
    0x1f, 0x14, 0xfe, 0x24, 0x42, 0x60, 0xe6, 0x0e, 0x2d, 0xbc, 0xcf, 0x36, 0x3a, 
    0x53, 0xb9, 0xe0, 0x6e, 0xa1, 0xd7, 0x42, 0xff, 0x9a, 0xcc, 0x1e, 0x92, 0xcc, 
    0xf1, 0x1e, 0x59, 0xe2, 0x50, 0xff, 0x91, 0xc0, 0x31, 0x3e, 0xee, 0xea, 0x45, 
    0x63, 0x9c, 0x32, 0xe5, 0x68, 0x39, 0x96, 0x22, 0x45, 0x19, 0x47, 0x1c, 0xa8, 
    0x03, 0xd9, 0xf0, 0xc5, 0x1d, 0xde, 0x51, 0xf2, 0xe0, 0xa2, 0xec, 0xe6, 0x93, 
    0xb9, 0xb0, 0xce, 0x9f, 0x84, 0x0f, 0xcc, 0xcc, 0x63, 0xe9, 0xef, 0x71, 0x00, 
    0xc6, 0xff, 0x41, 0x99, 0x14, 0x94, 0x07, 0xea, 0x3d, 0xd2, 0x05, 0x66, 0x86, 
    0x80, 0xf5, 0xee, 0xf8, 0x30, 0xdb, 0x12, 0x9d, 0x0c, 0x38, 0xbb, 0xbe, 0x22, 
    0x66, 0x60, 0x06, 0xb0, 0x3d, 0x3a, 0x00, 0x1f, 0x70, 0x11, 0x87, 0x42, 0x38, 
    0x23, 0x1b, 0xf7, 0xb0, 0x34, 0x77, 0x6e, 0xa0, 0x09, 0x03, 0xcb, 0x4a, 0x09, 
    0x28, 0xa7, 0xc8, 0x64, 0x18, 0xa1, 0x57, 0xb2, 0x8b, 0x68, 0x01, 0x44, 0xc0, 
    0x4c, 0x10, 0x86, 0x83, 0x01, 0x12, 0x20, 0x42, 0x08, 0x09, 0xc0, 0x05, 0x16, 
    0x90, 0x10, 0x84, 0x53, 0x4b, 0x47, 0x0d, 0x15, 0x60, 0xc5, 0xd7, 0x41, 0x3b, 
    0x63, 0xe1, 0xd4, 0x42, 0x32, 0xc8, 0x60, 0x41, 0xae, 0x94, 0x31, 0xf5, 0x81, 
    0x60, 0x62, 0x14, 0x15, 0xf7, 0x3b, 0x84, 0xaa, 0x4c, 0x99, 0x27, 0xa4, 0x29, 
    0x0a, 0x0e, 0x10, 0x45, 0x4a, 0x33, 0x23, 0x0d, 0x50, 0xf4, 0x61, 0x0c, 0x4d, 
    0x94, 0x18, 0x2a, 0xee, 0x2c, 0x9c, 0x7a, 0x4c, 0x46, 0x18, 0xb2, 0x82, 0x61, 
    0xe7, 0x05, 0x22, 0x7a, 0x2c, 0x5d, 0x7c, 0x32, 0xa6, 0xb8, 0x82, 0x55, 0x25, 
    0xb6, 0x0e, 0x5d, 0x7f, 0x52, 0x32, 0x69, 0xea, 0x14, 0x04, 0xf2, 0xae, 0xf7, 
    0x7e, 0x28, 0x42, 0x06, 0xbd, 0x37, 0x12, 0x16, 0x56, 0x3f, 0x7c, 0xc8, 0xa9, 
    0xc0, 0x36, 0x42, 0xa0, 0xcc, 0x72, 0x3b, 0x75, 0x09, 0xe6, 0xdf, 0x52, 0x32, 
    0xed, 0x88, 0xbe, 0xff, 0x91, 0x48, 0x5b, 0x7d, 0x64, 0x24, 0x23, 0x1d, 0x2e, 
    0xd0, 0x00, 0x13, 0xb4, 0x40, 0x05, 0x4a, 0xa4, 0x37, 0x33, 0x4e, 0xf0, 0x47, 
    0x7c, 0x26, 0x43, 0x88, 0x4e, 0x7d, 0xc1, 0xfb, 0x4b, 0xc2, 0x4c, 0x31, 0xc4, 
    0xbf, 0x22, 0x0e, 0xf0, 0xc2, 0x8d, 0x9d, 0x31, 0x0c, 0xfa, 0x70, 0x01, 0x22, 
    0xa0, 0x06, 0x51, 0xe0, 0x03, 0x17, 0xe0, 0x1a, 0x92, 0x71, 0x08, 0x52, 0x70, 
    0x0e, 0x56, 0x60, 0x07, 0x59, 0xa0, 0x05, 0x76, 0xb0, 0x04, 0x2c, 0x40, 0x05, 
    0x47, 0x40, 0x02, 0x30, 0xc0, 0x00, 0x44, 0x44, 0x19, 0xc0, 0xe0, 0x0f, 0x6a, 
    0x40, 0x19, 0xf5, 0x67, 0x29, 0x23, 0x37, 0x75, 0x99, 0xa1, 0x2a, 0xfc, 0xa7, 
    0x34, 0xe4, 0x36, 0x19, 0xc9, 0x10, 0x0d, 0x3e, 0x50, 0x00, 0x0d, 0xf0, 0x00, 
    0x30, 0x08, 0x83, 0x08, 0xf0, 0x00, 0x2e, 0x70, 0x0a, 0x5a, 0x00, 0x03, 0x6a, 
    0x30, 0x05, 0x76, 0x20, 0x08, 0x55, 0x80, 0x05, 0x09, 0x40, 0x00, 0x09, 0x60, 
    0x01, 0x4c, 0x20, 0x02, 0x88, 0x10, 0x04, 0x2d, 0xa0, 0x7b, 0x93, 0xc1, 0x01, 
    0xfe, 0x40, 0x19, 0x95, 0xb7, 0x27, 0x6d, 0x44, 0x82, 0x94, 0x01, 0x02, 0x22, 
    0x70, 0x82, 0x07, 0x62, 0x07, 0x12, 0x34, 0x40, 0x3b, 0x60, 0x00, 0x08, 0xb0, 
    0x00, 0x1c, 0x40, 0x03, 0x31, 0x80, 0x03, 0x2d, 0xd0, 0x02, 0x33, 0xf0, 0x05, 
    0x34, 0xf0, 0x05, 0x14, 0xa0, 0x06, 0x73, 0xa0, 0x02, 0x15, 0xa0, 0x00, 0xa9, 
    0xe0, 0x05, 0xc1, 0x40, 0x0a, 0x77, 0x80, 0x0a, 0xa6, 0x30, 0x0b, 0x9a, 0x30, 
    0x01, 0x4b, 0xb0, 0x03, 0x23, 0x50, 0x06, 0x94, 0x81, 0x0d, 0x09, 0x40, 0x19, 
    0x49, 0x60, 0x29, 0x19, 0x80, 0x7f, 0x0e, 0x01, 0x4f, 0x4d, 0x40, 0x85, 0xff, 
    0x81, 0x6e, 0x94, 0xe1, 0x09, 0x16, 0x60, 0x00, 0x0f, 0x70, 0x00, 0x18, 0xff, 
    0x30, 0x02, 0x4e, 0x60, 0x02, 0x3d, 0x40, 0x06, 0x09, 0x80, 0x08, 0x47, 0x70, 
    0x03, 0x6e, 0x50, 0x03, 0x88, 0x20, 0x02, 0x43, 0x00, 0x00, 0x68, 0x90, 0x08, 
    0xd9, 0x20, 0x05, 0x99, 0x71, 0x0f, 0x80, 0xc0, 0x00, 0x2a, 0x70, 0x03, 0x19, 
    0x10, 0x78, 0x9e, 0x71, 0x63, 0x89, 0xf2, 0x1d, 0x4b, 0xc5, 0x20, 0x94, 0xe1, 
    0x24, 0x86, 0xf8, 0x1e, 0xa7, 0x84, 0x19, 0xc1, 0xc0, 0x01, 0x0d, 0xb0, 0x01, 
    0x18, 0x00, 0x05, 0x6e, 0x30, 0x07, 0x98, 0xb0, 0x81, 0xfd, 0x50, 0x07, 0xe4, 
    0xa0, 0x04, 0x96, 0xf0, 0x06, 0x13, 0x40, 0x00, 0x68, 0x80, 0x09, 0xbf, 0x40, 
    0x1d, 0x9d, 0x91, 0x09, 0x2e, 0xe0, 0x05, 0x09, 0x60, 0x03, 0x32, 0xe0, 0x02, 
    0xa2, 0x01, 0x54, 0x8f, 0x72, 0x57, 0xaf, 0xe8, 0x11, 0x94, 0x32, 0x8b, 0xef, 
    0x81, 0x8d, 0x94, 0x81, 0x0a, 0x13, 0xc0, 0x88, 0x10, 0x70, 0x02, 0x26, 0xb0, 
    0x02, 0x42, 0xb0, 0x47, 0x99, 0xe1, 0x0c, 0x67, 0x70, 0x06, 0x9f, 0xe8, 0x02, 
    0x0e, 0x20, 0x06, 0xa2, 0xe1, 0x0b, 0x0e, 0xe0, 0x02, 0xa0, 0x80, 0x05, 0x4b, 
    0xf0, 0x59, 0x9e, 0xc1, 0x0c, 0x96, 0x92, 0x31, 0xd9, 0x18, 0x49, 0x93, 0x11, 
    0x71, 0xdc, 0x18, 0x1d, 0x0f, 0x40, 0x5f, 0x80, 0x22, 0x00, 0x05, 0xb0, 0x00, 
    0x18, 0xe0, 0x04, 0x59, 0xa0, 0x02, 0x1d, 0x70, 0x38, 0x9d, 0x51, 0x04, 0x2e, 
    0xe0, 0x02, 0x65, 0x10, 0x02, 0x01, 0xd0, 0x0a, 0xa3, 0x01, 0x06, 0x71, 0x30, 
    0x8f, 0x68, 0x80, 0x05, 0x22, 0xb0, 0x64, 0x9e, 0xf1, 0x02, 0x89, 0x82, 0x00, 
    0xaa, 0x08, 0x76, 0xfe, 0x28, 0x19, 0x39, 0x14, 0x90, 0xd1, 0x11, 0x05, 0x63, 
    0x90, 0x19, 0x2c, 0x60, 0x90, 0x1e, 0x80, 0x03, 0x24, 0xa0, 0x05, 0x6f, 0x40, 
    0x00, 0xa7, 0x20, 0x1a, 0x9e, 0x10, 0x00, 0x38, 0xff, 0x19, 0x00, 0xb3, 0x70, 
    0x1a, 0xa5, 0x80, 0x93, 0x21, 0x60, 0x05, 0xa5, 0x68, 0x06, 0x1d, 0x40, 0x0e, 
    0xaa, 0xc0, 0x8f, 0x94, 0x71, 0x7d, 0x7b, 0xc2, 0x05, 0x82, 0x58, 0x55, 0x8c, 
    0x85, 0x4d, 0x28, 0x39, 0x1c, 0x25, 0xc0, 0x55, 0x93, 0xd1, 0x08, 0x54, 0x20, 
    0x00, 0x0d, 0x70, 0x00, 0x27, 0x20, 0x03, 0x7f, 0xc0, 0x03, 0x67, 0x90, 0x08, 
    0x3a, 0x20, 0x1a, 0xe5, 0x90, 0x93, 0x01, 0x50, 0x63, 0xa3, 0x91, 0x0b, 0x39, 
    0x19, 0x02, 0x5d, 0xd0, 0x07, 0x64, 0xc0, 0x00, 0x28, 0x80, 0x04, 0x6e, 0xc0, 
    0x07, 0x6e, 0x45, 0x19, 0xd6, 0xa8, 0x26, 0xe1, 0x80, 0x74, 0x92, 0xa1, 0x79, 
    0x4f, 0x39, 0x1c, 0xcb, 0x34, 0x19, 0x52, 0x00, 0x03, 0x56, 0x79, 0x00, 0x23, 
    0x20, 0x03, 0x36, 0x80, 0x05, 0x80, 0xe0, 0x0a, 0xe8, 0xe8, 0x19, 0xa4, 0x20, 
    0x96, 0x0f, 0x27, 0x1a, 0xba, 0x20, 0x96, 0x01, 0xe0, 0x00, 0x65, 0x60, 0x05, 
    0x94, 0x40, 0x06, 0x3c, 0x30, 0x09, 0x32, 0x30, 0x09, 0x98, 0x21, 0x09, 0x7b, 
    0x32, 0x92, 0xab, 0x46, 0x12, 0x93, 0x71, 0x44, 0x79, 0x29, 0x1c, 0xc6, 0x43, 
    0x19, 0x71, 0x66, 0x90, 0x78, 0x73, 0x04, 0x49, 0x90, 0x00, 0x5e, 0xe0, 0x8e, 
    0x8d, 0xe3, 0x19, 0x4f, 0x40, 0x0e, 0x62, 0x79, 0x85, 0x9d, 0xe1, 0x08, 0x8e, 
    0x99, 0x93, 0x83, 0x80, 0x0d, 0xc3, 0xb0, 0x0a, 0xd1, 0x28, 0x03, 0x6f, 0x80, 
    0x19, 0x06, 0xf6, 0x03, 0xcd, 0xc3, 0x01, 0x00, 0x09, 0x21, 0x80, 0xd4, 0x8f, 
    0x15, 0xd2, 0x0f, 0xa6, 0xe0, 0x94, 0xa1, 0xe9, 0x0f, 0x11, 0xa0, 0x6a, 0xdc, 
    0xe6, 0x92, 0x23, 0x70, 0x03, 0x49, 0x70, 0x01, 0xab, 0xe9, 0x00, 0x71, 0x30, 
    0x79, 0x98, 0x21, 0x0f, 0x8e, 0xa9, 0x0f, 0x9d, 0x21, 0x06, 0xd5, 0x50, 0x9b, 
    0x38, 0x69, 0x0e, 0x00, 0xff, 0xd8, 0x0f, 0xe2, 0x80, 0x05, 0x76, 0xe0, 0x04, 
    0x21, 0x40, 0x19, 0x80, 0xe0, 0x0f, 0x9a, 0xd5, 0x0f, 0x63, 0x50, 0x04, 0x86, 
    0x00, 0x0d, 0x2b, 0xd0, 0x47, 0xff, 0x81, 0x77, 0x50, 0x58, 0x6d, 0xcb, 0x69, 
    0x94, 0xfd, 0xd0, 0x81, 0xfe, 0x60, 0x00, 0x1b, 0xd0, 0x02, 0x37, 0xa0, 0x02, 
    0x0a, 0xe0, 0x05, 0x65, 0xe0, 0x00, 0x38, 0x29, 0x9b, 0x94, 0x01, 0x0e, 0x57, 
    0x00, 0x9e, 0xc2, 0x37, 0x19, 0x9d, 0x90, 0x09, 0xe0, 0x89, 0x93, 0x0d, 0x4a, 
    0x19, 0xda, 0x50, 0x05, 0x81, 0x10, 0x05, 0x41, 0x94, 0x08, 0x9e, 0x61, 0x04, 
    0xe8, 0x20, 0x0e, 0x9c, 0x80, 0x04, 0x87, 0x05, 0x1d, 0x19, 0x60, 0x2a, 0x4b, 
    0x49, 0x25, 0xc6, 0xb0, 0x9c, 0xb7, 0xe1, 0x71, 0x40, 0x26, 0x5c, 0x11, 0xf0, 
    0x05, 0x1f, 0x20, 0x02, 0x0c, 0x50, 0x9d, 0x39, 0x09, 0x0d, 0xe5, 0x30, 0x19, 
    0x8a, 0x40, 0x5e, 0x11, 0x8a, 0x93, 0x9f, 0xc0, 0x0c, 0xcb, 0xc0, 0x0a, 0x71, 
    0x90, 0xa3, 0x85, 0x80, 0x5d, 0x93, 0xe1, 0x0b, 0x0a, 0xc0, 0x02, 0x3f, 0x70, 
    0x46, 0xb7, 0x20, 0x60, 0xa3, 0x01, 0x02, 0xe5, 0x00, 0x0c, 0xe7, 0x90, 0x0d, 
    0xe3, 0x90, 0x0b, 0xd9, 0x60, 0x0d, 0x11, 0x25, 0x12, 0xa4, 0x80, 0xa2, 0xb6, 
    0x21, 0x33, 0x94, 0xf1, 0x9c, 0x08, 0x50, 0x02, 0x3f, 0x10, 0x0a, 0x16, 0x80, 
    0x06, 0xee, 0x58, 0x9b, 0xbd, 0xc0, 0x0c, 0xbc, 0xf0, 0x0b, 0x39, 0x9a, 0xa6, 
    0xe0, 0x09, 0x0e, 0x9d, 0x61, 0x0a, 0xa3, 0xf0, 0x06, 0x3e, 0x40, 0x8d, 0xd5, 
    0x37, 0x1a, 0x2a, 0xd1, 0x77, 0xcb, 0xa9, 0x67, 0x93, 0xa1, 0x0c, 0x05, 0xd0, 
    0x9f, 0x07, 0x00, 0x03, 0x5c, 0xa0, 0x04, 0xa9, 0x60, 0x05, 0x06, 0xaa, 0xa6, 
    0x84, 0x4a, 0xa8, 0x4d, 0xd7, 0x19, 0xee, 0xd0, 0x07, 0x16, 0x20, 0x07, 0x88, 
    0xff, 0x40, 0x1a, 0x73, 0x6a, 0x9c, 0x1f, 0x81, 0xa5, 0xfe, 0x30, 0x0a, 0x98, 
    0x91, 0x47, 0x03, 0x10, 0x01, 0x33, 0x50, 0x03, 0x7e, 0xa0, 0x09, 0x98, 0x40, 
    0x91, 0x85, 0x0a, 0x9e, 0x71, 0x60, 0x0c, 0xf7, 0x10, 0x00, 0x3f, 0x9a, 0xa6, 
    0xc5, 0xe0, 0x19, 0xc5, 0xe0, 0x0a, 0x04, 0xb0, 0x04, 0x5b, 0x90, 0x2d, 0x4b, 
    0x85, 0x4b, 0x2c, 0x81, 0xa5, 0x03, 0xb0, 0x08, 0x14, 0x6a, 0x1b, 0x05, 0xc0, 
    0x01, 0x91, 0xa0, 0x05, 0x58, 0xe0, 0x05, 0x2f, 0x30, 0xa8, 0x85, 0x3a, 0x08, 
    0xe1, 0x40, 0x07, 0xd6, 0x00, 0x09, 0x86, 0x20, 0x06, 0x4f, 0xd0, 0x06, 0x45, 
    0x00, 0x06, 0x6c, 0x60, 0x0d, 0xd3, 0x30, 0x08, 0xe0, 0x09, 0x63, 0x99, 0x31, 
    0x0b, 0x5d, 0x40, 0x08, 0x42, 0x40, 0x02, 0xdc, 0x60, 0x27, 0xb2, 0xe1, 0x12, 
    0x58, 0xaa, 0xa1, 0x93, 0x51, 0x34, 0x2c, 0x3a, 0x03, 0x3e, 0x60, 0x09, 0x67, 
    0x20, 0xa8, 0x9f, 0xfa, 0x0d, 0xcb, 0xf0, 0x51, 0xb2, 0x71, 0x0b, 0xbc, 0x50, 
    0x9b, 0x8f, 0x46, 0x19, 0x8d, 0x10, 0x00, 0x2e, 0x90, 0x0a, 0x28, 0xe0, 0x06, 
    0x98, 0x06, 0xa9, 0x39, 0x81, 0xa2, 0x07, 0x50, 0x4b, 0x93, 0x01, 0x7d, 0xfd, 
    0x09, 0x04, 0x51, 0x10, 0x0a, 0x58, 0xd0, 0x07, 0x2f, 0xf0, 0xa9, 0xaf, 0x80, 
    0x6d, 0x1a, 0xf3, 0x08, 0x62, 0x19, 0x07, 0xb1, 0x87, 0x19, 0xf0, 0x10, 0x00, 
    0x65, 0x00, 0x08, 0x4a, 0x70, 0x03, 0x66, 0xb0, 0x7b, 0x1c, 0x81, 0xa2, 0x8f, 
    0x24, 0x19, 0x8f, 0x60, 0x1b, 0x02, 0x80, 0x00, 0x5f, 0x50, 0x03, 0x96, 0x40, 
    0x08, 0x5d, 0xe0, 0xab, 0x69, 0x4a, 0x90, 0xb8, 0x24, 0x05, 0x62, 0x49, 0x6a, 
    0xa0, 0x15, 0x00, 0x2f, 0x00, 0x0a, 0x43, 0x70, 0x04, 0x4b, 0x40, 0xb1, 0x1b, 
    0xb1, 0x9c, 0x07, 0x80, 0x19, 0xb5, 0x60, 0x1b, 0x03, 0xff, 0xb0, 0x00, 0x14, 
    0x30, 0x07, 0x3c, 0xc0, 0xab, 0x84, 0x3a, 0x08, 0x9c, 0x37, 0x7c, 0x6c, 0xe0, 
    0xac, 0x01, 0x60, 0x7b, 0x99, 0x61, 0x0e, 0x2a, 0xeb, 0x05, 0x1d, 0x90, 0x05, 
    0x48, 0x00, 0xb3, 0x1a, 0xb1, 0x9c, 0x1e, 0x69, 0x92, 0xb7, 0x51, 0x00, 0x10, 
    0x10, 0x04, 0x4b, 0xc0, 0xa9, 0x22, 0x0b, 0xaa, 0x6c, 0x3a, 0xa7, 0xd4, 0x80, 
    0x93, 0x05, 0x87, 0x19, 0xcf, 0x80, 0x93, 0x2f, 0x40, 0x09, 0x16, 0x80, 0x08, 
    0xae, 0x68, 0xaf, 0x37, 0x11, 0x9a, 0x02, 0x00, 0x0f, 0x94, 0x51, 0x72, 0x1b, 
    0x4b, 0x03, 0x32, 0x60, 0x09, 0xa9, 0xd0, 0x05, 0x84, 0x2a, 0x8a, 0x8f, 0xaa, 
    0x03, 0xa5, 0xba, 0x0e, 0x5f, 0xe9, 0x7c, 0x26, 0xeb, 0x93, 0x8a, 0xca, 0x05, 
    0x3b, 0xa0, 0x41, 0x24, 0xb9, 0x13, 0xa1, 0xe9, 0x8d, 0xfd, 0x20, 0x0a, 0xb7, 
    0x21, 0x00, 0x12, 0xd0, 0x02, 0x88, 0x50, 0x01, 0x94, 0x30, 0xb0, 0x69, 0xca, 
    0x9d, 0x8f, 0x2a, 0x19, 0x74, 0x90, 0x93, 0xd7, 0x70, 0x05, 0xd3, 0x80, 0xa6, 
    0x67, 0xd9, 0xb7, 0x2b, 0x50, 0xa2, 0x29, 0x11, 0x9a, 0xe4, 0x86, 0x94, 0xc2, 
    0xb5, 0x01, 0x19, 0x80, 0x04, 0x0c, 0x90, 0x08, 0x9e, 0x9a, 0xa3, 0x67, 0xf4, 
    0xa8, 0xad, 0xa0, 0xa6, 0x61, 0xcb, 0x03, 0x53, 0xf0, 0xb2, 0x66, 0x7b, 0xb6, 
    0x4f, 0x09, 0xbb, 0x92, 0x31, 0x06, 0xc2, 0x61, 0x00, 0x40, 0xb0, 0x05, 0x22, 
    0x40, 0x00, 0xe4, 0x9a, 0xa3, 0xb2, 0x13, 0xb9, 0x92, 0x61, 0x08, 0xac, 0xeb, 
    0x05, 0x13, 0x10, 0x08, 0x87, 0xd6, 0x99, 0x42, 0x91, 0x97, 0x2b, 0x39, 0x19, 
    0xe2, 0x13, 0xb5, 0x39, 0x10, 0x04, 0x49, 0x10, 0x0f, 0x21, 0x9b, 0xa6, 0x16, 
    0x09, 0xbc, 0xfd, 0xa0, 0x03, 0xb0, 0x99, 0xa3, 0x2f, 0x40, 0xbc, 0x81, 0xd0, 
    0x07, 0x4c, 0x9b, 0x11, 0x4f, 0xff, 0x79, 0x2e, 0x92, 0xf1, 0x2b, 0xc2, 0x51, 
    0x00, 0x6b, 0x60, 0x02, 0x66, 0x40, 0x06, 0x63, 0x1a, 0xa1, 0x5d, 0x6b, 0xbd, 
    0x70, 0x96, 0xa6, 0x61, 0x6b, 0x01, 0x5c, 0xd0, 0x01, 0x9c, 0x8b, 0x12, 0x28, 
    0x39, 0x00, 0x79, 0x2b, 0x19, 0xd1, 0x25, 0x1c, 0x0d, 0x40, 0x03, 0x6e, 0x80, 
    0x02, 0xa9, 0x50, 0x06, 0x69, 0x4a, 0xa5, 0xee, 0xdb, 0x0f, 0xe3, 0x10, 0xa1, 
    0xbd, 0x70, 0x0e, 0xd1, 0x90, 0x08, 0x0a, 0x60, 0x07, 0x37, 0x10, 0x6b, 0xdf, 
    0x6b, 0x11, 0x28, 0x99, 0x58, 0x93, 0x01, 0x0b, 0xd0, 0xd1, 0xbf, 0x6e, 0xf0, 
    0x06, 0x01, 0x9c, 0xa3, 0xbf, 0xd0, 0x6f, 0x91, 0x4b, 0x9b, 0x8e, 0x19, 0x07, 
    0x86, 0x80, 0x79, 0xdd, 0x20, 0xaf, 0x3e, 0x60, 0x03, 0xf5, 0x6b, 0x12, 0x28, 
    0x49, 0x6b, 0x93, 0xc1, 0x59, 0xfc, 0xeb, 0xbf, 0x00, 0x2c, 0xc0, 0x11, 0x6a, 
    0x50, 0x05, 0xdc, 0x0f, 0x20, 0x2c, 0x96, 0x0a, 0x38, 0x19, 0x95, 0xc0, 0x00, 
    0x7c, 0x10, 0x05, 0x34, 0x1c, 0xb8, 0xf7, 0xca, 0x8d, 0xb4, 0xdb, 0x0f, 0xc4, 
    0x10, 0x1d, 0x05, 0x50, 0x02, 0x1f, 0x90, 0xbe, 0xeb, 0x5b, 0x9b, 0x90, 0x55, 
    0xc3, 0xbd, 0xe0, 0x98, 0xed, 0x49, 0x19, 0x9d, 0x40, 0x06, 0x28, 0x20, 0x03, 
    0x2a, 0x10, 0xc1, 0x15, 0x11, 0x90, 0xe7, 0x40, 0x19, 0x75, 0x03, 0x1d, 0x52, 
    0xfb, 0x03, 0x2a, 0x80, 0x0b, 0xd3, 0x5b, 0x9b, 0x71, 0xa0, 0xa4, 0xd6, 0x1b, 
    0x0e, 0x62, 0x09, 0x0d, 0x1e, 0xbc, 0x08, 0x98, 0x60, 0x01, 0x73, 0x70, 0x79, 
    0x58, 0x3c, 0x11, 0xdc, 0xe8, 0x01, 0x10, 0xdc, 0x0f, 0x62, 0xc0, 0x1d, 0x06, 
    0x70, 0x00, 0x51, 0xc0, 0x02, 0x0a, 0xe0, 0x0a, 0xa7, 0x9b, 0xb0, 0x6a, 0x5b, 
    0xc3, 0xf8, 0x20, 0x96, 0xe3, 0xf0, 0x3e, 0x83, 0xa0, 0x09, 0x4b, 0xe0, 0x06, 
    0xf0, 0xff, 0x18, 0xbb, 0x33, 0xc1, 0x8d, 0x91, 0x40, 0x19, 0x63, 0x15, 0x1d, 
    0x37, 0x4b, 0x01, 0x72, 0x60, 0x01, 0x9c, 0xe0, 0xb8, 0x4c, 0x5c, 0xc3, 0x29, 
    0xa0, 0x0d, 0x62, 0xa9, 0x9f, 0x36, 0x1a, 0x00, 0x67, 0x20, 0x08, 0x35, 0xd0, 
    0x4e, 0x40, 0x2c, 0xbb, 0x86, 0xb8, 0x7c, 0x93, 0xd1, 0x84, 0x87, 0xfb, 0x00, 
    0x33, 0x50, 0x0b, 0x4a, 0x20, 0xa6, 0x11, 0x4a, 0x7e, 0xd6, 0xfb, 0xae, 0x62, 
    0x09, 0xad, 0x83, 0x54, 0x06, 0x68, 0xa0, 0x04, 0x47, 0xc0, 0xc2, 0xa5, 0x6c, 
    0x13, 0x01, 0xd9, 0x05, 0x92, 0x01, 0x09, 0x12, 0xc0, 0x1d, 0x56, 0x59, 0x02, 
    0x26, 0xa0, 0x02, 0x84, 0xd0, 0xbb, 0x8e, 0x79, 0x0f, 0xb4, 0xea, 0xbe, 0x6c, 
    0xe0, 0x98, 0xa1, 0x96, 0x19, 0x90, 0xb0, 0xbd, 0x43, 0x90, 0x05, 0x51, 0x8c, 
    0xbc, 0x3e, 0x81, 0x92, 0x5b, 0x00, 0x4c, 0xe6, 0x61, 0x00, 0x1e, 0x10, 0x06, 
    0x5a, 0xa0, 0x01, 0x7d, 0xf0, 0xc7, 0xb1, 0x59, 0xc0, 0xfb, 0xe0, 0x98, 0x74, 
    0x8b, 0x19, 0xb2, 0xb0, 0xb2, 0x16, 0xaa, 0x75, 0x8c, 0x2c, 0x13, 0x92, 0x0a, 
    0x1d, 0x02, 0x10, 0x01, 0x38, 0xe0, 0x03, 0x80, 0xba, 0xc4, 0x62, 0x59, 0x09, 
    0x05, 0x5c, 0x08, 0x8e, 0x39, 0x71, 0x94, 0x61, 0xb7, 0x65, 0x30, 0x0a, 0x28, 
    0xb0, 0x03, 0x39, 0xf6, 0xce, 0x31, 0x11, 0xcf, 0x5e, 0x0c, 0x01, 0x7a, 0xb0, 
    0x04, 0x09, 0x60, 0xba, 0x11, 0xca, 0x8c, 0x91, 0x0b, 0x0b, 0xb5, 0x39, 0xa1, 
    0x93, 0x61, 0x0e, 0x0e, 0x60, 0x05, 0xf1, 0xa0, 0x02, 0x6a, 0x90, 0xce, 0xd8, 
    0xdc, 0x13, 0x08, 0x3d, 0x1c, 0x37, 0x7b, 0x02, 0x53, 0xd0, 0x03, 0x80, 0x30, 
    0xc6, 0x8e, 0xb9, 0x0a, 0x60, 0x36, 0xa7, 0x97, 0x00, 0x9e, 0x8b, 0x29, 0x19, 
    0xc0, 0x10, 0x00, 0x21, 0x90, 0x08, 0x09, 0x10, 0x0a, 0x26, 0xff, 0x60, 0xb0, 
    0x43, 0xf1, 0xd1, 0xc2, 0x61, 0x95, 0xcf, 0xcb, 0x02, 0x09, 0x20, 0xb0, 0x11, 
    0x7a, 0xad, 0x8f, 0x7a, 0x08, 0x39, 0xfa, 0x0e, 0xb0, 0xd0, 0x0c, 0xce, 0x00, 
    0xb6, 0xa0, 0x50, 0x01, 0x59, 0x40, 0x05, 0x29, 0x4c, 0x12, 0x38, 0x2d, 0x1c, 
    0x37, 0x0b, 0x07, 0x3e, 0x80, 0x02, 0xf1, 0xe0, 0xc7, 0x11, 0x7a, 0x7c, 0x56, 
    0x55, 0x07, 0xd7, 0xf0, 0xa9, 0x0e, 0xd0, 0x05, 0x64, 0x60, 0x06, 0x4d, 0xc0, 
    0x03, 0x71, 0x2c, 0xc7, 0x4f, 0xad, 0xb1, 0xb7, 0x1a, 0x06, 0x72, 0x50, 0x05, 
    0xa3, 0xa0, 0xcc, 0x8e, 0x79, 0xb1, 0xb8, 0xa4, 0x03, 0x42, 0x5b, 0xa8, 0x2f, 
    0xc0, 0x09, 0x3c, 0x1c, 0x05, 0xfa, 0x49, 0x14, 0x65, 0x7d, 0x1b, 0x03, 0xf0, 
    0x00, 0x34, 0x40, 0x02, 0x7c, 0x60, 0x01, 0x25, 0x4d, 0xce, 0x39, 0x69, 0x0b, 
    0xfe, 0x24, 0x3a, 0x75, 0xb0, 0xd2, 0x5c, 0x6d, 0x05, 0x67, 0x80, 0x02, 0x47, 
    0x20, 0x03, 0x4d, 0xed, 0xd4, 0x79, 0x6d, 0xb3, 0x12, 0x10, 0x03, 0x6a, 0xc0, 
    0x02, 0x1d, 0x50, 0x98, 0x82, 0x8d, 0x93, 0x97, 0xa0, 0xaf, 0x1a, 0xd3, 0x93, 
    0x9f, 0xfa, 0x98, 0x2e, 0x80, 0x06, 0x3c, 0xa0, 0x05, 0x5b, 0x90, 0x0e, 0x8f, 
    0x3d, 0x12, 0x91, 0x7d, 0x1b, 0xfe, 0x89, 0x03, 0x4d, 0x60, 0x07, 0x5c, 0x89, 
    0x09, 0x05, 0x0a, 0x9e, 0x85, 0xf0, 0xb3, 0xb2, 0xd1, 0x0c, 0xa5, 0x5a, 0xa8, 
    0xf3, 0x48, 0x09, 0x17, 0x60, 0x03, 0x26, 0x30, 0x02, 0x80, 0xdb, 0xd1, 0xd9, 
    0x9c, 0xda, 0xfe, 0x20, 0x00, 0x06, 0xb0, 0x00, 0x33, 0x10, 0x04, 0x5a, 0xc0, 
    0x04, 0x9a, 0xe0, 0x05, 0x5d, 0x90, 0xd9, 0x01, 0x40, 0x0a, 0x42, 0x9a, 0x19, 
    0xc2, 0x20, 0x0b, 0x9f, 0x0d, 0xda, 0xd0, 0x78, 0x8a, 0x2d, 0x60, 0x62, 0x63, 
    0x4d, 0xd6, 0xc2, 0x4d, 0xdc, 0x0b, 0xff, 0xf0, 0x05, 0x7a, 0x80, 0x08, 0x7e, 
    0xc0, 0x00, 0xa3, 0x90, 0x08, 0x13, 0x09, 0x9e, 0xfa, 0x20, 0x05, 0x71, 0x39, 
    0x19, 0x20, 0x60, 0x08, 0xed, 0x50, 0xdd, 0x0e, 0xf0, 0x93, 0xa0, 0xa0, 0x01, 
    0x42, 0xe0, 0x03, 0x30, 0x70, 0x00, 0x64, 0xd9, 0xcb, 0x38, 0x21, 0xdc, 0xb7, 
    0x1b, 0x01, 0x39, 0x40, 0x01, 0x35, 0xc0, 0x07, 0x3d, 0x40, 0x00, 0xa0, 0x00, 
    0xdb, 0x21, 0x70, 0xb5, 0x38, 0x59, 0x09, 0xbc, 0x70, 0x0c, 0xf5, 0x40, 0x07, 
    0xfc, 0x5c, 0xdd, 0x21, 0x50, 0x06, 0x89, 0x70, 0x06, 0x3c, 0xb0, 0x04, 0x32, 
    0x70, 0x02, 0x40, 0xd0, 0x9b, 0xdb, 0xcd, 0xdd, 0xfc, 0x2d, 0x5c, 0x08, 0x70, 
    0x00, 0x38, 0x10, 0xde, 0x36, 0x30, 0x01, 0x9a, 0xf0, 0x89, 0x5d, 0xd0, 0xab, 
    0x08, 0x5e, 0xdd, 0x38, 0x19, 0xdf, 0x2e, 0x80, 0x09, 0x68, 0x40, 0x00, 0x4c, 
    0x40, 0xd3, 0x27, 0x70, 0x00, 0x0d, 0x80, 0xb2, 0xc0, 0xfd, 0x13, 0x1d, 0x9e, 
    0xd3, 0x06, 0x20, 0x01, 0x39, 0x30, 0x02, 0x6a, 0xc0, 0x05, 0x93, 0x50, 0x05, 
    0x09, 0x40, 0x06, 0x5e, 0x80, 0x09, 0x5d, 0x30, 0x91, 0x0e, 0x90, 0xe2, 0x39, 
    0x9a, 0xe4, 0x11, 0x6e, 0x05, 0x9c, 0x00, 0x08, 0x00, 0x30, 0x04, 0x93, 0x50, 
    0x0b, 0x5b, 0x80, 0x01, 0x1b, 0x50, 0x00, 0x1f, 0xb8, 0xe1, 0x1c, 0x9e, 0xe3, 
    0x1e, 0xee, 0x01, 0x34, 0x90, 0x01, 0x1f, 0x30, 0x05, 0x2c, 0x60, 0x09, 0x13, 
    0xa0, 0x00, 0x84, 0x00, 0x08, 0x94, 0x90, 0x08, 0x56, 0x70, 0xe4, 0x2f, 0xd0, 
    0xe6, 0x21, 0xf0, 0xe6, 0x70, 0xfe, 0xe6, 0x6d, 0x5e, 0x06, 0x5d, 0xe0, 0x0a, 
    0x7d, 0x00, 0x08, 0xf1, 0xa0, 0x01, 0x3d, 0x60, 0x03, 0x5c, 0xd0, 0xdb, 0x39, 
    0x10, 0x01, 0x06, 0x20, 0x00, 0x77, 0x7d, 0x14, 0x5c, 0x3e, 0x1c, 0xc4, 0x8d, 
    0x00, 0x1b, 0xff, 0x50, 0x02, 0x70, 0x10, 0x09, 0x6e, 0x30, 0x05, 0x7c, 0x90, 
    0x04, 0x4c, 0xd0, 0x01, 0x17, 0xa0, 0x09, 0x64, 0x30, 0x0a, 0x68, 0xe0, 0x05, 
    0x94, 0xd0, 0x07, 0x7d, 0xc0, 0x09, 0x9c, 0xce, 0xe9, 0x7d, 0x40, 0x09, 0x5e, 
    0x00, 0x08, 0x64, 0x40, 0x00, 0x42, 0x68, 0x03, 0x5a, 0xe0, 0x03, 0x41, 0x30, 
    0x02, 0x6b, 0xb0, 0x00, 0x0d, 0xd0, 0x50, 0x63, 0xa2, 0xe5, 0x5b, 0x5e, 0xe8, 
    0xc3, 0xad, 0x85, 0x5c, 0xf8, 0x05, 0x23, 0xb0, 0x05, 0x26, 0x70, 0x04, 0x73, 
    0x60, 0x07, 0x93, 0x20, 0x08, 0x6f, 0x50, 0x05, 0x15, 0xd0, 0x01, 0x16, 0x80, 
    0x05, 0x0c, 0x50, 0xec, 0xc5, 0x8e, 0x05, 0x16, 0x50, 0x01, 0x4a, 0x20, 0x08, 
    0x4b, 0x20, 0x07, 0x47, 0xa0, 0x06, 0x61, 0xd0, 0x02, 0x25, 0xb0, 0x01, 0x08, 
    0x10, 0xe8, 0xfe, 0x80, 0xa1, 0xa7, 0xad, 0xc2, 0xb2, 0x2e, 0xcf, 0xc4, 0xdd, 
    0x00, 0x12, 0x70, 0x00, 0x39, 0x10, 0x03, 0x27, 0x10, 0x06, 0x7a, 0xf0, 0x01, 
    0x35, 0xb0, 0x03, 0xb5, 0x30, 0x05, 0x88, 0x30, 0x07, 0x2b, 0xd0, 0xee, 0xed, 
    0x3e, 0x07, 0x88, 0x10, 0x08, 0x37, 0xf0, 0x01, 0x5b, 0x40, 0x01, 0x31, 0x90, 
    0x03, 0x1e, 0xf0, 0x00, 0x05, 0x30, 0x00, 0x02, 0x40, 0x1c, 0x3e, 0xa5, 0xdf, 
    0x3a, 0xb1, 0xed, 0xdd, 0x21, 0x00, 0x03, 0x60, 0x00, 0x2f, 0xb8, 0x00, 0x07, 
    0x00, 0x01, 0x6b, 0x80, 0x01, 0x33, 0xd0, 0x02, 0x27, 0x30, 0x02, 0x14, 0x00, 
    0x03, 0x12, 0x2f, 0xf1, 0x14, 0x30, 0x02, 0x2d, 0x10, 0x03, 0x6b, 0xc0, 0x01, 
    0x1b, 0x10, 0x01, 0x0d, 0x10, 0xe8, 0xfd, 0x7e, 0x1b, 0x22, 0x04, 0xeb, 0x14, 
    0x21, 0xf0, 0xef, 0x41, 0xf0, 0x05, 0xef, 0x82, 0x33, 0x18, 0x01, 0x11, 0x20, 
    0x01, 0x2c, 0xdf, 0xf2, 0x12, 0x10, 0x01, 0x0f, 0x80, 0x00, 0x05, 0xf7, 0xf0, 
    0x5f, 0x1f, 0x3f, 0x1c, 0x8e, 0x90, 0xed, 0xf6, 0x4b, 0xf2, 0x07, 0x22, 0x00, 
    0x3c, 0x6f, 0xf2, 0x03, 0xf0, 0xf3, 0x40, 0xcf, 0xef, 0x35, 0x1f, 0x1d, 0xe6, 
    0x60, 0x4b, 0x40, 0xa1, 0xf3, 0xc7, 0x62, 0xda, 0x38, 0x9f, 0xf3, 0x48, 0xbf, 
    0x2a, 0x87, 0x69, 0xd0, 0x01, 0xdf, 0xf4, 0xa4, 0xb2, 0x4a, 0x22, 0x7f, 0x11, 
    0x52, 0xdf, 0x29, 0x57, 0xbc, 0xf4, 0x2a, 0x71, 0xf5, 0x96, 0x82, 0x84, 0x00, 
    0x7f, 0xf4, 0x5c, 0xbf, 0x27, 0x7a, 0x70, 0x05, 0x0b, 0x7b, 0xe3, 0x48, 0x11, 
    0xf6, 0x73, 0x72, 0x5d, 0x55, 0x1f, 0xb3, 0x68, 0x1f, 0x26, 0xde, 0xb4, 0xf6, 
    0x4d, 0xdb, 0xf6, 0x4f, 0x42, 0xf5, 0x5f, 0x7f, 0xd3, 0x72, 0xdf, 0x23, 0x94, 
    0xaa, 0xf5, 0xda, 0x7a, 0xf7, 0x2b, 0xc2, 0x73, 0x70, 0xcf, 0xf6, 0x7c, 0x0f, 
    0x21, 0x02, 0xa5, 0xf7, 0x2f, 0x11, 0xf8, 0x10, 0x02, 0xcc, 0x84, 0x5f, 0xf8, 
    0x86, 0x7f, 0x1f, 0x4c, 0x9d, 0xf8, 0x8a, 0xbf, 0xf8, 0xe6, 0x81, 0x88, 0x75, 
    0x4f, 0xe8, 0x90, 0xdf, 0x1d, 0xda, 0xfd, 0xf7, 0x91, 0x5a, 0xf9, 0xd1, 0x01, 
    0x0d, 0x46, 0xff, 0x14, 0x9a, 0x0f, 0x1d, 0x51, 0x06, 0xf5, 0x67, 0xff, 0xf9, 
    0xb7, 0x21, 0x0e, 0x9d, 0x0f, 0x15, 0xa4, 0x6f, 0x1b, 0x3f, 0xe2, 0xf8, 0x34, 
    0x91, 0xfa, 0x52, 0xc7, 0xfa, 0xad, 0xff, 0xf9, 0x8e, 0x0d, 0xfb, 0xb1, 0x5f, 
    0xf9, 0x10, 0xb0, 0xde, 0x93, 0xef, 0x14, 0x9f, 0x9f, 0xdf, 0xb9, 0xaf, 0xfb, 
    0x95, 0x5f, 0x9c, 0xbd, 0xef, 0xfb, 0x8b, 0x4f, 0x02, 0xa7, 0x5f, 0x15, 0x95, 
    0x6f, 0xc6, 0x64, 0x01, 0xf9, 0x00, 0x40, 0xfb, 0xfb, 0x6d, 0xf8, 0x73, 0xc0, 
    0xfc, 0xcd, 0xcf, 0xf7, 0x23, 0xc0, 0x99, 0x66, 0xcf, 0x15, 0x01, 0x01, 0x00, 
    0x21, 0xf9, 0x04, 0x09, 0x08, 0x00, 0xff, 0x00, 0x2c, 0x00, 0x00, 0x00, 0x00, 
    0xf0, 0x00, 0xf0, 0x00, 0x00, 0x08, 0xff, 0x00, 0xff, 0x09, 0x1c, 0x48, 0xb0, 
    0xa0, 0xc1, 0x83, 0x08, 0x13, 0x2a, 0x5c, 0xc8, 0xb0, 0xa1, 0xc3, 0x87, 0x10, 
    0x23, 0x4a, 0x9c, 0x48, 0xb1, 0xa2, 0xc5, 0x8b, 0x18, 0x33, 0x6a, 0xdc, 0xc8, 
    0xb1, 0xa3, 0xc7, 0x8f, 0x20, 0x43, 0x8a, 0x1c, 0x49, 0xb2, 0xa4, 0xc9, 0x93, 
    0x28, 0x53, 0xaa, 0x5c, 0xc9, 0xb2, 0xa5, 0xcb, 0x97, 0x30, 0x63, 0xca, 0x9c, 
    0x49, 0xb3, 0xa6, 0xcd, 0x9b, 0x38, 0x73, 0xea, 0xdc, 0xc9, 0xb3, 0xa7, 0xcf, 
    0x9f, 0x40, 0x83, 0x0a, 0x1d, 0x4a, 0xb4, 0xa8, 0xd1, 0xa3, 0x48, 0x93, 0x2a, 
    0x5d, 0xca, 0xb4, 0xa9, 0xd3, 0xa7, 0x50, 0xa3, 0x4a, 0x9d, 0x4a, 0xb5, 0xaa, 
    0xd5, 0xab, 0x58, 0xb3, 0x6a, 0xdd, 0xca, 0xb5, 0xab, 0xd7, 0xaf, 0x60, 0xc3, 
    0x8a, 0x1d, 0x4b, 0xb6, 0xac, 0xd9, 0xb3, 0x68, 0xd3, 0xaa, 0x5d, 0xcb, 0xb6, 
    0xad, 0xdb, 0xb7, 0x70, 0xe3, 0xca, 0x9d, 0x4b, 0xb7, 0xae, 0xdd, 0xbb, 0x78, 
    0xf3, 0xea, 0xdd, 0xcb, 0xb7, 0xaf, 0xdf, 0xbf, 0x80, 0x03, 0x0b, 0x1e, 0x4c, 
    0xb8, 0xb0, 0xe1, 0xc3, 0x88, 0x13, 0x2b, 0x5e, 0xcc, 0xb8, 0xb1, 0xe3, 0xc7, 
    0x90, 0x23, 0xa7, 0xec, 0x47, 0xb9, 0xb2, 0xe4, 0xaa, 0x95, 0x33, 0x6b, 0xbe, 
    0xec, 0x54, 0xb3, 0x67, 0xcf, 0x9c, 0x95, 0x7e, 0x1e, 0x9d, 0x39, 0xf4, 0x51, 
    0xd2, 0xfd, 0x0c, 0x41, 0x32, 0x34, 0xda, 0x34, 0xd1, 0xcf, 0xf5, 0x5e, 0x20, 
    0x81, 0x81, 0xc0, 0x1f, 0x02, 0x37, 0xae, 0xc6, 0x80, 0x76, 0xfd, 0xf3, 0xf3, 
    0x3a, 0x27, 0xfe, 0x82, 0x0b, 0x1f, 0xfe, 0x6b, 0x33, 0xef, 0x9e, 0x9f, 0x57, 
    0x0d, 0x5f, 0x3e, 0xfc, 0x5c, 0xe9, 0xe3, 0x3b, 0x3f, 0x67, 0x61, 0x4e, 0xdd, 
    0xdf, 0x07, 0xe3, 0xd0, 0x6f, 0x7a, 0xf6, 0x86, 0xa4, 0x3a, 0xf5, 0x08, 0x69, 
    0xb0, 0x67, 0xff, 0x9f, 0xe9, 0x99, 0x94, 0x77, 0xef, 0xaa, 0x76, 0x8f, 0x8f, 
    0x59, 0xfe, 0xbc, 0xf7, 0x03, 0x45, 0xd4, 0xaf, 0x6f, 0xe9, 0xb9, 0x99, 0xfb, 
    0xf3, 0x4e, 0x52, 0xc8, 0x9f, 0x3f, 0x59, 0xb3, 0x3b, 0x1a, 0xf7, 0x9d, 0xa7, 
    0x06, 0x33, 0xfb, 0xf1, 0x67, 0x92, 0x66, 0xeb, 0x04, 0x18, 0xe0, 0x10, 0x46, 
    0x88, 0x67, 0x20, 0x49, 0x9a, 0xbd, 0xa2, 0xa0, 0x82, 0x48, 0x14, 0xf8, 0xe0, 
    0x47, 0x9a, 0xe1, 0x31, 0xe1, 0x84, 0x2e, 0x38, 0x78, 0xa1, 0x47, 0x9a, 0x81, 
    0xd0, 0xc4, 0x86, 0x13, 0x5a, 0xf3, 0xdc, 0x87, 0x20, 0x69, 0x16, 0x0a, 0x89, 
    0x13, 0xe2, 0xe0, 0x21, 0x8a, 0x19, 0x69, 0x96, 0x09, 0x8b, 0x1b, 0x52, 0x73, 
    0x22, 0x8c, 0x1b, 0x65, 0xa6, 0xc8, 0x03, 0x34, 0x4e, 0x18, 0xca, 0x8b, 0x38, 
    0x52, 0xa4, 0x59, 0x05, 0x3d, 0x4e, 0xb8, 0xc1, 0x13, 0x37, 0x06, 0x69, 0x51, 
    0x66, 0x6c, 0x14, 0xb9, 0xe1, 0x32, 0x49, 0x2a, 0x39, 0x91, 0x66, 0xf8, 0x38, 
    0x39, 0xa1, 0x3e, 0x51, 0x4a, 0x09, 0x91, 0x66, 0x29, 0x40, 0x60, 0xa5, 0x82, 
    0x96, 0x64, 0xa9, 0xa5, 0x43, 0x43, 0x7e, 0xa9, 0xa0, 0x0c, 0x40, 0x8e, 0xa9, 
    0x90, 0x66, 0xbc, 0x98, 0xa9, 0x60, 0x09, 0x69, 0xaa, 0x89, 0x50, 0x66, 0x75, 
    0xf0, 0xe8, 0x66, 0x80, 0x77, 0x88, 0x29, 0xe7, 0x41, 0x9a, 0x2d, 0x71, 0xa7, 
    0x82, 0x0a, 0xc4, 0xb9, 0xe7, 0x40, 0x99, 0x79, 0xf2, 0xa7, 0x82, 0x0b, 0xe8, 
    0xa0, 0xe7, 0xa0, 0x84, 0x56, 0x46, 0xcf, 0xa1, 0x0a, 0x92, 0xb2, 0x28, 0xa3, 
    0x9a, 0x69, 0x00, 0x69, 0x80, 0xa7, 0x4c, 0x3a, 0xa8, 0x66, 0x1f, 0x5c, 0x7a, 
    0x5f, 0x1f, 0x9a, 0xee, 0xa9, 0x99, 0x05, 0x9e, 0xba, 0xc7, 0x85, 0xa0, 0x9b, 
    0x56, 0x46, 0x40, 0xa9, 0xe7, 0x0d, 0xc0, 0x5a, 0xa8, 0x6a, 0x56, 0xff, 0x46, 
    0x0b, 0xab, 0xee, 0xf1, 0x81, 0xea, 0x9e, 0x74, 0xc4, 0xf3, 0x41, 0x14, 0x26, 
    0x98, 0xd0, 0x44, 0x18, 0xb4, 0x32, 0x27, 0x0b, 0xac, 0x63, 0xf6, 0xd3, 0x8c, 
    0x2e, 0x48, 0x66, 0xa6, 0x4c, 0x31, 0x01, 0xd8, 0xb0, 0x45, 0xb0, 0x7f, 0x10, 
    0x1b, 0x24, 0x6a, 0x9f, 0x95, 0x03, 0x0d, 0x09, 0xa5, 0xc2, 0x71, 0xeb, 0xb4, 
    0xd4, 0x92, 0x36, 0xcd, 0x11, 0x9e, 0x12, 0x23, 0xed, 0x87, 0xfe, 0x10, 0xd1, 
    0x2d, 0x6a, 0xbb, 0x04, 0x01, 0xa9, 0x1f, 0xdb, 0x1a, 0xb8, 0x1c, 0xa8, 0x94, 
    0x79, 0x22, 0x49, 0x31, 0xd3, 0x74, 0x53, 0x49, 0x25, 0xe1, 0x38, 0x02, 0x0c, 
    0x3f, 0xa4, 0x19, 0x41, 0xe4, 0xa1, 0x36, 0x8e, 0x9b, 0x1d, 0x75, 0x93, 0x24, 
    0xf2, 0xc7, 0x02, 0xde, 0x09, 0xa0, 0x47, 0x02, 0x92, 0x7e, 0x46, 0x8d, 0x04, 
    0x7f, 0x3a, 0x61, 0x9c, 0x85, 0xeb, 0x6d, 0x18, 0xc9, 0x0e, 0x5e, 0x0e, 0xf7, 
    0xc3, 0x29, 0xe0, 0x78, 0x46, 0x0c, 0x15, 0x7f, 0x66, 0xb3, 0xc8, 0xb9, 0x9f, 
    0x0d, 0xac, 0xe0, 0x0b, 0x94, 0xe9, 0x20, 0x8e, 0x20, 0xcb, 0x2d, 0x00, 0xcd, 
    0x67, 0x7d, 0xdc, 0xb9, 0x41, 0x7c, 0x24, 0x97, 0x7c, 0x5c, 0x70, 0x2d, 0x64, 
    0x20, 0x40, 0x75, 0x33, 0x78, 0x56, 0xcf, 0xb3, 0xc3, 0x21, 0x82, 0x8e, 0x67, 
    0x95, 0x98, 0xe9, 0x81, 0x14, 0x35, 0x53, 0xcb, 0xdb, 0x23, 0xe1, 0xe5, 0x61, 
    0x8e, 0x10, 0x08, 0x0f, 0xd7, 0xc2, 0x67, 0xec, 0x0c, 0xc0, 0x5c, 0x71, 0x9a, 
    0xd5, 0xf3, 0xa5, 0x08, 0xa3, 0xa1, 0x93, 0xce, 0x36, 0x75, 0x24, 0x4d, 0x59, 
    0x63, 0xd4, 0x4d, 0xe0, 0x99, 0x30, 0x0e, 0x78, 0x30, 0xdc, 0xcb, 0x9e, 0x41, 
    0xcc, 0x1c, 0x20, 0xe6, 0x66, 0x76, 0x8c, 0x95, 0x81, 0x68, 0x96, 0x4c, 0x38, 
    0x7f, 0x08, 0x87, 0x81, 0x38, 0xe8, 0x94, 0xff, 0xd2, 0x4a, 0x2e, 0x04, 0x30, 
    0x50, 0xc8, 0x21, 0xa8, 0x2d, 0x56, 0x9d, 0x2b, 0xa3, 0xed, 0xb3, 0x1c, 0x09, 
    0x60, 0x57, 0x66, 0xcd, 0xce, 0xd4, 0xc1, 0xf0, 0x6a, 0x65, 0xba, 0x58, 0xf9, 
    0x09, 0x65, 0xd9, 0xa8, 0x5b, 0x9d, 0x01, 0xcc, 0x65, 0x41, 0x0b, 0x69, 0x8a, 
    0x55, 0x37, 0x42, 0x39, 0xa3, 0xe5, 0xc0, 0x9c, 0x07, 0x68, 0x64, 0x52, 0x89, 
    0xe9, 0xde, 0x61, 0x20, 0x8a, 0x66, 0xe6, 0x39, 0x29, 0xc3, 0x88, 0x34, 0xd6, 
    0x52, 0xc8, 0x30, 0x0d, 0xb6, 0xab, 0x97, 0x77, 0x08, 0x90, 0xe1, 0x88, 0xa2, 
    0x99, 0xb9, 0x5d, 0xa4, 0x2f, 0x9a, 0xe5, 0x13, 0xac, 0x7b, 0x23, 0xac, 0x42, 
    0x31, 0x60, 0xf7, 0xd1, 0x50, 0x05, 0x2d, 0x9d, 0xc0, 0x73, 0xc6, 0x97, 0x03, 
    0x04, 0x5c, 0x59, 0x19, 0xc7, 0xbb, 0x17, 0xa8, 0xee, 0x78, 0x29, 0x08, 0x44, 
    0x04, 0x77, 0xea, 0x96, 0x19, 0xb6, 0xd9, 0x7b, 0x37, 0x84, 0xcd, 0x81, 0x31, 
    0x07, 0x41, 0xd4, 0x01, 0x9e, 0x70, 0xc4, 0x04, 0x85, 0xbc, 0xf3, 0x8a, 0x38, 
    0xc1, 0xbc, 0x81, 0x43, 0x80, 0x1e, 0x0c, 0x5d, 0x19, 0x31, 0x05, 0x94, 0xef, 
    0xdd, 0x2c, 0xcb, 0xab, 0xcb, 0x79, 0x56, 0xd1, 0x08, 0x4f, 0x38, 0x02, 0x0d, 
    0x25, 0x38, 0x0f, 0x26, 0xf0, 0xa0, 0x9f, 0xcf, 0x2c, 0xe2, 0x13, 0x01, 0xc2, 
    0x80, 0x66, 0xe8, 0xe0, 0x3f, 0xef, 0x24, 0x82, 0x7b, 0x6c, 0x39, 0x0f, 0x19, 
    0x34, 0x03, 0x06, 0x15, 0x54, 0x47, 0x7c, 0xd4, 0x02, 0xc6, 0x0a, 0xee, 0x73, 
    0x06, 0xcd, 0xe8, 0xa1, 0x82, 0xd5, 0x49, 0x85, 0xb8, 0xfa, 0x91, 0x89, 0x06, 
    0xec, 0xc5, 0x3d, 0xeb, 0xf0, 0x8c, 0x0e, 0xac, 0xb6, 0x1c, 0x6e, 0x24, 0x4d, 
    0x1b, 0xf7, 0x71, 0x46, 0x66, 0xf8, 0x81, 0x42, 0xef, 0xfc, 0x01, 0x64, 0xc1, 
    0xd9, 0xdd, 0x08, 0xff, 0x32, 0x50, 0x9d, 0x25, 0x78, 0x26, 0x0d, 0x34, 0xc4, 
    0x19, 0x2f, 0xc4, 0xd6, 0x0f, 0x56, 0xb8, 0xe7, 0x00, 0x9a, 0x71, 0x40, 0x0f, 
    0xef, 0xa3, 0x17, 0x6c, 0xe8, 0xa7, 0x1a, 0xac, 0x5b, 0x9c, 0x33, 0x56, 0xd8, 
    0x0f, 0x42, 0x0c, 0x07, 0x0a, 0xb7, 0x60, 0x22, 0x65, 0x36, 0xe1, 0x1e, 0x0d, 
    0x64, 0x26, 0x05, 0x53, 0x0c, 0x10, 0x5e, 0x32, 0x63, 0x8a, 0xfe, 0x55, 0x07, 
    0x11, 0x17, 0xa8, 0xc5, 0x72, 0x96, 0x28, 0x46, 0xca, 0x18, 0xc3, 0x3d, 0xba, 
    0xc8, 0x8c, 0x2b, 0xd2, 0xa8, 0xc6, 0xba, 0x68, 0x06, 0x18, 0x24, 0x62, 0x43, 
    0x1d, 0x2b, 0x93, 0x45, 0xea, 0x40, 0x41, 0x33, 0x40, 0xe0, 0xe3, 0x7d, 0x2c, 
    0x80, 0xc1, 0xae, 0x78, 0xc6, 0x05, 0x1b, 0x02, 0x61, 0x1d, 0x71, 0x78, 0x1e, 
    0xe2, 0x55, 0x46, 0x8a, 0x8a, 0xf4, 0x0e, 0x10, 0x4a, 0x01, 0xba, 0xb5, 0x70, 
    0x70, 0x43, 0x74, 0x18, 0x24, 0x65, 0x8c, 0xa0, 0x36, 0xef, 0xa8, 0x21, 0x33, 
    0xc4, 0xc8, 0xa4, 0x77, 0x82, 0xd0, 0x2d, 0x4f, 0x66, 0x66, 0x07, 0x13, 0xba, 
    0x84, 0x28, 0x29, 0xa3, 0x04, 0xf7, 0xd8, 0x23, 0x33, 0x70, 0x50, 0xe5, 0x77, 
    0xf2, 0xa4, 0x34, 0xb5, 0x64, 0xa6, 0x68, 0x0a, 0x4a, 0xc0, 0x2c, 0xfb, 0x61, 
    0x0e, 0xf7, 0xb0, 0xab, 0x32, 0x83, 0xd0, 0x25, 0x75, 0x06, 0x90, 0x88, 0x4d, 
    0x98, 0x22, 0x3c, 0xad, 0x49, 0x4b, 0x66, 0x62, 0x01, 0xb9, 0xfb, 0x8c, 0x60, 
    0x98, 0xc3, 0x70, 0x0f, 0x0d, 0x32, 0x53, 0x0e, 0x65, 0x9e, 0xa7, 0x05, 0x54, 
    0x70, 0x01, 0x33, 0xda, 0xd0, 0xc8, 0xab, 0x68, 0x46, 0x0d, 0x13, 0xaa, 0xc7, 
    0x2c, 0x0d, 0x71, 0x9f, 0x47, 0x64, 0x66, 0x84, 0xde, 0xd4, 0x66, 0x3a, 0xca, 
    0x69, 0x95, 0xcc, 0x58, 0x62, 0x42, 0x55, 0x98, 0x65, 0x0a, 0x72, 0x79, 0xff, 
    0x1e, 0x5c, 0x64, 0x06, 0x82, 0xf1, 0x74, 0x4f, 0x01, 0xe8, 0x89, 0x99, 0xca, 
    0x5c, 0x60, 0x42, 0x39, 0x18, 0xa6, 0x19, 0xdc, 0xc3, 0x01, 0x10, 0x54, 0xa6, 
    0x15, 0x01, 0xbd, 0x8f, 0x24, 0x04, 0x86, 0x95, 0xcc, 0x30, 0x60, 0x43, 0xf9, 
    0x98, 0xe5, 0xf4, 0xf0, 0x58, 0x99, 0x22, 0x24, 0x31, 0xa2, 0xd4, 0x41, 0x1c, 
    0x45, 0xeb, 0x59, 0x99, 0x8b, 0x4e, 0x68, 0x00, 0xca, 0x10, 0x25, 0x20, 0xee, 
    0x43, 0x89, 0xcc, 0xa0, 0x13, 0xa4, 0xd5, 0xf1, 0x40, 0x03, 0x2d, 0x93, 0xa3, 
    0x00, 0x46, 0xa7, 0x32, 0x1e, 0xdc, 0x10, 0x13, 0x44, 0x09, 0x8a, 0xfb, 0xfc, 
    0xa8, 0x32, 0x58, 0x80, 0xa9, 0x77, 0xc8, 0x61, 0xd3, 0x86, 0x9c, 0x2b, 0x28, 
    0x9a, 0xf9, 0x01, 0x89, 0xe0, 0x34, 0x48, 0x32, 0xdc, 0x47, 0x0f, 0x99, 0x99, 
    0x85, 0x50, 0xbd, 0x23, 0x8d, 0xa2, 0xf2, 0x89, 0x89, 0xbd, 0xa9, 0x8c, 0x18, 
    0xc0, 0x47, 0xa2, 0x6a, 0x0c, 0xb2, 0x53, 0x0c, 0x4d, 0x56, 0x3f, 0xa8, 0x31, 
    0xd5, 0xea, 0x38, 0x01, 0x69, 0xed, 0x9a, 0xa5, 0x4f, 0x32, 0x03, 0x48, 0x16, 
    0x45, 0x20, 0x8c, 0x4c, 0x2c, 0x86, 0x82, 0xd0, 0xda, 0x0f, 0x70, 0x70, 0x6e, 
    0x99, 0x19, 0x03, 0x29, 0x1d, 0x35, 0x75, 0xae, 0x34, 0x74, 0x02, 0x0c, 0x60, 
    0xe8, 0x44, 0x34, 0x6f, 0x4a, 0x99, 0x74, 0xf4, 0x88, 0x05, 0x4c, 0xa4, 0x87, 
    0xf0, 0xdc, 0x63, 0x8b, 0xcc, 0x50, 0x80, 0x3a, 0x3e, 0x50, 0x46, 0x27, 0xc8, 
    0x21, 0xd4, 0x5e, 0x2c, 0x8f, 0x5a, 0x6d, 0x10, 0xc5, 0x20, 0xfe, 0xd0, 0x02, 
    0x20, 0xe4, 0x00, 0x02, 0x07, 0x70, 0x43, 0x30, 0x04, 0x49, 0xd0, 0x03, 0x55, 
    0xa6, 0x0b, 0x45, 0xc2, 0x42, 0xcd, 0x32, 0x61, 0x87, 0x0d, 0x55, 0x22, 0x33, 
    0x37, 0x60, 0xce, 0x06, 0xe0, 0xda, 0x8f, 0x5e, 0xff, 0x08, 0xf5, 0x72, 0x59, 
    0x42, 0x4d, 0x1b, 0x6c, 0xa1, 0x81, 0x04, 0x7a, 0x67, 0x01, 0x96, 0x1c, 0xe9, 
    0x49, 0xde, 0xe9, 0xa4, 0x23, 0xd8, 0x43, 0x0c, 0x9f, 0xd9, 0x03, 0x23, 0xe8, 
    0xa1, 0x01, 0x22, 0x92, 0x68, 0x10, 0x99, 0xc9, 0xdb, 0x72, 0xb4, 0x95, 0x99, 
    0x19, 0x08, 0x75, 0x1a, 0x49, 0x22, 0x0d, 0x1b, 0xf2, 0x91, 0x84, 0x35, 0x4c, 
    0xa8, 0x1d, 0xa5, 0x1d, 0x49, 0x66, 0x74, 0xe0, 0x46, 0x27, 0x71, 0x80, 0x04, 
    0x4d, 0xf8, 0x80, 0x7a, 0x4d, 0xa0, 0x86, 0x18, 0x38, 0xa9, 0x84, 0x95, 0xe9, 
    0x00, 0x75, 0x86, 0x91, 0x99, 0x39, 0x08, 0x95, 0x95, 0x27, 0x1a, 0x8d, 0x18, 
    0xac, 0x50, 0x1b, 0x16, 0x3d, 0x23, 0xbc, 0x21, 0xc9, 0x8c, 0x2f, 0x40, 0x2a, 
    0x4c, 0x83, 0x52, 0x47, 0x06, 0xb9, 0x63, 0xc3, 0x06, 0x84, 0x1a, 0x03, 0xec, 
    0xcc, 0x94, 0x32, 0x7b, 0xb8, 0x82, 0x6f, 0x69, 0xf4, 0x00, 0x6f, 0x08, 0x57, 
    0xbc, 0x99, 0x41, 0x6d, 0x44, 0x55, 0xab, 0xaa, 0xea, 0x64, 0xc0, 0x18, 0xc6, 
    0xf8, 0x42, 0x59, 0xf7, 0xda, 0x0f, 0x29, 0x04, 0xc7, 0x07, 0x0e, 0xa5, 0x4c, 
    0x25, 0xac, 0x6b, 0xa5, 0x9d, 0xd2, 0xd4, 0x26, 0x9a, 0x39, 0x01, 0x48, 0x39, 
    0x4c, 0x19, 0x00, 0x94, 0xf5, 0x3e, 0x39, 0x08, 0x1b, 0x65, 0x1a, 0xe1, 0x5d, 
    0x7f, 0x98, 0x20, 0x17, 0xc1, 0x00, 0xda, 0xd6, 0x2e, 0x2c, 0x92, 0xcc, 0x18, 
    0x0f, 0xa4, 0x0c, 0xc8, 0xcc, 0xaa, 0xcc, 0xf4, 0x87, 0x28, 0xa4, 0xb1, 0x03, 
    0x99, 0x11, 0x82, 0xa7, 0xa0, 0xfb, 0x62, 0x9a, 0x68, 0x06, 0x0a, 0x30, 0xd5, 
    0x44, 0x66, 0x82, 0x6a, 0x25, 0x0a, 0xe8, 0x06, 0x04, 0xdf, 0x78, 0x69, 0x05, 
    0x49, 0x90, 0x99, 0x98, 0x41, 0x6a, 0x00, 0x9c, 0xac, 0x32, 0x79, 0x2a, 0x73, 
    0x07, 0xa1, 0x06, 0x20, 0xff, 0x33, 0x36, 0xf8, 0x92, 0x57, 0x33, 0x53, 0x0c, 
    0x2d, 0x54, 0x30, 0x03, 0x99, 0xd9, 0xc6, 0xa5, 0x8e, 0xa9, 0x66, 0xf6, 0x64, 
    0x46, 0xbe, 0x30, 0xcd, 0x54, 0x65, 0x62, 0x6b, 0xa5, 0x5d, 0x7c, 0x46, 0x1b, 
    0x79, 0x0d, 0x16, 0x04, 0x14, 0x51, 0x99, 0x04, 0x41, 0xaa, 0x10, 0x44, 0x4e, 
    0x51, 0x65, 0x62, 0x31, 0xd5, 0x86, 0xf5, 0xc3, 0x08, 0xee, 0xb5, 0xd2, 0xa9, 
    0x3e, 0x23, 0x85, 0x8f, 0xd2, 0x2a, 0x0f, 0x95, 0xd1, 0x10, 0xa4, 0x86, 0xd5, 
    0x67, 0x3f, 0x53, 0x46, 0xaa, 0x42, 0x35, 0x45, 0x65, 0xf2, 0xe0, 0xa6, 0xcf, 
    0x7d, 0x46, 0xcc, 0xc1, 0x82, 0x12, 0x65, 0x52, 0xe0, 0xdc, 0x3f, 0x8d, 0x03, 
    0xc0, 0x1d, 0xc9, 0x0c, 0x0b, 0x84, 0xca, 0x81, 0x3d, 0x54, 0x86, 0x8c, 0x66, 
    0x5a, 0xc1, 0x68, 0x58, 0x7c, 0x3c, 0xac, 0x51, 0xa6, 0x06, 0x90, 0x9a, 0x04, 
    0xae, 0x6b, 0x0a, 0xe1, 0x05, 0xc3, 0x74, 0x0b, 0x51, 0x1d, 0x8e, 0x09, 0x64, 
    0x20, 0x62, 0x16, 0x11, 0x48, 0x33, 0xc2, 0xd0, 0x70, 0xf6, 0x70, 0xd0, 0xb1, 
    0x7e, 0x1c, 0xe3, 0xae, 0x87, 0xda, 0xc7, 0xb2, 0x63, 0x54, 0x19, 0x53, 0x4c, 
    0x55, 0x0b, 0x99, 0x49, 0x40, 0x70, 0x0c, 0x90, 0x09, 0xca, 0x3c, 0x01, 0x0f, 
    0xa4, 0xf8, 0x46, 0x07, 0x3e, 0xb0, 0xd8, 0xea, 0x60, 0x29, 0x33, 0xdd, 0xa8, 
    0x40, 0xbd, 0x8f, 0x97, 0x03, 0x6d, 0x60, 0xcf, 0x53, 0x4c, 0x2d, 0x35, 0x7d, 
    0x2a, 0xe3, 0x88, 0xa9, 0x5e, 0xb0, 0x32, 0x60, 0x15, 0xf6, 0x68, 0x84, 0xb1, 
    0x09, 0x6e, 0xf8, 0xe1, 0x03, 0x00, 0x5a, 0x8e, 0x04, 0x33, 0x43, 0x89, 0x1b, 
    0x17, 0x89, 0x15, 0x91, 0x66, 0x36, 0x65, 0x7a, 0x30, 0x55, 0x13, 0x51, 0x46, 
    0x1a, 0xc2, 0xf9, 0x69, 0xb7, 0xf6, 0x00, 0x09, 0x3a, 0xfc, 0xa2, 0x02, 0x35, 
    0xff, 0x58, 0x83, 0x23, 0x32, 0xc3, 0x0c, 0x8b, 0xa7, 0x36, 0xe3, 0x1a, 0xc9, 
    0x8c, 0x11, 0x38, 0x20, 0xd4, 0x1c, 0xe4, 0xae, 0x1f, 0x6d, 0xf5, 0x47, 0x04, 
    0xd4, 0x21, 0x46, 0xe0, 0x55, 0x26, 0xe2, 0x2e, 0x67, 0x91, 0xb2, 0x05, 0xbe, 
    0x12, 0x3a, 0x4f, 0x35, 0xc9, 0x95, 0xd1, 0xc7, 0x72, 0x90, 0x10, 0x8c, 0x62, 
    0x58, 0x58, 0x8c, 0x21, 0x08, 0x7a, 0x8f, 0x0a, 0x3c, 0x36, 0x99, 0x64, 0xc6, 
    0x52, 0x42, 0x0d, 0x65, 0x65, 0x5a, 0x5b, 0x1d, 0x28, 0xf8, 0x01, 0x13, 0xe2, 
    0x58, 0x06, 0x3b, 0x48, 0xf6, 0xaf, 0x0d, 0xad, 0xc1, 0x04, 0x91, 0xf0, 0x34, 
    0x4c, 0xdb, 0x4d, 0xf4, 0xfe, 0xcc, 0x9a, 0xab, 0x20, 0x6d, 0x00, 0x39, 0x29, 
    0xd3, 0x89, 0x6a, 0xde, 0x07, 0x06, 0x1d, 0x50, 0x85, 0x3a, 0x62, 0x41, 0x9a, 
    0x3d, 0xc8, 0x78, 0x42, 0x49, 0x98, 0x3b, 0x3b, 0x44, 0x50, 0x56, 0x09, 0xdc, 
    0xbc, 0x1f, 0x56, 0xaf, 0x0c, 0x59, 0xef, 0x9b, 0x19, 0xc3, 0xd2, 0xc8, 0x00, 
    0x4e, 0xf0, 0x03, 0x27, 0x4e, 0xc1, 0x0c, 0x9f, 0xf7, 0x23, 0x0f, 0x99, 0xbe, 
    0x0f, 0x0e, 0x52, 0x8c, 0xf0, 0xa9, 0xca, 0x61, 0xdc, 0x15, 0x51, 0xd1, 0x54, 
    0x09, 0x11, 0x65, 0x37, 0xd5, 0x42, 0x33, 0xe6, 0x0e, 0x90, 0xad, 0x34, 0x13, 
    0x87, 0xa9, 0x6a, 0xbd, 0xea, 0x30, 0xc9, 0x0c, 0x2c, 0xca, 0x7a, 0x4b, 0x77, 
    0xb3, 0xef, 0x4b, 0xca, 0xcb, 0x0c, 0x24, 0xef, 0x73, 0x00, 0x3c, 0x68, 0x06, 
    0x5c, 0x30, 0xfd, 0x02, 0xe8, 0x85, 0x34, 0xbe, 0xa9, 0x9e, 0x20, 0x33, 0x6d, 
    0xfe, 0x13, 0x95, 0x2b, 0xe3, 0xd4, 0xfb, 0x78, 0xe0, 0x13, 0xcf, 0xc0, 0x43, 
    0x3b, 0x08, 0x0d, 0x53, 0x1b, 0xc2, 0x7c, 0x49, 0x99, 0x11, 0x45, 0x59, 0x41, 
    0x91, 0x99, 0x68, 0x40, 0x2a, 0x19, 0x9a, 0x79, 0xac, 0xff, 0xd4, 0xdd, 0x33, 
    0x39, 0xc4, 0xc7, 0x3e, 0x33, 0xb5, 0x86, 0x29, 0xe1, 0x2a, 0x03, 0x6b, 0x37, 
    0x71, 0x00, 0x0c, 0x99, 0x31, 0x44, 0x79, 0xc7, 0xcf, 0x1c, 0x3c, 0x5f, 0x3f, 
    0xf4, 0x99, 0xf9, 0xb7, 0x50, 0x85, 0x1f, 0x6a, 0x4f, 0x4d, 0x41, 0x33, 0xf2, 
    0x40, 0x7f, 0xd5, 0x01, 0x5f, 0xb0, 0x37, 0x70, 0x95, 0x51, 0x07, 0x37, 0x46, 
    0x63, 0xfd, 0xe0, 0x05, 0xa5, 0xb2, 0x41, 0x99, 0x81, 0x02, 0x02, 0xc8, 0x1c, 
    0x9e, 0x70, 0x7f, 0xc4, 0x57, 0x19, 0x55, 0x70, 0x63, 0x13, 0x55, 0x19, 0x99, 
    0x77, 0x29, 0xce, 0x91, 0x19, 0x5c, 0x10, 0x81, 0xc2, 0xa1, 0x04, 0xc3, 0x17, 
    0x11, 0x9a, 0x71, 0x0e, 0x37, 0xa6, 0x70, 0x94, 0x31, 0x7b, 0xac, 0x32, 0x00, 
    0x9c, 0xd7, 0x0f, 0x29, 0x60, 0x27, 0x11, 0xd8, 0x0a, 0x14, 0x38, 0x25, 0x99, 
    0xd1, 0x63, 0x53, 0xb5, 0x09, 0x65, 0x16, 0x2c, 0x2a, 0xa0, 0x19, 0xb6, 0x00, 
    0x82, 0x2e, 0x32, 0x83, 0x24, 0x98, 0x19, 0xd3, 0x70, 0x63, 0x3d, 0x53, 0x19, 
    0x44, 0x00, 0x6e, 0xac, 0x22, 0x08, 0x9a, 0x81, 0x09, 0x11, 0x78, 0x3e, 0x6d, 
    0x57, 0x12, 0xd8, 0x76, 0x7b, 0x30, 0xd5, 0x05, 0x99, 0x91, 0x4c, 0xd9, 0x63, 
    0x59, 0x95, 0x91, 0x02, 0x34, 0x47, 0x7f, 0x57, 0x00, 0x84, 0x5b, 0x92, 0x19, 
    0x27, 0x74, 0x63, 0xbe, 0x36, 0x6b, 0x30, 0x78, 0x3c, 0xb0, 0x90, 0x19, 0x07, 
    0x45, 0x7f, 0xe0, 0xf7, 0x84, 0x18, 0x56, 0x19, 0xb6, 0x75, 0x63, 0x44, 0x55, 
    0x19, 0x73, 0xe3, 0x3f, 0x64, 0x56, 0x19, 0x76, 0x46, 0x7f, 0x5c, 0x64, 0x7e, 
    0x2c, 0x11, 0x7f, 0x16, 0x77, 0x48, 0x99, 0x31, 0x05, 0x28, 0x24, 0x08, 0x6c, 
    0x60, 0x04, 0xdc, 0x10, 0x81, 0x4f, 0x57, 0x80, 0x2a, 0x91, 0x19, 0x72, 0x60, 
    0x71, 0x21, 0x90, 0x19, 0x8f, 0xff, 0x30, 0x45, 0x12, 0x30, 0x02, 0x11, 0x78, 
    0x00, 0x73, 0x87, 0x88, 0x6e, 0x57, 0x39, 0x16, 0x17, 0x07, 0xd5, 0x05, 0x82, 
    0x69, 0x34, 0x74, 0x6c, 0x58, 0x64, 0x94, 0x11, 0x09, 0x2e, 0x47, 0x01, 0xa8, 
    0xd0, 0x0f, 0x62, 0xd0, 0x53, 0x9c, 0x38, 0x45, 0xd1, 0xe0, 0x85, 0x0f, 0x41, 
    0x19, 0xa4, 0x12, 0x74, 0x02, 0x60, 0x02, 0x85, 0x94, 0x8a, 0x1b, 0xc2, 0x05, 
    0xbe, 0xb0, 0x0e, 0x89, 0x46, 0x22, 0xa4, 0xf3, 0x89, 0x45, 0xc6, 0x08, 0xb4, 
    0xf8, 0x8b, 0x01, 0xe2, 0x87, 0xfd, 0xe0, 0x0e, 0x3d, 0xc2, 0x67, 0x96, 0x38, 
    0x19, 0xc0, 0x01, 0x8c, 0xca, 0x58, 0x1d, 0x28, 0x53, 0x19, 0xac, 0x30, 0x09, 
    0x24, 0x92, 0x0a, 0x23, 0x18, 0x11, 0xda, 0xb6, 0x8c, 0xd6, 0x28, 0x1c, 0x6c, 
    0x93, 0x19, 0xa7, 0x70, 0x04, 0xf7, 0x83, 0x1f, 0x0a, 0x80, 0x0d, 0x56, 0x35, 
    0x12, 0xd7, 0x38, 0x8e, 0xc2, 0x01, 0x69, 0x9f, 0x91, 0x06, 0x8c, 0xb0, 0x0b, 
    0xb9, 0x10, 0x00, 0x17, 0x50, 0x01, 0x43, 0xc0, 0x03, 0xae, 0xd0, 0x0b, 0xa5, 
    0x88, 0x3e, 0x2e, 0x41, 0x8e, 0xe4, 0xd8, 0x85, 0xc3, 0x74, 0x8c, 0x2b, 0x61, 
    0x8f, 0xe3, 0x88, 0x71, 0xf9, 0x38, 0x13, 0xfc, 0x78, 0x8d, 0xdb, 0x30, 0x4c, 
    0x35, 0x11, 0x90, 0xd6, 0x18, 0x0f, 0xf9, 0x75, 0x54, 0x37, 0x61, 0x90, 0xcb, 
    0xc8, 0x09, 0xac, 0x88, 0x12, 0x0c, 0x19, 0x74, 0x50, 0x30, 0x0b, 0xc7, 0x50, 
    0x91, 0xac, 0xa0, 0x0a, 0x1d, 0x80, 0x01, 0xc2, 0xe1, 0x4e, 0xbc, 0xb8, 0x13, 
    0x11, 0x79, 0x63, 0x26, 0x80, 0x0b, 0x96, 0x57, 0x19, 0x3a, 0xb0, 0x0d, 0x44, 
    0x24, 0x58, 0x1d, 0xa9, 0x13, 0x1f, 0x29, 0x54, 0xb8, 0xc0, 0x08, 0xdd, 0x92, 
    0x02, 0xe7, 0x00, 0x7f, 0x29, 0x99, 0x13, 0x2b, 0x19, 0x51, 0x1c, 0x80, 0x5d, 
    0x62, 0xff, 0xa4, 0x14, 0x35, 0x19, 0x4f, 0x24, 0xa0, 0x63, 0x9a, 0xa1, 0x03, 
    0xd2, 0x20, 0x93, 0x9d, 0x84, 0x14, 0x3b, 0xa9, 0x4c, 0x5a, 0x10, 0x37, 0x99, 
    0x01, 0x06, 0xef, 0x80, 0x01, 0x1e, 0x00, 0x01, 0x19, 0xe0, 0x07, 0xe3, 0x70, 
    0x78, 0x33, 0x49, 0x93, 0x45, 0x99, 0x49, 0x14, 0xe0, 0x19, 0x52, 0x40, 0x00, 
    0xb9, 0x18, 0x1c, 0x5b, 0x50, 0x89, 0x53, 0x89, 0x13, 0x55, 0x99, 0x49, 0x32, 
    0x98, 0x19, 0x8f, 0x72, 0x1e, 0x5c, 0x33, 0x8d, 0x2a, 0x11, 0x96, 0x7c, 0xe4, 
    0x6a, 0x95, 0x81, 0x75, 0xee, 0xf1, 0x66, 0xe1, 0xa8, 0x92, 0x6a, 0xd9, 0x43, 
    0x54, 0xa0, 0x19, 0xbf, 0x30, 0x21, 0x0e, 0x19, 0x97, 0x60, 0x39, 0x97, 0x28, 
    0x74, 0x88, 0xfd, 0xe0, 0x0c, 0x24, 0x32, 0x07, 0x23, 0xa9, 0x87, 0x43, 0xc1, 
    0x97, 0x15, 0x74, 0x1d, 0xab, 0x46, 0x23, 0x32, 0x80, 0x94, 0x5f, 0x29, 0x13, 
    0x86, 0xe9, 0x3f, 0x8c, 0x74, 0x5a, 0x3d, 0x42, 0x01, 0xee, 0x80, 0x96, 0x24, 
    0xf1, 0x98, 0xe5, 0x83, 0x6e, 0x95, 0x31, 0x84, 0x3d, 0x32, 0x00, 0x1e, 0xd7, 
    0x98, 0x30, 0x81, 0x99, 0xe5, 0x43, 0x5a, 0xc6, 0x62, 0x25, 0xa0, 0x06, 0x9a, 
    0x2f, 0x21, 0x9a, 0xc7, 0x03, 0x04, 0x28, 0xd9, 0x0f, 0x8f, 0xe8, 0x24, 0x48, 
    0xa7, 0x8f, 0x3c, 0xa1, 0x9a, 0xc1, 0x52, 0x97, 0x95, 0x51, 0x25, 0x4e, 0xd2, 
    0x60, 0x0f, 0x19, 0x12, 0xb4, 0x49, 0x2b, 0x88, 0x55, 0x19, 0x2f, 0x60, 0x25, 
    0x02, 0x40, 0x9a, 0x84, 0xf9, 0x13, 0xbd, 0xc9, 0x2a, 0xd1, 0x52, 0x19, 0x89, 
    0xf0, 0x25, 0x8d, 0x85, 0x9a, 0x2d, 0x71, 0x9c, 0xa5, 0x62, 0x9b, 0x94, 0xd1, 
    0x26, 0x56, 0x82, 0x93, 0xb2, 0x29, 0x97, 0xd0, 0x09, 0x29, 0x1c, 0xa0, 0x19, 
    0x26, 0x60, 0x25, 0xe6, 0xb0, 0x9b, 0x20, 0x91, 0x9d, 0x9e, 0xff, 0x92, 0x1e, 
    0x95, 0x21, 0x0b, 0x56, 0xf2, 0x0e, 0xe0, 0xf9, 0x11, 0xe2, 0x79, 0x29, 0x0f, 
    0x00, 0x4d, 0xfd, 0x80, 0x0c, 0xe2, 0xd7, 0x23, 0xf2, 0x90, 0x9e, 0x1e, 0xb1, 
    0x9e, 0x97, 0x02, 0x08, 0x99, 0xf1, 0x0d, 0x4e, 0x62, 0x36, 0xce, 0xc9, 0x12, 
    0xf6, 0x09, 0x29, 0x67, 0x49, 0x19, 0xf7, 0x60, 0x25, 0x95, 0xe0, 0x50, 0x44, 
    0xf1, 0x9f, 0x87, 0xd2, 0x88, 0x95, 0x91, 0x04, 0x5f, 0x52, 0x01, 0x45, 0x81, 
    0xa0, 0x7f, 0x92, 0x7b, 0x94, 0x81, 0x08, 0x56, 0x72, 0x0d, 0x52, 0x70, 0x0b, 
    0x07, 0x0a, 0xa1, 0x6e, 0x62, 0x05, 0xa5, 0x57, 0x24, 0x36, 0x40, 0x9f, 0x1d, 
    0xa1, 0xa1, 0x6e, 0xc2, 0x03, 0x99, 0xb1, 0x9c, 0x45, 0x62, 0x0c, 0x20, 0xca, 
    0x11, 0x22, 0x6a, 0x26, 0x4d, 0x80, 0x4a, 0xb4, 0x43, 0x23, 0x2b, 0xf0, 0x60, 
    0x42, 0xb1, 0xa2, 0x66, 0xa2, 0x6a, 0x99, 0xb1, 0x0b, 0xf3, 0xb7, 0x21, 0xc4, 
    0x39, 0xa3, 0x34, 0x6a, 0x25, 0x22, 0xa8, 0x19, 0x90, 0x90, 0x8c, 0x1b, 0x22, 
    0x01, 0x8d, 0x90, 0xa2, 0x1a, 0xd1, 0xa3, 0x5f, 0xd2, 0x81, 0x99, 0x81, 0x0c, 
    0x3c, 0x40, 0x22, 0x3f, 0xda, 0x9f, 0x69, 0x89, 0xa4, 0x15, 0x8a, 0x5c, 0xfe, 
    0xd1, 0x03, 0x30, 0xa0, 0x20, 0x92, 0x54, 0x98, 0x52, 0x6a, 0x25, 0x1c, 0x80, 
    0x5b, 0xe5, 0xb1, 0x81, 0xd4, 0x71, 0x03, 0x96, 0xc9, 0x9b, 0x5b, 0xfa, 0x25, 
    0x82, 0xe6, 0x19, 0x2d, 0x77, 0x1e, 0x1c, 0x79, 0x9d, 0xd8, 0x59, 0xa6, 0x4e, 
    0x42, 0x05, 0x2e, 0xa9, 0x19, 0x8a, 0x70, 0x1e, 0xaf, 0x30, 0xa6, 0x64, 0xea, 
    0xa6, 0x5f, 0xa2, 0x09, 0x95, 0x59, 0x19, 0x94, 0x44, 0x1d, 0x00, 0x60, 0xa7, 
    0x77, 0x8a, 0xa7, 0x5f, 0xa2, 0x07, 0x83, 0x10, 0x0e, 0x39, 0x45, 0x1d, 0x12, 
    0x0a, 0xa5, 0xfe, 0x29, 0xa8, 0xc7, 0xeb, 0x33, 0x0a, 0x7a, 0x69, 0x13, 0x8c, 
    0x1a, 0x2c, 0x3a, 0x04, 0xa8, 0x22, 0x11, 0xa9, 0xa5, 0x22, 0x00, 0xdd, 0xf0, 
    0xa8, 0x0b, 0x69, 0xa9, 0x90, 0xb2, 0x00, 0x74, 0xa5, 0xa8, 0xa9, 0xc9, 0xa9, 
    0x7f, 0xa2, 0x02, 0xbe, 0x47, 0xa9, 0x97, 0x29, 0xaa, 0x66, 0x22, 0x02, 0xaf, 
    0xa3, 0xa9, 0x54, 0x89, 0xaa, 0x2c, 0xd2, 0x00, 0x14, 0x10, 0x08, 0x80, 0x70, 
    0x0c, 0x83, 0x95, 0x14, 0xae, 0x6a, 0x76, 0x1a, 0x50, 0x0d, 0xe5, 0x47, 0x8f, 
    0xb6, 0x7a, 0xab, 0x4f, 0x94, 0x04, 0xd9, 0x50, 0xa4, 0xbd, 0xd4, 0x14, 0xbe, 
    0x5a, 0x1d, 0x1b, 0x10, 0x0a, 0xdb, 0x50, 0x55, 0xad, 0x04, 0x15, 0xc5, 0x3a, 
    0x1c, 0x0b, 0xe0, 0x07, 0xe2, 0x30, 0x81, 0x24, 0x23, 0x15, 0xcd, 0xea, 0x0f, 
    0x25, 0x50, 0x08, 0x3e, 0x59, 0x38, 0x56, 0xd1, 0xac, 0x82, 0xa0, 0xac, 0xda, 
    0x8a, 0x15, 0xc5, 0xda, 0xa2, 0xdf, 0xaa, 0x15, 0xc5, 0x2a, 0x49, 0x46, 0xba, 
    0xa9, 0xae, 0x0a, 0x2f, 0xe7, 0xda, 0xaa, 0xa2, 0x2a, 0x00, 0x8c, 0x59, 0x16, 
    0xb7, 0xca, 0x9f, 0xa0, 0xaa, 0x93, 0xae, 0x9a, 0x87, 0x66, 0xe1, 0xaa, 0xd6, 
    0x37, 0xaf, 0xf4, 0xca, 0xa9, 0x09, 0xb5, 0xae, 0xb3, 0x29, 0xaa, 0xe0, 0xe5, 
    0xaf, 0x1e, 0xc9, 0xa9, 0x1c, 0x2a, 0xb0, 0x03, 0x1b, 0xa9, 0xc2, 0xa8, 0xaf, 
    0x4b, 0xc1, 0xa9, 0x3c, 0x67, 0xb0, 0x07, 0x2b, 0xa8, 0xd7, 0x60, 0xaa, 0x5a, 
    0x2a, 0xa8, 0xf6, 0xe7, 0xb0, 0x0f, 0xeb, 0xa6, 0x6b, 0xa8, 0xb0, 0xc4, 0x2a, 
    0xa8, 0x89, 0x5a, 0x9c, 0x67, 0x21, 0xa8, 0x12, 0x63, 0xb1, 0x3d, 0x81, 0xa7, 
    0x07, 0x40, 0x5f, 0x22, 0xcb, 0x13, 0x01, 0x01, 0x00, 0x21, 0xf9, 0x04, 0x09, 
    0x08, 0x00, 0xff, 0x00, 0x2c, 0x00, 0x00, 0x00, 0x00, 0xf0, 0x00, 0xf0, 0x00, 
    0x00, 0x08, 0xff, 0x00, 0xff, 0x09, 0x1c, 0x48, 0xb0, 0xa0, 0xc1, 0x83, 0x08, 
    0x13, 0x2a, 0x5c, 0xc8, 0xb0, 0xa1, 0xc3, 0x87, 0x10, 0x23, 0x4a, 0x9c, 0x48, 
    0xb1, 0xa2, 0xc5, 0x8b, 0x18, 0x33, 0x6a, 0xdc, 0xc8, 0xb1, 0xa3, 0xc7, 0x8f, 
    0x20, 0x43, 0x8a, 0x1c, 0x49, 0xb2, 0xa4, 0xc9, 0x93, 0x28, 0x53, 0xaa, 0x5c, 
    0xc9, 0xb2, 0xa5, 0xcb, 0x97, 0x30, 0x63, 0xca, 0x9c, 0x49, 0xb3, 0xa6, 0xcd, 
    0x9b, 0x38, 0x73, 0xea, 0xdc, 0xc9, 0xb3, 0xa7, 0xcf, 0x9f, 0x40, 0x83, 0x0a, 
    0x1d, 0x4a, 0xb4, 0xa8, 0xd1, 0xa3, 0x48, 0x93, 0x2a, 0x5d, 0xca, 0xb4, 0xa9, 
    0xd3, 0xa7, 0x50, 0xa3, 0x4a, 0x9d, 0x4a, 0xb5, 0xaa, 0xd5, 0xab, 0x58, 0xb3, 
    0x6a, 0xdd, 0xca, 0xb5, 0xab, 0xd7, 0xaf, 0x60, 0xc3, 0x8a, 0x1d, 0x4b, 0xb6, 
    0xac, 0xd9, 0xb3, 0x68, 0xd3, 0xaa, 0x5d, 0xcb, 0xb6, 0xad, 0xdb, 0xb7, 0x70, 
    0xe3, 0xca, 0x9d, 0x4b, 0xb7, 0xae, 0xdd, 0xbb, 0x78, 0xf3, 0xea, 0xdd, 0xcb, 
    0xb7, 0xaf, 0xdf, 0xbf, 0x80, 0x03, 0x0b, 0x1e, 0x4c, 0xb8, 0xb0, 0xe1, 0xc3, 
    0x88, 0x13, 0x2b, 0xbe, 0xda, 0xaf, 0xb1, 0xe3, 0x7e, 0x8b, 0xb9, 0x3e, 0x9e, 
    0xdc, 0x38, 0xb2, 0x55, 0xca, 0x98, 0x1d, 0x5b, 0x96, 0x9a, 0xb9, 0x33, 0xe4, 
    0xcd, 0x4d, 0x3b, 0x3f, 0x61, 0x24, 0xe9, 0x50, 0x0a, 0xcc, 0xa0, 0x97, 0x62, 
    0x6e, 0x43, 0x8b, 0xc9, 0x0c, 0x7f, 0xb0, 0x61, 0x44, 0xcb, 0x43, 0x39, 0xf5, 
    0xd1, 0xcc, 0x95, 0xd6, 0xc0, 0xde, 0xbd, 0xdb, 0x00, 0xbe, 0xda, 0xb6, 0x85, 
    0x66, 0x96, 0x34, 0x87, 0xb7, 0xf1, 0xdd, 0xf7, 0x80, 0x07, 0xf7, 0x99, 0x59, 
    0xc1, 0xf1, 0xe7, 0xb0, 0x4f, 0x4d, 0x5e, 0xde, 0x33, 0xf3, 0xa6, 0x23, 0xd0, 
    0xb3, 0x9f, 0x9b, 0x4e, 0x3d, 0x27, 0x66, 0x70, 0x13, 0xb2, 0x8b, 0xff, 0xf7, 
    0xa7, 0xe8, 0x71, 0x77, 0x9c, 0x94, 0x41, 0xc8, 0x02, 0x32, 0x5e, 0xbc, 0x38, 
    0xf3, 0xe7, 0x6b, 0x52, 0x36, 0xb4, 0xa5, 0xfd, 0xf8, 0x0b, 0xf0, 0xe3, 0xcb, 
    0xa4, 0x8c, 0xe7, 0x84, 0xfd, 0xf1, 0x28, 0xe4, 0xa7, 0xdf, 0x4b, 0x94, 0x95, 
    0xd2, 0xc0, 0x7f, 0xe3, 0x0d, 0x21, 0xe0, 0x80, 0x2d, 0x4d, 0xc6, 0x46, 0x14, 
    0x08, 0x8e, 0xf7, 0xc6, 0x82, 0x0c, 0xaa, 0x34, 0xd9, 0x2d, 0x39, 0x44, 0x38, 
    0x5e, 0x16, 0xdc, 0x55, 0x68, 0xe1, 0x63, 0xd2, 0xc8, 0xa0, 0xe1, 0x78, 0x07, 
    0x2c, 0x42, 0xa1, 0x87, 0x24, 0x4d, 0x06, 0xc2, 0x6b, 0x23, 0x8e, 0xc7, 0xcd, 
    0x89, 0x28, 0x8a, 0x34, 0x19, 0x0a, 0x2d, 0xb6, 0x17, 0x46, 0x87, 0x31, 0x8e, 
    0x34, 0x99, 0x03, 0x35, 0xda, 0xd7, 0x0c, 0x8c, 0x39, 0x76, 0xf4, 0x18, 0x18, 
    0x3d, 0xda, 0x87, 0x06, 0x8e, 0x41, 0x7a, 0x34, 0x59, 0x02, 0x45, 0xb6, 0x07, 
    0xc1, 0x13, 0x40, 0x26, 0x79, 0xd1, 0x64, 0xcd, 0x34, 0x69, 0x9f, 0x23, 0x51, 
    0x4a, 0x49, 0x11, 0x65, 0xfe, 0x59, 0x39, 0x9e, 0x74, 0x9a, 0x69, 0xc9, 0xd1, 
    0x64, 0x57, 0x78, 0xd9, 0x1e, 0x23, 0x59, 0x8a, 0x09, 0xd1, 0x64, 0xad, 0x98, 
    0x39, 0x5e, 0x2d, 0x48, 0xaa, 0xb9, 0xe5, 0x63, 0x8b, 0x94, 0xe0, 0xa6, 0x78, 
    0xd3, 0xa4, 0x29, 0x27, 0x43, 0x94, 0x05, 0x72, 0x67, 0x76, 0x12, 0xec, 0xa1, 
    0xe7, 0x9e, 0x09, 0x51, 0x96, 0xc4, 0x9f, 0xd9, 0xc9, 0x10, 0x27, 0xa1, 0x0e, 
    0x51, 0xa6, 0x01, 0xa2, 0xd9, 0x55, 0x31, 0x28, 0xa3, 0x06, 0x4d, 0x16, 0x00, 
    0xa4, 0xd9, 0x1d, 0x19, 0x26, 0xa5, 0x6b, 0x3e, 0x46, 0x0b, 0xa6, 0xd9, 0x41, 
    0x33, 0x29, 0xa7, 0x02, 0x3d, 0x76, 0x8b, 0x9d, 0xa0, 0x3e, 0xf7, 0xe2, 0xa6, 
    0xa4, 0xf2, 0xf9, 0xd8, 0x1f, 0xa9, 0x42, 0xff, 0x47, 0xce, 0xa8, 0x9c, 0x3e, 
    0xc6, 0x46, 0xac, 0xd0, 0x51, 0x42, 0x2b, 0xa3, 0x93, 0x01, 0x80, 0xeb, 0x73, 
    0x3c, 0xec, 0x4a, 0xe8, 0x63, 0x86, 0xfc, 0xfa, 0x9c, 0x19, 0xc2, 0xee, 0xf9, 
    0x58, 0x17, 0x08, 0x62, 0x80, 0x88, 0x02, 0x2f, 0xdc, 0x53, 0x48, 0x2f, 0xe3, 
    0x58, 0xd1, 0xc3, 0x0a, 0x38, 0x68, 0xa8, 0x45, 0xb2, 0x72, 0x3a, 0x06, 0x82, 
    0x09, 0xbc, 0x3d, 0x00, 0x07, 0x06, 0xbc, 0x61, 0xa0, 0x85, 0x2a, 0x77, 0x08, 
    0xda, 0xd9, 0x22, 0x8e, 0x8c, 0x52, 0xc3, 0x7f, 0x35, 0x2c, 0xda, 0x2a, 0x41, 
    0x8f, 0xd5, 0xb1, 0x9b, 0x02, 0xf5, 0x80, 0x63, 0xc4, 0x13, 0xa6, 0x38, 0x02, 
    0xc8, 0x15, 0xe5, 0x79, 0x86, 0x19, 0x1e, 0x1d, 0xb4, 0x07, 0x84, 0xbc, 0xf3, 
    0x96, 0xea, 0xd8, 0x13, 0x22, 0xcc, 0xa0, 0x8e, 0xc0, 0x10, 0x63, 0xe6, 0xc8, 
    0x00, 0xe3, 0x6d, 0xc2, 0xad, 0x98, 0x93, 0x41, 0x19, 0xf1, 0xc6, 0x8f, 0x1d, 
    0x12, 0x89, 0x78, 0x4e, 0x5c, 0xac, 0x25, 0xc7, 0x8f, 0x89, 0x71, 0x88, 0x28, 
    0x99, 0x88, 0x73, 0x89, 0x15, 0x01, 0x5c, 0x52, 0xc9, 0x39, 0xcb, 0x24, 0x23, 
    0x06, 0x65, 0x46, 0x74, 0x33, 0x01, 0x19, 0xe4, 0x18, 0x93, 0x08, 0x0a, 0x47, 
    0xb4, 0x00, 0x9b, 0x20, 0x8c, 0x98, 0x42, 0x4e, 0xc2, 0x0a, 0x09, 0x8c, 0xc7, 
    0xcc, 0x8e, 0x3d, 0xc2, 0x03, 0x05, 0x31, 0xc0, 0x01, 0x03, 0x14, 0x50, 0x64, 
    0x40, 0x41, 0x0b, 0x18, 0x40, 0xb0, 0x00, 0x02, 0x39, 0x0c, 0x81, 0x4a, 0xc4, 
    0x69, 0x58, 0xc3, 0x05, 0x6f, 0x95, 0x8a, 0xdc, 0x9d, 0x67, 0x90, 0xf4, 0x82, 
    0xc4, 0x03, 0x33, 0x10, 0xe2, 0x4c, 0x25, 0x7f, 0xe4, 0x80, 0x03, 0x14, 0x41, 
    0xd4, 0xe0, 0x43, 0x20, 0x81, 0xd4, 0xb2, 0x43, 0x13, 0x3f, 0x64, 0x10, 0x03, 
    0x07, 0x11, 0x14, 0xff, 0x80, 0x40, 0x31, 0x1c, 0x97, 0x01, 0x5b, 0x06, 0x04, 
    0xfc, 0xb3, 0xb1, 0x9a, 0x9d, 0xa5, 0x61, 0xcc, 0x07, 0x0b, 0x1c, 0x90, 0xc3, 
    0x1a, 0x18, 0x44, 0x1e, 0xc3, 0x09, 0x91, 0x34, 0x11, 0x88, 0x16, 0x4b, 0xa8, 
    0x20, 0x84, 0x10, 0x49, 0xd8, 0xc0, 0x82, 0x1c, 0x47, 0x90, 0x40, 0xc1, 0x1a, 
    0x0b, 0x14, 0xd0, 0x00, 0xc9, 0x77, 0x48, 0x42, 0xb2, 0xd8, 0x89, 0x65, 0x86, 
    0xc7, 0x37, 0x91, 0x2c, 0xc0, 0xc1, 0x17, 0x27, 0x84, 0xe1, 0xc4, 0x0f, 0xb8, 
    0x93, 0x50, 0x43, 0x20, 0x48, 0xd8, 0x60, 0x49, 0x0f, 0x15, 0x74, 0xd0, 0x01, 
    0x01, 0x16, 0x00, 0x50, 0x81, 0x08, 0x73, 0xb8, 0x91, 0x01, 0x0d, 0x0b, 0x34, 
    0x90, 0x0d, 0x65, 0x3a, 0x80, 0xb1, 0x7a, 0xc4, 0x39, 0x62, 0x56, 0x8a, 0x10, 
    0x08, 0x2c, 0x00, 0xc1, 0x0c, 0x19, 0x04, 0x71, 0xc3, 0x14, 0x2b, 0x50, 0xa1, 
    0x85, 0x16, 0xa1, 0xfc, 0x91, 0xc4, 0x1b, 0x15, 0x60, 0xa1, 0x41, 0x02, 0xda, 
    0x10, 0xb3, 0xc7, 0x2d, 0x69, 0xe8, 0xb0, 0x8e, 0x1f, 0x48, 0xc8, 0x10, 0x06, 
    0x0d, 0x1b, 0x20, 0x00, 0x48, 0x31, 0xe3, 0x90, 0xc1, 0x47, 0x18, 0x6b, 0x80, 
    0x40, 0x06, 0x96, 0x90, 0x9c, 0x88, 0x15, 0xc1, 0x14, 0xd2, 0xf3, 0x8c, 0x87, 
    0x32, 0xf3, 0x09, 0x08, 0x44, 0x00, 0x08, 0x5f, 0x80, 0x01, 0x09, 0x7c, 0x20, 
    0x07, 0xf3, 0x99, 0x01, 0x05, 0x18, 0x7c, 0x03, 0xf0, 0x2c, 0xa0, 0x01, 0x05, 
    0x10, 0xe0, 0x79, 0x94, 0xb1, 0x87, 0x20, 0x90, 0x70, 0x83, 0x30, 0xec, 0x6d, 
    0x01, 0x0f, 0x40, 0x80, 0x0a, 0x11, 0xd0, 0x80, 0x02, 0x14, 0x60, 0x00, 0x03, 
    0x30, 0xc1, 0x23, 0x28, 0xa3, 0x08, 0x1d, 0xa0, 0x62, 0x13, 0x21, 0xd0, 0x82, 
    0x07, 0xfc, 0xc1, 0x81, 0x1a, 0x0c, 0xc1, 0x0a, 0xf9, 0x00, 0x06, 0x11, 0xff, 
    0x14, 0x38, 0x36, 0xca, 0x3c, 0xe3, 0x03, 0x0d, 0x58, 0x40, 0x09, 0x46, 0xf0, 
    0x83, 0x1d, 0x50, 0x41, 0x04, 0x96, 0xa8, 0x42, 0x07, 0x2c, 0xc0, 0x80, 0x2a, 
    0x32, 0x40, 0x03, 0x17, 0xf0, 0x20, 0x00, 0x5c, 0xd0, 0x99, 0x65, 0x98, 0xc1, 
    0x0e, 0x47, 0x08, 0x02, 0x0c, 0x62, 0x50, 0x02, 0x08, 0x98, 0x11, 0x02, 0x1c, 
    0x38, 0xc0, 0x06, 0x24, 0x80, 0x00, 0x03, 0x08, 0xe0, 0x13, 0x93, 0x79, 0x04, 
    0xc5, 0xc6, 0x83, 0x81, 0x59, 0x09, 0x2c, 0x38, 0x98, 0x49, 0xc7, 0x00, 0x10, 
    0xe0, 0x01, 0x0c, 0x40, 0xa1, 0x09, 0x5c, 0xf8, 0x83, 0x19, 0xaa, 0xc0, 0x03, 
    0x06, 0x64, 0x51, 0x01, 0x88, 0xf4, 0x20, 0x01, 0x00, 0xc0, 0xc8, 0x3b, 0x78, 
    0xe6, 0x0c, 0x28, 0x58, 0xc2, 0x0a, 0x6e, 0x40, 0x82, 0x48, 0x84, 0x01, 0x0a, 
    0x61, 0x08, 0x83, 0xd4, 0x5a, 0x40, 0x03, 0x20, 0xf4, 0x6d, 0x00, 0xc1, 0xa0, 
    0x93, 0x1b, 0xfe, 0x43, 0x0d, 0x88, 0xa5, 0x86, 0x32, 0x8d, 0x40, 0x82, 0x01, 
    0x10, 0x70, 0x80, 0x19, 0x6c, 0xc1, 0x07, 0x48, 0xf0, 0x83, 0x05, 0x8c, 0xd1, 
    0x07, 0x45, 0x32, 0xf2, 0x96, 0xb8, 0x0c, 0x81, 0xc0, 0x64, 0x61, 0x81, 0x2a, 
    0x98, 0x41, 0x04, 0x48, 0xe0, 0xc2, 0x14, 0x86, 0x39, 0x85, 0x2c, 0x1c, 0xa1, 
    0x06, 0x7a, 0x18, 0x41, 0x09, 0x4a, 0x37, 0x00, 0x62, 0x3c, 0x66, 0x0c, 0xff, 
    0x89, 0x80, 0x2e, 0xa8, 0x17, 0x19, 0xca, 0x14, 0x23, 0x03, 0x7b, 0x6c, 0xa5, 
    0x1e, 0x8e, 0xc0, 0x02, 0x33, 0xcc, 0x63, 0x66, 0x46, 0x70, 0x04, 0x2e, 0xc7, 
    0xc9, 0x48, 0x7a, 0x08, 0x6c, 0x17, 0x09, 0x60, 0x40, 0x07, 0x7a, 0x80, 0x02, 
    0x3f, 0x6c, 0x6e, 0x73, 0x49, 0x98, 0x84, 0x1d, 0x10, 0xd1, 0x04, 0x18, 0xac, 
    0x41, 0x02, 0x05, 0x80, 0x93, 0x63, 0x8c, 0xc0, 0xff, 0x9e, 0xff, 0xa0, 0xe0, 
    0x17, 0xa7, 0xe8, 0xc5, 0x2e, 0x86, 0x51, 0x07, 0xd4, 0x28, 0x86, 0x32, 0x97, 
    0xf0, 0x47, 0x36, 0x71, 0xf0, 0x83, 0x29, 0x2c, 0x81, 0x09, 0x90, 0x98, 0x4c, 
    0x3d, 0xc8, 0x89, 0x4b, 0xd5, 0x79, 0x46, 0x1c, 0x00, 0x50, 0x40, 0x02, 0x34, 
    0x80, 0x05, 0x0b, 0xf0, 0xe0, 0xa3, 0x3c, 0xe8, 0xc0, 0x04, 0x94, 0x20, 0x04, 
    0x24, 0xd4, 0x20, 0x03, 0x39, 0x88, 0x80, 0x01, 0xf2, 0xe4, 0x98, 0x84, 0xd6, 
    0x48, 0x02, 0x04, 0x50, 0xce, 0x61, 0x28, 0x33, 0x08, 0x85, 0x36, 0xc0, 0x03, 
    0x31, 0xd0, 0x43, 0x20, 0x44, 0xc0, 0x04, 0x5a, 0x40, 0x4f, 0x13, 0x14, 0x65, 
    0xe4, 0x3e, 0x04, 0x76, 0x0f, 0x46, 0x12, 0x80, 0x00, 0x88, 0x4c, 0x80, 0x52, 
    0xe3, 0x31, 0x8b, 0x4d, 0xd0, 0xa1, 0x0b, 0x15, 0xa0, 0x42, 0x13, 0x4e, 0x00, 
    0x01, 0x04, 0x40, 0xe1, 0x31, 0xc8, 0x38, 0x40, 0x91, 0x7c, 0x40, 0x1b, 0xd6, 
    0xbd, 0x85, 0x32, 0xa9, 0xf0, 0x87, 0x00, 0x0a, 0xb0, 0x00, 0x0c, 0x44, 0x22, 
    0x10, 0x4b, 0x50, 0x02, 0x17, 0x29, 0xf3, 0x84, 0x51, 0x04, 0x15, 0x00, 0xa1, 
    0xec, 0x0c, 0x11, 0xde, 0x7a, 0x0f, 0xa4, 0x35, 0x86, 0x08, 0x57, 0x90, 0x03, 
    0x09, 0x5a, 0xe0, 0x81, 0x06, 0xb4, 0xe3, 0x31, 0xa0, 0x68, 0x52, 0x09, 0xd2, 
    0x80, 0xb0, 0xbe, 0x50, 0xe6, 0x02, 0x62, 0x35, 0x40, 0x04, 0x72, 0x90, 0x81, 
    0x1b, 0xb0, 0x00, 0x05, 0x16, 0xa0, 0x03, 0x66, 0x74, 0x70, 0x86, 0xb7, 0x02, 
    0x20, 0x16, 0x9d, 0x91, 0x45, 0x50, 0xb9, 0x71, 0x1a, 0xca, 0xc8, 0x23, 0x10, 
    0x91, 0x28, 0x41, 0x04, 0x96, 0xf0, 0x18, 0x66, 0x58, 0x69, 0x0e, 0x84, 0x65, 
    0x55, 0x4c, 0x64, 0x6a, 0x14, 0xca, 0x58, 0x00, 0x36, 0x7b, 0xe4, 0xc0, 0x09, 
    0xdc, 0x80, 0x04, 0x4b, 0xff, 0x74, 0x20, 0x01, 0x11, 0xa5, 0x4c, 0x27, 0x80, 
    0xfa, 0xd6, 0x2e, 0x64, 0xc6, 0x16, 0x41, 0x1d, 0x85, 0x67, 0x6c, 0xe0, 0x06, 
    0xbe, 0x16, 0x80, 0x1d, 0x8e, 0x01, 0x03, 0xb9, 0x9a, 0x84, 0x08, 0xaf, 0x66, 
    0x84, 0x88, 0x45, 0xa1, 0xcc, 0x0b, 0x60, 0x33, 0xd6, 0x0d, 0xc4, 0xe0, 0x07, 
    0x73, 0x48, 0x42, 0x05, 0x34, 0x40, 0x00, 0x4f, 0x60, 0x06, 0x1e, 0x96, 0x65, 
    0xa4, 0x39, 0x6e, 0xf1, 0x18, 0x22, 0xac, 0xe3, 0xad, 0xa5, 0xec, 0xcc, 0x19, 
    0x02, 0x01, 0x85, 0x1c, 0x20, 0xe0, 0x12, 0x43, 0x0a, 0x6c, 0x93, 0x50, 0x20, 
    0x09, 0x76, 0x9c, 0x62, 0x3f, 0xa6, 0x24, 0xca, 0x64, 0xd2, 0xb1, 0x9b, 0x01, 
    0x44, 0xa0, 0x04, 0x51, 0x38, 0xc2, 0x24, 0x7a, 0xc0, 0x00, 0x05, 0x00, 0x02, 
    0x19, 0x98, 0x41, 0x45, 0x78, 0x19, 0x49, 0x06, 0x71, 0x2c, 0x03, 0x18, 0xf3, 
    0x40, 0xc3, 0x5b, 0xad, 0x20, 0x30, 0x4c, 0x50, 0xe1, 0x07, 0x18, 0x88, 0x80, 
    0x0d, 0x28, 0xa3, 0x0b, 0x2f, 0x09, 0x00, 0x36, 0x04, 0xe2, 0xd8, 0x50, 0x26, 
    0xb3, 0x8f, 0xdd, 0x08, 0xa0, 0x01, 0x07, 0x80, 0x43, 0x13, 0x90, 0x80, 0x02, 
    0x1e, 0x24, 0x80, 0x00, 0xa9, 0x30, 0x11, 0x65, 0x48, 0xb1, 0xe0, 0x1a, 0xdf, 
    0xf2, 0x0a, 0x9e, 0x49, 0x01, 0x2e, 0x58, 0xd0, 0x84, 0x16, 0x6c, 0xc0, 0x03, 
    0x78, 0xa0, 0x0c, 0x1d, 0xfe, 0x64, 0x38, 0xd5, 0xea, 0x68, 0x32, 0xc7, 0xc8, 
    0x45, 0x26, 0x82, 0xcc, 0x5a, 0x9e, 0x4c, 0x86, 0x08, 0xbc, 0xf1, 0xef, 0x1a, 
    0xb6, 0x80, 0x88, 0x24, 0x4c, 0xe0, 0x02, 0x8b, 0x04, 0xc0, 0x30, 0x28, 0x93, 
    0x02, 0x09, 0xdb, 0xb8, 0xc6, 0xac, 0xf0, 0x4c, 0x27, 0x2a, 0xa0, 0x82, 0x23, 
    0xc0, 0xe0, 0x00, 0x0d, 0x68, 0x00, 0x1c, 0x27, 0x93, 0x05, 0x37, 0x09, 0x60, 
    0xff, 0x19, 0x9d, 0x91, 0x51, 0xc9, 0xbe, 0xb6, 0x9b, 0x25, 0xa0, 0xa3, 0xc9, 
    0x3a, 0x99, 0x8c, 0x12, 0x4c, 0x5c, 0x80, 0x0d, 0xa8, 0xd8, 0x0e, 0x4c, 0xc0, 
    0x82, 0x02, 0x6e, 0xe9, 0x02, 0x75, 0x35, 0xe6, 0x09, 0xd1, 0xf8, 0xb2, 0x8d, 
    0xe3, 0x9a, 0x19, 0x6f, 0xf0, 0xc0, 0x0f, 0x53, 0x88, 0x44, 0x55, 0x29, 0x66, 
    0x07, 0x61, 0x3c, 0xa6, 0x1e, 0x6e, 0x2a, 0x40, 0x7e, 0x85, 0xf4, 0x18, 0x1d, 
    0x40, 0xc8, 0x38, 0x1b, 0x38, 0x44, 0x61, 0xe5, 0xf3, 0x98, 0x77, 0x44, 0x19, 
    0x6b, 0x61, 0x08, 0x84, 0x95, 0xb1, 0x8c, 0x4b, 0x2f, 0xd0, 0x83, 0x11, 0x90, 
    0xe0, 0x05, 0x25, 0x28, 0x1a, 0x07, 0x59, 0x50, 0x03, 0x12, 0x6c, 0xa8, 0x03, 
    0x38, 0xd8, 0xc0, 0x8e, 0x56, 0xa8, 0x43, 0x1e, 0xaa, 0x98, 0xf5, 0x5b, 0x4b, 
    0xd1, 0x99, 0x6d, 0x60, 0x01, 0x05, 0x72, 0xf8, 0x01, 0x0d, 0x24, 0x30, 0x80, 
    0x0f, 0x33, 0x60, 0x32, 0x19, 0x32, 0x53, 0x00, 0x36, 0xad, 0x91, 0x8c, 0x05, 
    0x21, 0x3b, 0x16, 0x35, 0x32, 0x7a, 0x1e, 0xa3, 0xd5, 0xfe, 0x4a, 0x00, 0x03, 
    0x24, 0xa0, 0x02, 0x64, 0x07, 0x6d, 0x63, 0x2f, 0x4c, 0xc3, 0x99, 0x10, 0x43, 
    0x06, 0x23, 0xae, 0x10, 0x02, 0x8a, 0x16, 0x22, 0x33, 0x52, 0x20, 0x00, 0x03, 
    0x94, 0xc0, 0x87, 0xe2, 0xa2, 0x99, 0x62, 0x57, 0x7d, 0xcc, 0xbb, 0xdc, 0x44, 
    0x08, 0x5e, 0x30, 0xa2, 0xa0, 0x99, 0xd9, 0x08, 0x65, 0x6a, 0x21, 0x9e, 0x19, 
    0xe0, 0x99, 0xd4, 0x8e, 0x81, 0x06, 0x6f, 0xc6, 0xea, 0x01, 0x38, 0xc8, 0x80, 
    0x05, 0x55, 0xe0, 0xae, 0x8d, 0xaf, 0xa0, 0xb1, 0xd5, 0xb5, 0x02, 0x1a, 0xe4, 
    0xcc, 0x04, 0x65, 0x96, 0x01, 0x00, 0x02, 0x5c, 0xa0, 0x02, 0x36, 0xc8, 0x42, 
    0x24, 0xbe, 0xb0, 0x81, 0x06, 0x34, 0x1b, 0x1c, 0x8f, 0xff, 0xb1, 0x01, 0xa4, 
    0x22, 0x10, 0x04, 0x06, 0xf0, 0xc2, 0x08, 0x07, 0x97, 0x48, 0xaf, 0xda, 0xa3, 
    0x80, 0x51, 0xaf, 0xd6, 0x31, 0xc2, 0x98, 0x23, 0x75, 0x1b, 0xc0, 0x01, 0x18, 
    0xd4, 0xc2, 0x06, 0x57, 0xae, 0x31, 0x2e, 0xb6, 0x3c, 0xbd, 0xc7, 0xac, 0x03, 
    0x13, 0xe3, 0x0c, 0xc6, 0x18, 0x4a, 0x01, 0x0f, 0x58, 0x5c, 0xe2, 0x96, 0x09, 
    0xb0, 0x00, 0x0a, 0xec, 0x70, 0x83, 0x28, 0x60, 0x60, 0x03, 0x2f, 0x34, 0xa7, 
    0x63, 0x44, 0x10, 0xab, 0x0c, 0xe0, 0xd8, 0xe6, 0xae, 0x72, 0xcc, 0x38, 0xfe, 
    0xa3, 0x75, 0x6d, 0xcf, 0x44, 0xcf, 0xc6, 0xd9, 0x63, 0x09, 0x22, 0xc1, 0x05, 
    0x41, 0x58, 0x80, 0xdc, 0x96, 0xed, 0x03, 0x3c, 0x8a, 0x4e, 0x99, 0x34, 0x6c, 
    0xa3, 0xc6, 0x1e, 0x9f, 0x80, 0x25, 0xf8, 0xb0, 0x83, 0xfb, 0xa9, 0xf4, 0xdd, 
    0x8e, 0xc1, 0x0e, 0xae, 0x84, 0x00, 0xf6, 0xa2, 0x3d, 0x46, 0x19, 0x08, 0x1a, 
    0x80, 0x8c, 0x2b, 0xe3, 0x1d, 0xc7, 0x40, 0x39, 0xed, 0x11, 0xc0, 0xc0, 0x0f, 
    0xc4, 0x2d, 0xe8, 0xf0, 0xe2, 0xa2, 0x08, 0x74, 0xcf, 0xcc, 0x79, 0xc3, 0x8b, 
    0x54, 0x0d, 0x4c, 0xc0, 0x0c, 0x48, 0x68, 0xc2, 0x08, 0xd0, 0xfc, 0x8b, 0xc7, 
    0xc8, 0xc1, 0x58, 0x61, 0x4e, 0x16, 0x0d, 0x3f, 0x10, 0x21, 0x2f, 0x14, 0xfe, 
    0x43, 0x8e, 0x29, 0x53, 0xda, 0x25, 0x10, 0x83, 0x0f, 0xf0, 0x81, 0x09, 0x12, 
    0xb7, 0x6c, 0x6e, 0x33, 0x8f, 0x99, 0x47, 0xd4, 0x58, 0x01, 0x17, 0x98, 0x80, 
    0x10, 0xa6, 0xb0, 0x05, 0xd1, 0x8a, 0xca, 0x31, 0xa7, 0xff, 0x95, 0x04, 0x62, 
    0x5e, 0x28, 0xca, 0xfc, 0x60, 0x44, 0x3a, 0x70, 0x2e, 0xa7, 0x1d, 0xd3, 0x04, 
    0xe3, 0x08, 0xc0, 0x00, 0x0b, 0xc0, 0x41, 0x13, 0xfe, 0xd0, 0x83, 0xdc, 0x07, 
    0x55, 0xe3, 0xbc, 0xef, 0x0c, 0xff, 0x70, 0x2d, 0xcb, 0x0d, 0x71, 0x04, 0xc3, 
    0x02, 0x6f, 0xd0, 0x02, 0x09, 0x30, 0x20, 0x81, 0x41, 0x3c, 0x86, 0x0f, 0xc6, 
    0xf2, 0x47, 0xe9, 0x5f, 0x5f, 0xe4, 0xc7, 0xb4, 0x81, 0x05, 0x2d, 0xfa, 0xab, 
    0xd9, 0x61, 0xf2, 0x18, 0x56, 0x1c, 0xa7, 0xba, 0x70, 0x50, 0x03, 0x22, 0x30, 
    0x04, 0xac, 0x16, 0x54, 0x7d, 0x10, 0x7e, 0x02, 0xe3, 0x65, 0xe4, 0xe4, 0x00, 
    0x6c, 0xe0, 0x18, 0xad, 0x80, 0x05, 0x7c, 0xd0, 0x04, 0x31, 0xb0, 0x00, 0x67, 
    0xf0, 0x18, 0x9a, 0x10, 0x7f, 0xfe, 0xa0, 0x0c, 0x06, 0xb5, 0x10, 0xba, 0x05, 
    0x07, 0x35, 0xc2, 0x68, 0x9f, 0x81, 0x70, 0x8d, 0x51, 0x1f, 0xd6, 0x57, 0x00, 
    0x1e, 0x30, 0x02, 0x37, 0x30, 0x09, 0x04, 0x98, 0x65, 0x14, 0x85, 0x25, 0x08, 
    0xd8, 0x45, 0x14, 0x95, 0x0d, 0x9d, 0xe5, 0x18, 0x78, 0xf0, 0x07, 0x35, 0x80, 
    0x03, 0x1b, 0x10, 0x0a, 0x8f, 0xe1, 0x0c, 0x18, 0x48, 0x03, 0xd8, 0xb0, 0x81, 
    0x08, 0x41, 0x19, 0xd8, 0x00, 0x05, 0x3d, 0x52, 0x73, 0xfb, 0xe7, 0x12, 0x1d, 
    0xf3, 0x1c, 0x63, 0x75, 0x00, 0x23, 0xb0, 0x03, 0x36, 0x50, 0x01, 0x05, 0x48, 
    0x51, 0xd2, 0xf0, 0x82, 0x9e, 0xe1, 0x00, 0xe3, 0x14, 0x0e, 0x99, 0x41, 0x09, 
    0x3b, 0x70, 0x02, 0x07, 0xb0, 0x00, 0xd1, 0xd7, 0x18, 0x79, 0x80, 0x81, 0xb0, 
    0xa1, 0x0d, 0x40, 0x48, 0x2f, 0x94, 0xb1, 0x0a, 0x4d, 0x32, 0x05, 0xd2, 0x57, 
    0x6d, 0x8f, 0x11, 0x1e, 0xff, 0x57, 0x00, 0x07, 0x40, 0x01, 0x4e, 0x58, 0x01, 
    0x09, 0xf0, 0x56, 0x6b, 0x45, 0x85, 0x99, 0x41, 0x0d, 0xad, 0x96, 0x5a, 0x94, 
    0x31, 0x0d, 0x59, 0x00, 0x05, 0x55, 0xf5, 0x0a, 0x8f, 0xa1, 0x06, 0x62, 0xe8, 
    0x0f, 0x2a, 0xe0, 0x5d, 0x48, 0x92, 0x19, 0x67, 0x60, 0x25, 0x5b, 0x40, 0x7f, 
    0x25, 0xff, 0xf1, 0x18, 0xa6, 0x00, 0x1d, 0x4b, 0x48, 0x01, 0x3e, 0xa0, 0x02, 
    0x13, 0x50, 0x87, 0x41, 0x05, 0x26, 0x78, 0xf8, 0x5d, 0xb8, 0x34, 0x06, 0x9d, 
    0xc1, 0x0d, 0x72, 0xa0, 0x07, 0x19, 0x86, 0x04, 0x8f, 0x71, 0x0f, 0x85, 0xe8, 
    0x0f, 0x40, 0xe0, 0x82, 0xf9, 0x91, 0x19, 0x04, 0xe0, 0x25, 0x5f, 0xe0, 0x88, 
    0x47, 0xe6, 0x18, 0x55, 0x20, 0x89, 0x70, 0x48, 0x89, 0x96, 0x88, 0x89, 0x14, 
    0xc5, 0x0b, 0x9b, 0x98, 0x19, 0x44, 0x40, 0x08, 0x8c, 0x24, 0x5c, 0x99, 0x01, 
    0x02, 0x00, 0xc0, 0x07, 0x1f, 0x80, 0x03, 0x0b, 0xd0, 0x02, 0x33, 0x28, 0x0b, 
    0xa7, 0x08, 0x1b, 0x58, 0xc8, 0x1d, 0x94, 0xc1, 0x0f, 0x15, 0x60, 0x26, 0x03, 
    0xc0, 0x0f, 0x6b, 0x38, 0x25, 0x8e, 0xd1, 0x06, 0xd9, 0x31, 0x89, 0x95, 0x78, 
    0x89, 0x6f, 0x35, 0x54, 0xbb, 0x88, 0x19, 0x65, 0xc0, 0x48, 0x71, 0xd0, 0x19, 
    0x45, 0x30, 0x04, 0x22, 0x20, 0x03, 0x23, 0xb0, 0x01, 0x18, 0x50, 0x71, 0xbc, 
    0xb0, 0x8c, 0xb0, 0xb1, 0x02, 0x93, 0xd1, 0x0e, 0xcd, 0xe5, 0x18, 0x62, 0x00, 
    0x00, 0x06, 0x70, 0x27, 0xb2, 0x50, 0x8d, 0x15, 0x31, 0x19, 0xdd, 0x90, 0x8d, 
    0xb5, 0xb8, 0x8d, 0xb8, 0x48, 0x4e, 0x33, 0xf4, 0x8d, 0x34, 0xc5, 0x48, 0xae, 
    0xd0, 0x19, 0xbb, 0x00, 0x72, 0x3b, 0x40, 0x01, 0x71, 0x38, 0x83, 0xf2, 0xe0, 
    0x8e, 0xb0, 0x11, 0x20, 0x8e, 0x51, 0x04, 0xfe, 0x60, 0x09, 0xb0, 0x00, 0x0c, 
    0x5e, 0x80, 0x2a, 0x77, 0x62, 0x84, 0x47, 0x88, 0x12, 0x93, 0xd1, 0x6d, 0x4a, 
    0xf8, 0x8f, 0xb7, 0xf8, 0x56, 0xd6, 0x40, 0x90, 0x94, 0x11, 0x07, 0xb7, 0x94, 
    0x0c, 0x98, 0x21, 0x0c, 0x09, 0x30, 0x01, 0x49, 0x60, 0x66, 0x07, 0xd0, 0x04, 
    0x8f, 0x11, 0x07, 0x10, 0x09, 0x1b, 0xc6, 0xf0, 0x18, 0xb2, 0xff, 0x07, 0x2a, 
    0x07, 0xc0, 0x87, 0x21, 0x88, 0x84, 0x8f, 0x71, 0x0a, 0xe2, 0xa1, 0x8d, 0x23, 
    0x19, 0x54, 0xb6, 0x60, 0x92, 0x8f, 0x91, 0x02, 0x89, 0x70, 0x4b, 0xa0, 0xa0, 
    0x81, 0x8f, 0x51, 0x04, 0xae, 0xd0, 0x92, 0x2a, 0xe0, 0x03, 0x67, 0x46, 0x78, 
    0x8e, 0x31, 0x04, 0x35, 0xe9, 0x0f, 0x10, 0x30, 0x19, 0x3e, 0x93, 0x2a, 0x20, 
    0xc4, 0x78, 0x21, 0xe6, 0x18, 0xfd, 0x44, 0x8b, 0x71, 0x08, 0x90, 0x6f, 0x05, 
    0x82, 0x26, 0x29, 0x06, 0xbc, 0x75, 0x4b, 0xd3, 0x20, 0x09, 0xf0, 0x90, 0x07, 
    0xf3, 0x40, 0x06, 0x1e, 0x57, 0x01, 0x93, 0x70, 0x03, 0x23, 0xe0, 0x01, 0xaa, 
    0xf0, 0x18, 0x02, 0x40, 0x01, 0x74, 0x30, 0x0e, 0x30, 0xe0, 0x8e, 0xce, 0xf0, 
    0x18, 0xb9, 0x10, 0x2b, 0xdb, 0xd2, 0x91, 0x8f, 0xf8, 0x18, 0xbb, 0x30, 0x1e, 
    0x42, 0xc9, 0x8d, 0x41, 0x45, 0x06, 0x86, 0x66, 0x92, 0x86, 0xb0, 0x60, 0x04, 
    0xa0, 0x01, 0x3d, 0xf0, 0x07, 0x6e, 0x00, 0x07, 0x1b, 0x80, 0x26, 0x8d, 0xf1, 
    0x0c, 0x14, 0xd0, 0x09, 0x87, 0x06, 0x0d, 0x4e, 0x70, 0x8a, 0x30, 0x60, 0x2b, 
    0xb1, 0x42, 0x01, 0xb0, 0x38, 0x7d, 0x8d, 0xe1, 0x81, 0x41, 0x59, 0x8b, 0x73, 
    0x18, 0x90, 0xe4, 0x24, 0x0a, 0x46, 0xd9, 0x18, 0xde, 0xb0, 0x60, 0x0a, 0x80, 
    0x05, 0x6f, 0x80, 0x04, 0x24, 0x50, 0x7b, 0x8f, 0x11, 0x0c, 0xf3, 0xf7, 0x18, 
    0x99, 0xb0, 0x5c, 0x18, 0x28, 0x59, 0x8e, 0x01, 0x2e, 0xa0, 0x62, 0x00, 0x53, 
    0x48, 0x98, 0x72, 0xe6, 0x18, 0xdf, 0xd0, 0x1e, 0x4b, 0xd8, 0x84, 0x4f, 0x18, 
    0x85, 0xe4, 0x34, 0x0b, 0xaf, 0xd9, 0x0f, 0xba, 0xb0, 0x60, 0x09, 0xd0, 0x01, 
    0x7e, 0x80, 0x08, 0x51, 0x50, 0x02, 0x84, 0xf0, 0x18, 0x6f, 0x90, 0x00, 0x98, 
    0x21, 0x06, 0x9c, 0x70, 0x8f, 0xf1, 0xff, 0xc7, 0x02, 0xb9, 0x19, 0x2b, 0xde, 
    0xe8, 0x95, 0x2b, 0x51, 0x5e, 0xff, 0x61, 0x82, 0x27, 0x90, 0x82, 0x2b, 0xf8, 
    0x56, 0xf1, 0x00, 0x02, 0xaf, 0x69, 0x0c, 0x9c, 0x27, 0x99, 0x7f, 0x70, 0x03, 
    0x5c, 0x98, 0x8f, 0x8e, 0x11, 0x03, 0x1b, 0xd0, 0x19, 0xe8, 0x10, 0x03, 0xf1, 
    0xb7, 0x01, 0x30, 0xd7, 0x18, 0xa5, 0x10, 0x2b, 0xdf, 0xa0, 0x8f, 0x8d, 0xf2, 
    0x18, 0xbf, 0x60, 0x1f, 0x00, 0x28, 0x80, 0x55, 0xe0, 0x9c, 0xe4, 0x94, 0x0e, 
    0x46, 0x59, 0x07, 0xd4, 0xc9, 0x03, 0x66, 0xb0, 0x02, 0x41, 0x80, 0x01, 0x0b, 
    0x80, 0x99, 0xfd, 0xd0, 0x08, 0x05, 0xe0, 0x0f, 0xa9, 0x87, 0x19, 0xaf, 0x80, 
    0x81, 0x16, 0xe3, 0x18, 0x44, 0x08, 0x2a, 0x14, 0x66, 0x9c, 0x20, 0x61, 0x2a, 
    0x1f, 0xa6, 0x9c, 0xd8, 0xa7, 0x7d, 0x2c, 0xd0, 0x7d, 0x2c, 0x18, 0x54, 0xa6, 
    0x60, 0x92, 0x85, 0x10, 0x5e, 0x0a, 0xc0, 0x00, 0x55, 0x20, 0x02, 0x3b, 0x90, 
    0x01, 0x1c, 0x80, 0x03, 0xf2, 0xd9, 0x18, 0xed, 0x00, 0x1b, 0x0d, 0x80, 0x88, 
    0x94, 0x11, 0x89, 0xf1, 0x77, 0x0d, 0xaf, 0x92, 0x2a, 0xc0, 0x80, 0xa0, 0x61, 
    0xd7, 0x18, 0xb8, 0xf0, 0x1f, 0x02, 0x30, 0x00, 0xb4, 0xa7, 0x06, 0xb7, 0xc7, 
    0x00, 0x33, 0x4a, 0x51, 0xbe, 0xf5, 0x8d, 0xd2, 0x50, 0xa1, 0x66, 0x20, 0x07, 
    0x41, 0x30, 0x81, 0x24, 0xf0, 0x18, 0xd1, 0xb0, 0x1b, 0x0d, 0x88, 0x19, 0xce, 
    0x11, 0x7f, 0xae, 0xe7, 0x18, 0x96, 0x00, 0x2a, 0xf9, 0xa6, 0xa2, 0x4a, 0xe2, 
    0x18, 0xb7, 0x10, 0x21, 0xfe, 0x25, 0x79, 0x5a, 0x80, 0x02, 0x05, 0xb6, 0x60, 
    0xbd, 0xf0, 0x8d, 0x18, 0x67, 0x59, 0x39, 0xda, 0x03, 0x4b, 0xb0, 0x90, 0x1c, 
    0x80, 0x00, 0x7f, 0xf0, 0x18, 0x05, 0xe3, 0x0f, 0x89, 0x80, 0x19, 0x77, 0xb0, 
    0x02, 0x62, 0xff, 0x48, 0x9e, 0x8e, 0xc1, 0x24, 0x98, 0xb2, 0x0d, 0x4e, 0xca, 
    0x81, 0xcb, 0x42, 0xa7, 0x0f, 0x50, 0x02, 0x5b, 0xb0, 0x02, 0x66, 0xf0, 0x76, 
    0x35, 0x46, 0x0a, 0x9b, 0xc8, 0x0a, 0x9c, 0x57, 0x9d, 0x82, 0x30, 0x07, 0x18, 
    0xb6, 0x00, 0x06, 0xc0, 0x68, 0x7b, 0x00, 0x1b, 0x34, 0xb0, 0x78, 0xfd, 0xa0, 
    0x04, 0x24, 0xa0, 0x07, 0xa7, 0x68, 0x00, 0x46, 0xea, 0x7f, 0x90, 0x92, 0x03, 
    0x03, 0x8a, 0x9e, 0x1e, 0xe9, 0x18, 0xb1, 0xa0, 0x21, 0x02, 0x80, 0x00, 0x02, 
    0x94, 0x05, 0x49, 0x70, 0x5b, 0x36, 0x06, 0x9c, 0x08, 0xf8, 0x0c, 0xb2, 0xc9, 
    0x00, 0x93, 0x29, 0x03, 0x14, 0x00, 0x04, 0x6d, 0xd4, 0x06, 0xf4, 0x38, 0x07, 
    0x07, 0x20, 0x88, 0x49, 0x53, 0x93, 0xe5, 0x70, 0x8d, 0x98, 0x72, 0x90, 0x93, 
    0xda, 0x7c, 0x5b, 0xc7, 0xab, 0x70, 0xd8, 0x84, 0x22, 0x00, 0x85, 0x59, 0xfa, 
    0x56, 0xab, 0x30, 0x77, 0xbc, 0x77, 0x07, 0x35, 0x56, 0x9d, 0x7e, 0x30, 0x07, 
    0xa2, 0x28, 0x01, 0x06, 0xa0, 0x09, 0xba, 0x35, 0x19, 0x3b, 0x50, 0x93, 0xe6, 
    0xf0, 0x18, 0x68, 0x00, 0x29, 0xc7, 0x90, 0xad, 0x41, 0xf8, 0x18, 0x90, 0x30, 
    0x22, 0xd7, 0x97, 0x7d, 0x6e, 0x60, 0x07, 0x32, 0xaa, 0x68, 0x65, 0x37, 0x3d, 
    0xcc, 0xf0, 0x7b, 0xf3, 0xc6, 0x02, 0x32, 0x70, 0x02, 0x40, 0x60, 0x72, 0x96, 
    0xe6, 0x19, 0x2e, 0x05, 0x91, 0x7a, 0x40, 0x27, 0x0b, 0x80, 0x28, 0x77, 0x06, 
    0xa7, 0x63, 0xf2, 0x18, 0x2a, 0xd0, 0x22, 0x75, 0x1a, 0x6e, 0x6f, 0xc0, 0xa9, 
    0x8a, 0xa6, 0x0d, 0x63, 0x70, 0xab, 0x11, 0x13, 0x0b, 0xb3, 0x80, 0x77, 0xc1, 
    0x27, 0x04, 0x88, 0xa0, 0x07, 0xcb, 0x66, 0x00, 0x3b, 0x20, 0x30, 0x20, 0xa0, 
    0x91, 0xff, 0xf1, 0x06, 0xc5, 0xa0, 0x0c, 0xa8, 0x90, 0x09, 0x0c, 0xff, 0x60, 
    0x26, 0xcf, 0xf0, 0x18, 0x42, 0x80, 0x28, 0x25, 0x8a, 0xab, 0x26, 0xf1, 0x18, 
    0xc7, 0x50, 0x23, 0x03, 0xf0, 0x00, 0x39, 0x10, 0x09, 0x53, 0xe0, 0x07, 0xb7, 
    0x15, 0xae, 0x0b, 0x96, 0x08, 0xbc, 0xd0, 0xb0, 0x9e, 0x01, 0x0b, 0xdc, 0x60, 
    0x63, 0x1e, 0xc7, 0x03, 0x96, 0x10, 0x0a, 0x26, 0xc0, 0x85, 0x0d, 0x20, 0x00, 
    0xaa, 0xd8, 0x19, 0x63, 0x87, 0x20, 0x1b, 0x46, 0x26, 0x5e, 0x22, 0x91, 0x8d, 
    0x41, 0x93, 0x7f, 0x32, 0x6d, 0x16, 0xcb, 0x86, 0x8e, 0xf1, 0x31, 0x2d, 0x72, 
    0x62, 0x71, 0xb8, 0x03, 0x2a, 0x08, 0xa1, 0x8a, 0xf6, 0x0b, 0x57, 0x20, 0x0f, 
    0x8e, 0xa0, 0x0b, 0xd6, 0x20, 0x0a, 0xcf, 0x20, 0x0a, 0x9b, 0x70, 0x05, 0x2e, 
    0xf0, 0x65, 0x04, 0x10, 0x75, 0x4c, 0xc0, 0x02, 0x47, 0x00, 0x05, 0x6b, 0xa0, 
    0x52, 0x19, 0x50, 0x2f, 0x32, 0x30, 0x01, 0xce, 0x40, 0x8d, 0x8f, 0x11, 0x0e, 
    0x08, 0xa2, 0x89, 0x8f, 0xc1, 0x7a, 0x4d, 0x12, 0x2f, 0xb1, 0x87, 0x28, 0x1c, 
    0x82, 0xaf, 0x05, 0xf1, 0x18, 0x77, 0xd0, 0x23, 0xfd, 0x8a, 0x03, 0xb6, 0xc7, 
    0x04, 0x79, 0xaa, 0x68, 0xa2, 0x8b, 0x77, 0x09, 0x80, 0x05, 0x4a, 0x20, 0x02, 
    0xb5, 0xb0, 0x05, 0x57, 0x57, 0x00, 0x5a, 0xfb, 0x18, 0xf8, 0xb0, 0x1b, 0x0f, 
    0x20, 0x05, 0x93, 0x41, 0x0e, 0xff, 0x81, 0x1f, 0x94, 0x41, 0x88, 0x4d, 0xd2, 
    0x9f, 0x8e, 0x31, 0x5d, 0x88, 0xd2, 0x55, 0x3e, 0x7b, 0x9c, 0x8d, 0xc1, 0x03, 
    0x45, 0x32, 0xb4, 0x53, 0xc6, 0x05, 0x7e, 0xe0, 0x62, 0xa3, 0x9b, 0xbc, 0x7e, 
    0x8a, 0x05, 0x55, 0x60, 0x03, 0x88, 0xf0, 0x03, 0x38, 0xe0, 0x01, 0x08, 0x40, 
    0xa5, 0x93, 0xd1, 0x25, 0xb0, 0x01, 0x04, 0xbb, 0xd7, 0x18, 0x21, 0x60, 0x1f, 
    0x03, 0x70, 0x0e, 0x3c, 0xd9, 0x8f, 0x5e, 0xff, 0x82, 0x09, 0x8d, 0x71, 0x07, 
    0x10, 0x00, 0x29, 0x65, 0x80, 0xb9, 0x03, 0xf1, 0x18, 0xa8, 0xd0, 0x24, 0x27, 
    0x06, 0x04, 0x28, 0xb8, 0x04, 0x55, 0x80, 0xa5, 0xca, 0x3b, 0xbf, 0xb8, 0x94, 
    0xa3, 0x43, 0x90, 0x04, 0x5c, 0x40, 0x02, 0x38, 0x70, 0x00, 0xd3, 0xeb, 0x0f, 
    0x31, 0xe5, 0x18, 0xd3, 0x70, 0x1c, 0x11, 0x90, 0x40, 0x8e, 0x51, 0x53, 0xf6, 
    0x41, 0x01, 0xbf, 0x70, 0x0c, 0x8e, 0x70, 0xa8, 0x66, 0x72, 0x04, 0x4b, 0x00, 
    0x2a, 0x1f, 0x50, 0x9a, 0x13, 0x31, 0x19, 0x37, 0x5b, 0x24, 0xfd, 0xfa, 0x05, 
    0x24, 0x20, 0x07, 0x96, 0xe0, 0x62, 0x4a, 0x4b, 0xbf, 0x36, 0xa6, 0x00, 0x1a, 
    0x50, 0x01, 0x7e, 0x40, 0x05, 0x1f, 0x70, 0x02, 0x1c, 0xf0, 0x00, 0xcd, 0xe6, 
    0x0f, 0xbe, 0xdb, 0x0f, 0x9f, 0x66, 0x1c, 0x6a, 0x80, 0x79, 0x8f, 0xc1, 0x23, 
    0x57, 0x89, 0x29, 0x07, 0x10, 0x30, 0xbf, 0xfb, 0x11, 0x9d, 0xe6, 0x25, 0xb1, 
    0x95, 0x01, 0x3b, 0x20, 0x02, 0xdd, 0x07, 0x77, 0x1e, 0xac, 0x68, 0x20, 0x5c, 
    0x01, 0x82, 0x40, 0x05, 0x6e, 0x30, 0x02, 0x10, 0xf0, 0x00, 0x6e, 0xe4, 0x0f, 
    0x5b, 0xda, 0x18, 0xd0, 0x04, 0x1d, 0x30, 0x30, 0x83, 0xc1, 0x3b, 0xc3, 0x98, 
    0xf2, 0x83, 0x67, 0xbb, 0x8f, 0x8e, 0x51, 0x0c, 0x1e, 0x46, 0x56, 0x31, 0x10, 
    0x04, 0x54, 0x20, 0x08, 0x1d, 0x00, 0xb7, 0x41, 0xfc, 0x56, 0x48, 0xc5, 0x00, 
    0x13, 0x20, 0x08, 0xa1, 0x70, 0x52, 0x25, 0xc0, 0xae, 0x2d, 0x6a, 0x57, 0xfd, 
    0xd0, 0xa6, 0xd9, 0x31, 0x05, 0x46, 0xda, 0x18, 0x82, 0x40, 0xc5, 0x88, 0x52, 
    0x0d, 0x98, 0x3b, 0x19, 0x76, 0x20, 0x8d, 0x08, 0xc0, 0x01, 0x28, 0x08, 0x68, 
    0x6f, 0xd7, 0xc1, 0x63, 0x8c, 0x4b, 0x7f, 0xcb, 0xbc, 0x7e, 0xa0, 0x05, 0x27, 
    0x75, 0x4f, 0xac, 0xff, 0x0b, 0x1b, 0x4a, 0xf0, 0x18, 0xa2, 0xd0, 0x1e, 0x27, 
    0x40, 0x19, 0x6d, 0x66, 0xc7, 0x6e, 0x62, 0xc5, 0x37, 0x6c, 0x9a, 0xc9, 0xe0, 
    0x66, 0x05, 0x20, 0x01, 0x34, 0xb0, 0x05, 0x81, 0x60, 0x03, 0x04, 0xa6, 0x45, 
    0x83, 0x1c, 0x54, 0xc0, 0x67, 0x01, 0x3d, 0xa0, 0x02, 0x46, 0x9c, 0x01, 0xa4, 
    0xf3, 0x42, 0xbb, 0xb1, 0xc2, 0xc9, 0x37, 0x1e, 0x8e, 0xea, 0x18, 0x8b, 0x50, 
    0x7d, 0x94, 0x6c, 0x25, 0x06, 0xe0, 0xb4, 0x3d, 0xb9, 0xa2, 0x8f, 0x41, 0x67, 
    0x66, 0x72, 0x62, 0x1e, 0xc0, 0x50, 0x73, 0xa0, 0x02, 0x43, 0x80, 0x05, 0x2f, 
    0x36, 0xca, 0xe3, 0xd4, 0x79, 0x1d, 0x80, 0x02, 0x22, 0x30, 0x05, 0x1f, 0xa0, 
    0x4c, 0xf8, 0xa4, 0x73, 0xd0, 0xe9, 0x18, 0xeb, 0xfb, 0x1f, 0xa4, 0xd8, 0x69, 
    0x2d, 0x5a, 0xcb, 0x3d, 0x42, 0x9a, 0xf8, 0x4a, 0x2c, 0x88, 0x32, 0xb4, 0xb2, 
    0x65, 0x02, 0x2b, 0x90, 0x04, 0x3d, 0x60, 0x01, 0x59, 0x24, 0xc8, 0xc9, 0x8b, 
    0x54, 0x17, 0x80, 0x05, 0x43, 0x60, 0x06, 0x7c, 0x10, 0x08, 0x3f, 0x00, 0x07, 
    0x10, 0xf0, 0xcc, 0xbb, 0x91, 0x95, 0x8f, 0x01, 0xc7, 0xff, 0x01, 0x08, 0x93, 
    0x61, 0x0b, 0xd8, 0x5c, 0x24, 0x64, 0xb0, 0xcd, 0x8f, 0x01, 0xa9, 0x77, 0x72, 
    0x7d, 0x0f, 0x00, 0x01, 0x23, 0xa0, 0x06, 0x5c, 0x20, 0x02, 0x28, 0x30, 0x01, 
    0x0c, 0xf0, 0x62, 0xe6, 0xec, 0xb7, 0xe9, 0xd4, 0x01, 0x4c, 0x60, 0x03, 0x72, 
    0x50, 0x03, 0x51, 0x10, 0x03, 0x07, 0xa0, 0xc4, 0xd7, 0xec, 0x0f, 0xdd, 0xf0, 
    0x18, 0xfa, 0xac, 0x21, 0x1a, 0x30, 0x19, 0xc9, 0xb9, 0xcf, 0x23, 0x72, 0x02, 
    0x36, 0x9c, 0xcb, 0x38, 0xec, 0x18, 0x99, 0x0c, 0x29, 0xd7, 0x17, 0x01, 0x10, 
    0x00, 0x07, 0x41, 0x50, 0x0b, 0x7c, 0x20, 0x04, 0x3d, 0xd0, 0x01, 0xeb, 0xff, 
    0xd3, 0xd0, 0x96, 0x85, 0x54, 0x1b, 0x65, 0x01, 0x43, 0x20, 0x08, 0x2c, 0xc0, 
    0xcc, 0x14, 0x80, 0x3f, 0xd3, 0x9b, 0xd1, 0x91, 0xfc, 0x18, 0xd9, 0x32, 0x22, 
    0xc4, 0xda, 0x18, 0x23, 0x20, 0xd2, 0x11, 0xb2, 0x00, 0x4c, 0x79, 0xc5, 0x32, 
    0xe7, 0x18, 0x24, 0xa8, 0xd2, 0x06, 0xf0, 0x00, 0x40, 0x10, 0x03, 0x61, 0xe0, 
    0x06, 0x88, 0xf0, 0x07, 0x82, 0x40, 0x48, 0xeb, 0x23, 0xca, 0x78, 0x87, 0xce, 
    0x0c, 0xc0, 0x03, 0xbe, 0x24, 0x02, 0x93, 0x14, 0x09, 0x2d, 0xc0, 0x01, 0xcf, 
    0x9c, 0xd1, 0xfe, 0x60, 0x0f, 0x8f, 0x31, 0x64, 0x35, 0xe2, 0x9a, 0x38, 0x17, 
    0x6d, 0x4a, 0x3d, 0x1e, 0x40, 0x26, 0xc1, 0x11, 0xe1, 0x80, 0xb1, 0x72, 0x7d, 
    0x08, 0xb0, 0x01, 0x6b, 0x30, 0x02, 0x7a, 0xb0, 0x03, 0x2b, 0x20, 0x02, 0x66, 
    0x30, 0x04, 0x85, 0x74, 0x01, 0x09, 0x80, 0x48, 0x47, 0x95, 0xd8, 0x8a, 0x8d, 
    0x54, 0x1a, 0x95, 0xce, 0x13, 0xd0, 0x03, 0xbf, 0x44, 0x05, 0xa1, 0x03, 0x03, 
    0x18, 0x70, 0xd1, 0xac, 0x6c, 0x1c, 0x91, 0x30, 0x19, 0x27, 0xda, 0x22, 0xa1, 
    0xf9, 0x18, 0xb0, 0xf0, 0xa1, 0x73, 0x2d, 0x1e, 0xad, 0xc0, 0x7c, 0x02, 0xd7, 
    0x18, 0xf1, 0x9a, 0xd7, 0x03, 0x50, 0x00, 0x11, 0x70, 0x00, 0x18, 0x40, 0x01, 
    0x4d, 0xb4, 0x02, 0x4b, 0x20, 0x08, 0x4a, 0x10, 0x3c, 0x54, 0x74, 0x45, 0x17, 
    0x70, 0xdb, 0xb8, 0xad, 0x01, 0x55, 0x64, 0x01, 0x1d, 0x50, 0x05, 0x6f, 0x90, 
    0x04, 0x2c, 0x30, 0x07, 0x3b, 0x10, 0x04, 0x19, 0xf0, 0x05, 0x68, 0x6d, 0x72, 
    0x6a, 0x0d, 0x1b, 0xd3, 0xe4, 0x18, 0xb4, 0x5b, 0x24, 0x15, 0xf8, 0x18, 0xfc, 
    0x15, 0xda, 0xd0, 0x81, 0xc7, 0x76, 0x7d, 0xd7, 0xfd, 0x60, 0x6a, 0xc6, 0xa2, 
    0xd7, 0x12, 0xc0, 0x01, 0x31, 0x90, 0x01, 0x13, 0xff, 0xb4, 0x02, 0x76, 0x60, 
    0x03, 0x7e, 0x60, 0x09, 0x4c, 0xd0, 0x03, 0x55, 0x30, 0x04, 0x15, 0x90, 0xde, 
    0x15, 0x30, 0x04, 0x55, 0xa0, 0x04, 0x6f, 0x60, 0x09, 0x42, 0x00, 0x4c, 0x53, 
    0x20, 0x03, 0x7a, 0x30, 0x46, 0x56, 0xd3, 0x46, 0x3a, 0x67, 0x1c, 0x93, 0x80, 
    0x55, 0xe2, 0x59, 0x24, 0x2c, 0xd5, 0x18, 0x46, 0x20, 0xdd, 0xcf, 0x71, 0xd4, 
    0x97, 0xac, 0x24, 0x20, 0xd0, 0xdf, 0xbf, 0x22, 0x00, 0x7a, 0x2d, 0x3b, 0x5f, 
    0x40, 0x01, 0x4e, 0x60, 0x02, 0x3b, 0x00, 0x3e, 0x5a, 0xc0, 0x07, 0x2c, 0xb0, 
    0x04, 0x22, 0x70, 0xe1, 0x22, 0xb0, 0x04, 0x2c, 0xc0, 0x07, 0x54, 0x30, 0x07, 
    0x59, 0x70, 0x03, 0x6a, 0x10, 0x06, 0x70, 0xd0, 0x49, 0x57, 0x63, 0x00, 0x29, 
    0x0c, 0x1d, 0x43, 0xe4, 0x18, 0x64, 0x6b, 0x25, 0x21, 0x1a, 0x98, 0xc6, 0x32, 
    0x09, 0x0e, 0x20, 0x22, 0x4d, 0x32, 0xb0, 0x05, 0xae, 0x24, 0x95, 0x70, 0x8a, 
    0x53, 0xea, 0x37, 0xb2, 0x43, 0x03, 0x2d, 0x40, 0x01, 0x51, 0xa0, 0x07, 0x24, 
    0x60, 0x02, 0x35, 0x20, 0x03, 0x3b, 0x50, 0xe4, 0x3b, 0x20, 0x03, 0x6e, 0xf0, 
    0x01, 0x24, 0xe0, 0x04, 0x61, 0x30, 0x02, 0x33, 0x50, 0x02, 0x07, 0xc0, 0x46, 
    0x26, 0x9e, 0xdc, 0xbc, 0xa1, 0x2b, 0x13, 0x89, 0xe0, 0x4d, 0x62, 0x05, 0x8f, 
    0x90, 0x0d, 0xf1, 0xb7, 0xdf, 0x8d, 0xa1, 0x05, 0x3d, 0xf2, 0x03, 0x70, 0x56, 
    0xdd, 0x13, 0xb1, 0x08, 0x07, 0xb2, 0x8c, 0x53, 0x6a, 0x00, 0x0d, 0x10, 0x01, 
    0x8d, 0x03, 0x01, 0x90, 0x13, 0x03, 0x38, 0xd0, 0x02, 0x70, 0x70, 0x02, 0x27, 
    0x00, 0x07, 0x2d, 0x30, 0x03, 0x31, 0x80, 0x01, 0x25, 0xc0, 0x01, 0x1e, 0x70, 
    0x35, 0x2f, 0xa4, 0xe0, 0xe3, 0x11, 0x05, 0x93, 0xf1, 0xca, 0x02, 0x7e, 0x1c, 
    0x35, 0xda, 0x18, 0x8f, 0xff, 0x1c, 0x21, 0x10, 0x10, 0x0a, 0x56, 0xb0, 0xdc, 
    0x64, 0x3e, 0x11, 0x88, 0x55, 0x93, 0x53, 0x9a, 0xda, 0x0d, 0x80, 0x00, 0x11, 
    0x20, 0x01, 0x0b, 0xf0, 0x63, 0x1e, 0xb0, 0xe9, 0x1e, 0xb0, 0x01, 0x1b, 0xb0, 
    0x00, 0x11, 0x90, 0x42, 0x05, 0x30, 0xe5, 0xff, 0xe1, 0x89, 0x8e, 0x01, 0x0c, 
    0x85, 0x9e, 0x1d, 0xbe, 0x4b, 0x0c, 0xcf, 0x01, 0x01, 0x2d, 0x10, 0x05, 0x32, 
    0x50, 0x0b, 0x48, 0xd0, 0x03, 0xae, 0x60, 0x0e, 0xc0, 0x40, 0xc0, 0xa4, 0x0d, 
    0x12, 0x94, 0xac, 0xe0, 0x93, 0x3e, 0x00, 0x06, 0x60, 0x00, 0x2e, 0xe4, 0x42, 
    0xbf, 0x0e, 0x43, 0xcd, 0x46, 0xe5, 0xd9, 0xc1, 0x04, 0x93, 0x91, 0x01, 0xa9, 
    0x0e, 0x1d, 0x12, 0xda, 0x18, 0x9e, 0xe0, 0x04, 0x21, 0xe0, 0x0e, 0x90, 0x20, 
    0x05, 0x90, 0x50, 0x0e, 0x8d, 0x20, 0xb2, 0xd4, 0xa4, 0x12, 0x73, 0xcd, 0xeb, 
    0xdc, 0x6e, 0xec, 0xed, 0xb1, 0x01, 0x00, 0xd7, 0x18, 0x9c, 0xb0, 0xec, 0xd0, 
    0xf1, 0x6c, 0x8d, 0xb1, 0x08, 0x3c, 0x49, 0x77, 0x2d, 0x41, 0xee, 0x3d, 0x92, 
    0x6d, 0xfd, 0x10, 0x86, 0xec, 0x7e, 0x1c, 0x21, 0x43, 0x85, 0x2f, 0x11, 0xef, 
    0x23, 0xf2, 0xdc, 0x8e, 0xa1, 0x72, 0xf6, 0x1e, 0x65, 0xe4, 0xaa, 0xee, 0x32, 
    0xb1, 0xef, 0x08, 0x22, 0x08, 0x20, 0x0d, 0xf0, 0xc6, 0x01, 0x00, 0xd9, 0x9e, 
    0x13, 0x04, 0xdf, 0x1e, 0x39, 0x10, 0xa4, 0x8d, 0x51, 0x0e, 0x09, 0xcf, 0x1b, 
    0x05, 0x50, 0x9c, 0x35, 0x8e, 0xf0, 0x0f, 0x9f, 0x1d, 0xa6, 0xde, 0x18, 0x20, 
    0xd0, 0x97, 0x15, 0x0f, 0x1b, 0xee, 0x4e, 0x14, 0x1b, 0xff, 0x1c, 0x6b, 0x96, 
    0xef, 0x1f, 0xef, 0x0f, 0x0f, 0xe0, 0xc6, 0x1e, 0x3f, 0xf2, 0xbb, 0xa1, 0x4f, 
    0x8e, 0xa1, 0x0d, 0x28, 0x0f, 0x0a, 0x8f, 0xce, 0x12, 0x28, 0x0f, 0x1b, 0x1b, 
    0xff, 0xb0, 0xc2, 0xea, 0x80, 0xf2, 0x02, 0x10, 0xee, 0x26, 0xfd, 0x13, 0x31, 
    0xef, 0x0f, 0x8e, 0xe4, 0x2d, 0x31, 0x8f, 0xec, 0xe8, 0xfb, 0x11, 0x31, 0xff, 
    0xd1, 0x8f, 0xe1, 0x2b, 0x28, 0x7f, 0xaf, 0x9b, 0xf2, 0xf2, 0x25, 0x81, 0xf2, 
    0xf3, 0xee, 0x18, 0x0b, 0x8a, 0xf2, 0x0f, 0xd0, 0x08, 0xf0, 0x11, 0x70, 0x3b, 
    0x81, 0xf2, 0x2a, 0xe9, 0x18, 0xfc, 0xb0, 0xf3, 0x08, 0x00, 0xc3, 0x95, 0x01, 
    0x5d, 0x38, 0x31, 0xf2, 0x13, 0xf2, 0x18, 0xb0, 0xba, 0xf3, 0x6c, 0xad, 0x19, 
    0x8d, 0x49, 0xf5, 0x36, 0x31, 0xf2, 0xd5, 0xea, 0x18, 0xf2, 0xb5, 0xf3, 0x6b, 
    0xda, 0x18, 0x27, 0x90, 0x04, 0x8e, 0xb1, 0x0b, 0x9e, 0x8a, 0xf6, 0x33, 0xf1, 
    0xf1, 0xf0, 0xe5, 0x18, 0x88, 0xb7, 0xf3, 0xb0, 0x31, 0xa6, 0x8e, 0xc1, 0x23, 
    0x84, 0x90, 0x0b, 0xf8, 0xe7, 0x0f, 0xd5, 0x5c, 0x86, 0x30, 0xb1, 0xf1, 0x43, 
    0xed, 0x18, 0x4c, 0xc0, 0xf7, 0xd7, 0x9b, 0xe2, 0xfd, 0x50, 0xf3, 0xc7, 0x71, 
    0x03, 0x25, 0x69, 0xf7, 0xf5, 0x5e, 0xf1, 0x7e, 0xe0, 0x29, 0x8c, 0xbf, 0x1b, 
    0xc4, 0xd6, 0x18, 0x29, 0xfd, 0x1c, 0x35, 0x30, 0x08, 0x5c, 0x1f, 0xf4, 0x0b, 
    0xb1, 0xf1, 0x7e, 0xdf, 0x18, 0xbe, 0xc9, 0xf7, 0x33, 0xc0, 0x87, 0x43, 0x2a, 
    0x1e, 0x10, 0x10, 0xcd, 0x4a, 0x7f, 0x11, 0x1f, 0x5f, 0x05, 0x90, 0x30, 0x0c, 
    0xc5, 0x91, 0xf9, 0xfe, 0x00, 0xf4, 0x8d, 0xe1, 0x05, 0xf6, 0x81, 0x08, 0x39, 
    0xfb, 0xfa, 0x15, 0x61, 0xfb, 0x7c, 0x8f, 0xf4, 0xa7, 0x89, 0x20, 0xe3, 0xe0, 
    0xfb, 0x14, 0x01, 0xfc, 0x31, 0xaf, 0xf2, 0xfd, 0xe0, 0x0d, 0x1a, 0xa2, 0x7f, 
    0x13, 0x4f, 0x12, 0xc8, 0x8f, 0xf2, 0xb2, 0xeb, 0xf4, 0x1a, 0x52, 0xfc, 0x4e, 
    0xdd, 0x11, 0xd1, 0xff, 0xf1, 0x2e, 0xef, 0x18, 0x69, 0xff, 0x20, 0x01, 0x1a, 
    0x22, 0xad, 0xcf, 0x3f, 0x12, 0xd9, 0x5f, 0xf1, 0x3e, 0x30, 0x19, 0x51, 0xaa, 
    0x21, 0x90, 0x7b, 0xf8, 0xe3, 0x4f, 0xf0, 0x05, 0xc0, 0xaa, 0x48, 0xaa, 0x21, 
    0x15, 0x20, 0xfa, 0x08, 0xb1, 0xfe, 0x04, 0x5f, 0x94, 0x8f, 0x31, 0x4a, 0x23, 
    0x72, 0xb9, 0xe1, 0x2f, 0x12, 0xf4, 0xbf, 0xef, 0xf6, 0xef, 0x18, 0x87, 0xd2, 
    0x22, 0x0b, 0xb0, 0x7b, 0xea, 0xdf, 0xff, 0xe4, 0x8e, 0xad, 0x8e, 0x31, 0x0f, 
    0x45, 0xe2, 0x53, 0xfb, 0x1f, 0x12, 0xfd, 0xcf, 0xee, 0xbf, 0x51, 0x5a, 0x45, 
    0xa2, 0x06, 0xf2, 0x7f, 0x10, 0xfd, 0x4f, 0xee, 0x4d, 0xdc, 0x18, 0xe0, 0x80, 
    0xe5, 0x1a, 0xa2, 0xfc, 0xea, 0xdf, 0xff, 0x85, 0x9e, 0x0b, 0x93, 0x21, 0x0d, 
    0xd6, 0x5b, 0x23, 0x82, 0x2e, 0xff, 0x06, 0xd1, 0xff, 0xa9, 0x9e, 0x03, 0x4f, 
    0xa6, 0xb6, 0x45, 0x62, 0x70, 0xf2, 0x6f, 0x10, 0xfd, 0x9f, 0xea, 0x0b, 0x60, 
    0x68, 0xc2, 0xf0, 0x99, 0x56, 0x12, 0xf2, 0x39, 0x9f, 0x12, 0xfd, 0xbf, 0xec, 
    0x2c, 0xc0, 0x08, 0xc2, 0xb0, 0x09, 0x2c, 0xd2, 0x24, 0xdb, 0x7f, 0xfd, 0x1c, 
    0xd1, 0xff, 0xec, 0xee, 0xfd, 0x5e, 0xe2, 0x9d, 0xc6, 0x3f, 0x11, 0xfd, 0x4f, 
    0xff, 0x25, 0x10, 0x0d, 0xb9, 0xbe, 0xf4, 0xfd, 0x9f, 0xfd, 0x3f, 0x10, 0x0e, 
    0xe4, 0x65, 0xfc, 0xbf, 0xdf, 0xff, 0xc8, 0x9f, 0x05, 0x04, 0x7e, 0xfd, 0x42, 
    0xdf, 0xff, 0xb6, 0x3f, 0x09, 0x96, 0x9c, 0xeb, 0x28, 0xd1, 0xff, 0x8c, 0x8f, 
    0x08, 0xab, 0xc0, 0x64, 0x94, 0xaf, 0xfe, 0xfd, 0x1f, 0xf3, 0xdb, 0xe9, 0xf5, 
    0x77, 0xdf, 0xff, 0x3b, 0x8f, 0xeb, 0xc6, 0xcf, 0x11, 0xfd, 0xbf, 0xf1, 0x4d, 
    0xb0, 0x0a, 0x8f, 0xe0, 0x0c, 0x0f, 0x50, 0x7f, 0xf2, 0x3f, 0x11, 0xfd, 0x4f, 
    0xf0, 0x39, 0x30, 0x09, 0x97, 0xff, 0x90, 0xbd, 0xb1, 0xa0, 0x30, 0xfb, 0x5f, 
    0xf9, 0xfd, 0x1f, 0xef, 0xef, 0x45, 0x5e, 0x86, 0xef, 0x13, 0xfd, 0x6f, 0xef, 
    0x15, 0xd0, 0xd4, 0x86, 0xef, 0x13, 0xfd, 0xcf, 0xee, 0x37, 0x60, 0xc9, 0x94, 
    0x0f, 0x14, 0xfd, 0x4f, 0xee, 0xee, 0x1a, 0x67, 0x47, 0xd1, 0xff, 0xcb, 0xee, 
    0xe8, 0xc6, 0xef, 0x12, 0xfd, 0x5f, 0xe8, 0x4d, 0x70, 0x9e, 0xf2, 0x0f, 0xfd, 
    0xfd, 0x1f, 0xda, 0x5f, 0x90, 0xf7, 0xc6, 0xff, 0xef, 0xfd, 0xaf, 0xd4, 0x31, 
    0xe0, 0x0a, 0xce, 0x9a, 0xeb, 0x27, 0xdf, 0xff, 0xfb, 0xac, 0x02, 0x8e, 0x6f, 
    0xfc, 0x34, 0xd1, 0xff, 0x22, 0x9d, 0xa2, 0x86, 0xcf, 0x14, 0xfd, 0x8f, 0xcd, 
    0x9c, 0xb0, 0x35, 0x86, 0xef, 0x14, 0xfd, 0x4f, 0xc9, 0x13, 0xc0, 0xa1, 0xc6, 
    0x4f, 0xf1, 0xfd, 0x7f, 0x95, 0x14, 0x50, 0xf6, 0xb9, 0xce, 0x14, 0xfd, 0x7f, 
    0x95, 0x12, 0xf0, 0x01, 0x6e, 0x2c, 0xff, 0xea, 0xdf, 0xff, 0xee, 0xd8, 0x03, 
    0x38, 0x2f, 0xff, 0xff, 0xde, 0xff, 0xee, 0x18, 0xb1, 0x86, 0x7f, 0x15, 0xfd, 
    0x0f, 0x91, 0x57, 0x2f, 0xff, 0x69, 0xdf, 0xff, 0xcb, 0x18, 0xc1, 0xf2, 0xff, 
    0xf5, 0xfd, 0xbf, 0x8c, 0x96, 0x9c, 0xf3, 0x5b, 0xd1, 0xff, 0xcb, 0x28, 0xf0, 
    0xf2, 0x4f, 0xf1, 0xfd, 0x5f, 0x88, 0x9c, 0x79, 0xfd, 0x4f, 0xd1, 0xff, 0xa7, 
    0x18, 0xf6, 0xd7, 0xff, 0x14, 0xfd, 0x5f, 0x88, 0x0f, 0xe0, 0xac, 0xd7, 0x0f, 
    0x15, 0xfd, 0x5f, 0x88, 0xe0, 0xbf, 0xff, 0x55, 0xd1, 0xff, 0x62, 0x58, 0xfa, 
    0xfb, 0x6f, 0x15, 0xfd, 0x2f, 0x86, 0x0f, 0x23, 0xff, 0x3c, 0xd1, 0xff, 0x18, 
    0x08, 0x8c, 0xd7, 0x2f, 0x15, 0xfd, 0x1f, 0xa0, 0xc6, 0xaf, 0x14, 0xfd, 0x1f, 
    0x7f, 0xcc, 0x60, 0xfc, 0x4a, 0xd1, 0xff, 0xc6, 0xb2, 0x9d, 0xf2, 0xaf, 0xf3, 
    0xfd, 0x2e, 0x8f, 0x2b, 0x11, 0x90, 0xeb, 0x5c, 0xd1, 0xff, 0xbf, 0xb2, 0x2a, 
    0xd7, 0x5f, 0x15, 0xfd, 0x8f, 0x2b, 0x8a, 0x22, 0xff, 0x41, 0xd1, 0xff, 0xb8, 
    0x02, 0x0b, 0xc6, 0xdf, 0x14, 0xfd, 0x1f, 0x2b, 0x54, 0x79, 0xfd, 0x57, 0xd1, 
    0xff, 0xa9, 0x32, 0x03, 0xb8, 0xcc, 0x16, 0x01, 0x01, 0x00, 0x21, 0xf9, 0x04, 
    0x09, 0x08, 0x00, 0xff, 0x00, 0x2c, 0x00, 0x00, 0x00, 0x00, 0xf0, 0x00, 0xf0, 
    0x00, 0x00, 0x08, 0xff, 0x00, 0xff, 0x09, 0x1c, 0x48, 0xb0, 0xa0, 0xc1, 0x83, 
    0x08, 0x13, 0x2a, 0x5c, 0xc8, 0xb0, 0xa1, 0xc3, 0x87, 0x10, 0x23, 0x4a, 0x9c, 
    0x48, 0xb1, 0xa2, 0xc5, 0x8b, 0x18, 0x33, 0x6a, 0xdc, 0xc8, 0xb1, 0xa3, 0xc7, 
    0x8f, 0x20, 0x43, 0x8a, 0x1c, 0x49, 0xb2, 0xa4, 0xc9, 0x93, 0x28, 0x53, 0xaa, 
    0x5c, 0xc9, 0xb2, 0xa5, 0xcb, 0x97, 0x30, 0x63, 0xca, 0x9c, 0x49, 0xb3, 0xa6, 
    0xcd, 0x9b, 0x38, 0x73, 0xea, 0xdc, 0xc9, 0xb3, 0xa7, 0xcf, 0x9f, 0x40, 0x83, 
    0x0a, 0x1d, 0x4a, 0xb4, 0xa8, 0xd1, 0xa3, 0x48, 0x93, 0x2a, 0x5d, 0xca, 0xb4, 
    0xa9, 0xd3, 0xa7, 0x50, 0xa3, 0x4a, 0x9d, 0x4a, 0xb5, 0xaa, 0xd5, 0xab, 0x58, 
    0xb3, 0x6a, 0xdd, 0xca, 0xb5, 0xab, 0xd7, 0xaf, 0x60, 0xc3, 0x8a, 0x1d, 0x4b, 
    0xb6, 0xac, 0xd9, 0xb3, 0x68, 0xd3, 0xaa, 0x5d, 0xcb, 0xb6, 0xad, 0xdb, 0xb7, 
    0x70, 0xe3, 0xca, 0x9d, 0x4b, 0xb7, 0xae, 0xdd, 0xbb, 0x78, 0xf3, 0xea, 0xdd, 
    0xcb, 0xb7, 0xaf, 0xdf, 0xbf, 0x80, 0x03, 0x0b, 0x1e, 0x4c, 0xb8, 0xb0, 0xe1, 
    0xc3, 0x88, 0x13, 0x2b, 0x5e, 0xcc, 0xb8, 0xb1, 0xe3, 0xc7, 0x90, 0x23, 0x4b, 
    0x9e, 0x4c, 0xb9, 0xb2, 0xe5, 0xcb, 0x98, 0x33, 0x6b, 0xde, 0xcc, 0xb9, 0xf3, 
    0xe5, 0x7e, 0xa0, 0x43, 0x83, 0xf6, 0x8c, 0x54, 0xb4, 0xe9, 0xd0, 0xa4, 0x89, 
    0x9e, 0x5e, 0x3d, 0x3a, 0xf5, 0x4f, 0xd6, 0xb0, 0x5d, 0xf7, 0x3c, 0x2d, 0xa6, 
    0x82, 0x09, 0x33, 0xe1, 0x4a, 0xb1, 0x96, 0x9d, 0xf3, 0x74, 0x26, 0x38, 0xfe, 
    0x82, 0xfb, 0x6b, 0x80, 0x82, 0xd9, 0x6a, 0xde, 0x36, 0x4f, 0x5b, 0x10, 0xce, 
    0x3c, 0x78, 0x16, 0x23, 0xa6, 0x91, 0xd3, 0x3c, 0xcd, 0xa5, 0xb9, 0x75, 0x13, 
    0xe5, 0xa2, 0x4b, 0x7f, 0xb9, 0x5a, 0x83, 0xf5, 0xef, 0x10, 0x9e, 0x68, 0xff, 
    0xdf, 0x9e, 0x12, 0x76, 0xa1, 0xef, 0xe8, 0xe5, 0x8c, 0x27, 0x5f, 0x12, 0x76, 
    0x3f, 0x47, 0xe8, 0xe3, 0x77, 0x13, 0xcd, 0xbe, 0x3d, 0xec, 0x72, 0x71, 0xe2, 
    0xc7, 0xaf, 0xb1, 0xbe, 0xbe, 0x47, 0xd8, 0xfb, 0x2c, 0xa1, 0xdf, 0x80, 0xc2, 
    0xd0, 0xe7, 0xdf, 0x47, 0xab, 0x79, 0x43, 0x87, 0x16, 0x03, 0x36, 0x48, 0x49, 
    0x7f, 0x07, 0x62, 0x74, 0x9a, 0x2f, 0x82, 0x34, 0x68, 0xa1, 0x3f, 0x03, 0x10, 
    0x61, 0x60, 0x84, 0x19, 0x99, 0x46, 0x04, 0x34, 0x17, 0x86, 0x18, 0xcd, 0x86, 
    0x1c, 0x5a, 0x64, 0x5a, 0x1a, 0x27, 0x84, 0x18, 0xe2, 0x08, 0x10, 0x96, 0x18, 
    0x91, 0x69, 0x28, 0xa8, 0xa8, 0xa2, 0x3d, 0x2d, 0xba, 0xd8, 0x90, 0x69, 0xe7, 
    0xc9, 0x18, 0x62, 0x06, 0x35, 0xda, 0xa8, 0x90, 0x69, 0x8d, 0xe8, 0x28, 0x63, 
    0x26, 0x24, 0xfa, 0x78, 0xa3, 0x68, 0x3d, 0x08, 0xa9, 0xa2, 0x09, 0x3d, 0x1a, 
    0x59, 0x90, 0x69, 0xba, 0x28, 0x29, 0xa3, 0x24, 0x45, 0x3a, 0x89, 0x90, 0x69, 
    0x1e, 0x48, 0xa9, 0x62, 0x20, 0x4d, 0x5a, 0x69, 0xda, 0x2f, 0x5a, 0xca, 0x08, 
    0x4e, 0x95, 0x56, 0x12, 0x24, 0xda, 0x21, 0x61, 0xca, 0x78, 0x07, 0x99, 0x65, 
    0xfe, 0x63, 0xda, 0x11, 0x69, 0xaa, 0x08, 0x0b, 0x9b, 0x5e, 0x8a, 0x66, 0x4d, 
    0x9c, 0x2a, 0x4a, 0x41, 0xa7, 0x91, 0xa7, 0x91, 0x80, 0x67, 0x88, 0xd4, 0xec, 
    0xe9, 0xa3, 0x69, 0xde, 0xfd, 0x79, 0xe1, 0x25, 0x82, 0xba, 0x68, 0x9a, 0x2f, 
    0x86, 0x86, 0x58, 0x41, 0xa2, 0x1c, 0x9a, 0x56, 0xc7, 0x06, 0x8d, 0x5e, 0xc8, 
    0x1f, 0x6a, 0x6d, 0x0a, 0x64, 0x5a, 0x0d, 0x95, 0x5e, 0x18, 0x45, 0x97, 0x11, 
    0x9a, 0x86, 0x49, 0xa7, 0x17, 0x1e, 0xb0, 0x07, 0xa4, 0xfe, 0x89, 0x26, 0x09, 
    0xa9, 0x21, 0xb6, 0x82, 0x2a, 0x7b, 0xa6, 0x6d, 0xff, 0xc1, 0xea, 0x85, 0xc1, 
    0xbc, 0x4a, 0x9e, 0x68, 0xa6, 0xcc, 0x7a, 0x61, 0x12, 0xa0, 0xd6, 0x27, 0x5a, 
    0x22, 0xba, 0x5a, 0xb8, 0x00, 0x08, 0xb6, 0x4a, 0x27, 0x9a, 0x0a, 0xc1, 0x5a, 
    0x48, 0x24, 0xa6, 0x4e, 0x8a, 0x26, 0x4b, 0xb2, 0x0d, 0x52, 0xd1, 0xeb, 0xad, 
    0xa2, 0x99, 0x01, 0xed, 0x80, 0x90, 0x14, 0xcb, 0xdb, 0x69, 0x30, 0x5c, 0x1b, 
    0xdf, 0x01, 0xe8, 0x30, 0xcb, 0xa7, 0x68, 0xdf, 0x78, 0x1b, 0x5f, 0x03, 0xd7, 
    0x18, 0x93, 0xa9, 0x68, 0xd5, 0x98, 0xab, 0xdf, 0x16, 0xaf, 0x9c, 0x66, 0xa3, 
    0x68, 0xe8, 0xb8, 0xdb, 0x9c, 0x00, 0x56, 0x60, 0xd3, 0x86, 0x7b, 0x25, 0x9a, 
    0xe6, 0x82, 0xbd, 0xc2, 0x5d, 0xe1, 0xde, 0xc0, 0xd4, 0x86, 0x16, 0x05, 0xc0, 
    0xfe, 0xa4, 0x30, 0xf0, 0xc2, 0xc6, 0x8a, 0xc6, 0x0e, 0xc2, 0xf1, 0x9a, 0xc6, 
    0x4f, 0x3d, 0xe6, 0xac, 0xb9, 0x70, 0x6b, 0xb2, 0x99, 0x66, 0x4f, 0x0b, 0xf6, 
    0x7a, 0x40, 0x4f, 0x33, 0xa2, 0x9c, 0xc2, 0x83, 0x1a, 0x03, 0x08, 0x57, 0x88, 
    0x34, 0x17, 0x63, 0x9c, 0x1a, 0x90, 0x2c, 0x58, 0x28, 0x40, 0x16, 0x2e, 0xec, 
    0xb2, 0x8b, 0x80, 0xb3, 0x1e, 0x30, 0xc4, 0x35, 0xa7, 0xe4, 0x12, 0x47, 0x00, 
    0xb4, 0xc4, 0xe6, 0xda, 0x6a, 0x1d, 0xc4, 0xf7, 0x85, 0x26, 0xef, 0xb0, 0x63, 
    0xda, 0x0f, 0xee, 0x46, 0xa1, 0x0d, 0x23, 0xbb, 0xad, 0x6c, 0x9a, 0x11, 0xc2, 
    0x15, 0x60, 0xc2, 0x1f, 0x54, 0x7c, 0x50, 0x86, 0x86, 0xab, 0x5d, 0x83, 0xf0, 
    0x05, 0x86, 0x1c, 0xe7, 0x74, 0x68, 0xb7, 0x98, 0x60, 0x09, 0x1d, 0xb1, 0xa4, 
    0x8c, 0x04, 0xc2, 0xfe, 0x00, 0x21, 0x8f, 0xd7, 0x93, 0x89, 0x6b, 0x50, 0x68, 
    0xe2, 0xa5, 0xdc, 0x0f, 0x2c, 0x17, 0xa0, 0x2d, 0x5c, 0x10, 0x73, 0x4e, 0xfb, 
    0x97, 0xdc, 0xcc, 0xca, 0xff, 0x2d, 0x85, 0x2d, 0x9a, 0x98, 0x60, 0xb7, 0x75, 
    0x95, 0xe8, 0xbd, 0x17, 0xdf, 0x88, 0xdb, 0xb9, 0xc3, 0xe0, 0xfa, 0xf5, 0x01, 
    0x1a, 0x08, 0x8a, 0x25, 0x3e, 0x70, 0x0a, 0x62, 0xc0, 0x22, 0x0e, 0x39, 0x83, 
    0xe4, 0x43, 0x8a, 0x15, 0x8c, 0x37, 0x28, 0x43, 0x2a, 0x82, 0x1f, 0x26, 0xf9, 
    0xc2, 0x3a, 0xc4, 0xd0, 0x79, 0x98, 0x03, 0x69, 0xcb, 0xd6, 0x6a, 0x60, 0xdc, 
    0xe1, 0x48, 0x36, 0xe3, 0x90, 0xc3, 0x84, 0x0f, 0x4d, 0xc8, 0x61, 0xc1, 0x2a, 
    0xd5, 0x88, 0x22, 0xca, 0x33, 0xde, 0x20, 0xb3, 0x1a, 0x08, 0x39, 0x9e, 0x2e, 
    0x65, 0x18, 0x4d, 0xe3, 0x75, 0xda, 0x22, 0x56, 0x40, 0xa0, 0x62, 0x0b, 0x36, 
    0x24, 0xf2, 0xc8, 0x69, 0x63, 0x84, 0x21, 0xbc, 0x92, 0x9f, 0x16, 0x5f, 0xd7, 
    0x84, 0xd2, 0x4b, 0x69, 0xc3, 0x18, 0xa6, 0xdd, 0x92, 0xc1, 0xf4, 0x3a, 0x22, 
    0x20, 0x8a, 0xcf, 0x74, 0x9d, 0xc6, 0x09, 0x9e, 0xc3, 0xe0, 0x08, 0xbe, 0x90, 
    0x80, 0xd4, 0xa3, 0x0c, 0xdb, 0x71, 0x9d, 0x36, 0xca, 0x9f, 0x10, 0x1c, 0x22, 
    0xda, 0x10, 0xeb, 0x4b, 0xf9, 0xc1, 0x37, 0x86, 0x9b, 0x08, 0xbf, 0x50, 0xa6, 
    0xe1, 0x43, 0xa5, 0x08, 0x80, 0x87, 0x3c, 0xc4, 0x23, 0x7f, 0x61, 0x32, 0x47, 
    0xff, 0x20, 0x92, 0xb2, 0xa1, 0x98, 0xe6, 0x12, 0xac, 0x32, 0x00, 0x02, 0xc3, 
    0x84, 0x00, 0x30, 0x2c, 0xf0, 0x48, 0x0d, 0x04, 0x8a, 0x69, 0x80, 0x91, 0xac, 
    0x37, 0xac, 0x60, 0x82, 0x42, 0xe2, 0x95, 0xbc, 0x34, 0x22, 0x39, 0x0d, 0x8a, 
    0x26, 0x12, 0xba, 0x6a, 0x80, 0x2d, 0x40, 0x83, 0x0b, 0x10, 0xea, 0xa8, 0x67, 
    0xff, 0x93, 0x08, 0x6c, 0x8a, 0xe0, 0x8e, 0x76, 0xe0, 0x83, 0x00, 0x04, 0x58, 
    0x96, 0xea, 0x56, 0x62, 0x1a, 0x71, 0x04, 0xcb, 0x15, 0xa2, 0xb9, 0x81, 0x0b, 
    0xff, 0x65, 0x54, 0xb8, 0x18, 0x3a, 0x04, 0x36, 0xaf, 0x10, 0x41, 0x96, 0x9a, 
    0x73, 0x84, 0x3a, 0x5c, 0x50, 0x25, 0xa2, 0x69, 0x83, 0xf2, 0x74, 0xe5, 0x0c, 
    0xd1, 0x1c, 0x63, 0x88, 0x32, 0x1a, 0x85, 0x9e, 0x46, 0xf8, 0x10, 0xd8, 0x50, 
    0x43, 0x0d, 0xfa, 0x61, 0xd2, 0x13, 0x4f, 0x62, 0x9a, 0xb3, 0x05, 0x2b, 0x0b, 
    0x51, 0x2c, 0x40, 0x9c, 0xb2, 0x81, 0x87, 0x5c, 0x9c, 0x4e, 0x09, 0x78, 0xe0, 
    0xe2, 0x41, 0x2e, 0xd6, 0x86, 0x37, 0x58, 0x48, 0x84, 0x6e, 0xab, 0x89, 0x69, 
    0x5a, 0x71, 0xad, 0xf9, 0x84, 0x06, 0x0a, 0x69, 0x3a, 0x43, 0x68, 0xda, 0xd5, 
    0x39, 0x03, 0x44, 0xac, 0x4a, 0x29, 0x63, 0x83, 0x3e, 0x70, 0x10, 0xa2, 0x5f, 
    0x8c, 0x91, 0x24, 0xa6, 0xf9, 0x1e, 0xb4, 0x84, 0x20, 0x1a, 0x4e, 0x85, 0x49, 
    0x1d, 0xa2, 0xa1, 0x85, 0xf0, 0x70, 0x31, 0x42, 0xb9, 0xf9, 0xa2, 0x07, 0x08, 
    0xd0, 0x91, 0xef, 0xf2, 0x28, 0x13, 0xd3, 0x50, 0xc2, 0x5b, 0x28, 0x10, 0xcd, 
    0x14, 0xd2, 0x04, 0x44, 0xd1, 0x54, 0x40, 0x78, 0x7e, 0x44, 0x9c, 0x21, 0x8a, 
    0x81, 0x2c, 0x25, 0xad, 0xe2, 0x91, 0x21, 0x11, 0x8d, 0x27, 0xcc, 0xc5, 0x02, 
    0xd1, 0x08, 0x21, 0x4d, 0x05, 0x08, 0x57, 0x68, 0xd0, 0x30, 0xbd, 0x53, 0xc8, 
    0xad, 0x14, 0xce, 0xb0, 0x41, 0x03, 0xc2, 0x74, 0x02, 0x62, 0x91, 0x92, 0x3b, 
    0xa2, 0xe9, 0x86, 0xb9, 0x6a, 0x21, 0x1a, 0x32, 0xc4, 0x09, 0x02, 0xeb, 0x00, 
    0x8d, 0x28, 0x38, 0x00, 0x3e, 0xac, 0x9d, 0x86, 0x08, 0xbe, 0xb8, 0x84, 0x19, 
    0x4c, 0x10, 0x86, 0x65, 0xc6, 0xa9, 0x00, 0x9e, 0xd8, 0xa1, 0x48, 0x4c, 0xd3, 
    0x2d, 0x6f, 0x41, 0x41, 0x34, 0x95, 0xf8, 0x53, 0x16, 0x5a, 0x66, 0xa1, 0x0a, 
    0xc0, 0xa2, 0x19, 0x84, 0x80, 0xd6, 0x1b, 0x4e, 0x73, 0xff, 0x08, 0x42, 0x7c, 
    0x81, 0x54, 0x10, 0xd0, 0x81, 0x3a, 0x73, 0x19, 0x1a, 0x6c, 0xb8, 0xeb, 0x04, 
    0xa2, 0xc9, 0x86, 0xbb, 0x82, 0x60, 0xa7, 0x24, 0x05, 0x8b, 0x7b, 0xa1, 0x39, 
    0x83, 0xae, 0x7e, 0x80, 0x4b, 0x04, 0x85, 0xa6, 0x50, 0xde, 0xfa, 0x80, 0x68, 
    0xce, 0x67, 0x2e, 0x4d, 0x9c, 0x46, 0x12, 0xdc, 0x9c, 0x55, 0x28, 0x44, 0xe3, 
    0xc6, 0x59, 0xa9, 0xa0, 0xa2, 0x1d, 0x11, 0x4d, 0x1a, 0x4a, 0xe0, 0xae, 0x5a, 
    0x85, 0xa6, 0x3a, 0xbc, 0x5c, 0x0d, 0x3e, 0x74, 0x65, 0x00, 0x45, 0x88, 0xe6, 
    0x9f, 0xac, 0x6a, 0xa5, 0xca, 0x4a, 0x19, 0x1a, 0x48, 0xb8, 0x8b, 0x10, 0xa2, 
    0x51, 0x84, 0x00, 0xdc, 0x35, 0x00, 0x57, 0x99, 0xc6, 0x1d, 0xc1, 0x32, 0xc6, 
    0x4d, 0x67, 0x45, 0x8f, 0x81, 0x82, 0x44, 0x34, 0x57, 0x30, 0x97, 0x19, 0x4c, 
    0x93, 0x09, 0x80, 0xed, 0xe2, 0x34, 0x0e, 0x08, 0x96, 0x07, 0x20, 0x3a, 0x08, 
    0x5d, 0xc5, 0xf1, 0x99, 0x2d, 0x31, 0x8d, 0x1d, 0xbc, 0x85, 0x28, 0xd1, 0x20, 
    0x63, 0x06, 0xf6, 0x52, 0xc3, 0x69, 0x66, 0xaa, 0xcf, 0x0f, 0xce, 0x8a, 0x03, 
    0xde, 0xec, 0x87, 0x1e, 0x43, 0x03, 0x8f, 0x59, 0xd1, 0xc0, 0x09, 0x32, 0x98, 
    0xc3, 0x04, 0x0a, 0xf1, 0x55, 0xd1, 0xc8, 0x01, 0x60, 0x34, 0x0a, 0xcd, 0x36, 
    0x00, 0x89, 0xc5, 0x0b, 0xe1, 0x00, 0x3a, 0x60, 0x65, 0x89, 0x68, 0xba, 0x1a, 
    0xa7, 0x05, 0xc0, 0xa0, 0x09, 0x66, 0x20, 0x84, 0x31, 0xd2, 0x21, 0x05, 0x9b, 
    0xba, 0xa7, 0x42, 0x71, 0xea, 0xc2, 0x23, 0xe4, 0x91, 0x8a, 0x04, 0xf4, 0x40, 
    0x06, 0x68, 0x8d, 0xcf, 0x0b, 0xcc, 0x5a, 0x58, 0x15, 0x7d, 0x61, 0x11, 0x4e, 
    0xfd, 0x4f, 0x68, 0x84, 0x18, 0x26, 0x34, 0xb4, 0xc2, 0x89, 0x7c, 0x7b, 0xc2, 
    0x1f, 0xf0, 0x54, 0x85, 0xd5, 0xff, 0x2c, 0x02, 0x1d, 0xf6, 0x48, 0xc7, 0x2c, 
    0xd0, 0xa0, 0x04, 0x2e, 0xfc, 0x00, 0x02, 0x18, 0x30, 0x4d, 0x17, 0x4a, 0x1b, 
    0x22, 0x1c, 0x28, 0x2c, 0xb1, 0x50, 0x0c, 0x4d, 0x11, 0xd2, 0x14, 0x0e, 0xc9, 
    0x6d, 0x82, 0xb0, 0x71, 0xd2, 0xe1, 0xc5, 0x1a, 0x51, 0x04, 0xd1, 0x30, 0x8a, 
    0xb8, 0x17, 0xda, 0x02, 0x4a, 0x37, 0x22, 0x9a, 0x67, 0xa4, 0x49, 0x0c, 0x72, 
    0x43, 0x06, 0x3b, 0x48, 0x81, 0x51, 0x3c, 0x31, 0x60, 0x74, 0xfd, 0x20, 0x82, 
    0x13, 0xb0, 0x7b, 0x21, 0x25, 0xa4, 0x36, 0xa5, 0x82, 0x4d, 0x13, 0x39, 0x60, 
    0x63, 0x08, 0x5d, 0xa8, 0x02, 0x14, 0x13, 0xe0, 0x02, 0x23, 0x49, 0x65, 0x85, 
    0xae, 0x25, 0xee, 0x0e, 0xec, 0xbd, 0xd0, 0x31, 0xde, 0xcb, 0x11, 0xd1, 0xcc, 
    0x2f, 0x4d, 0x2e, 0x58, 0xc6, 0x23, 0xe6, 0x91, 0x8b, 0x17, 0x58, 0x20, 0x14, 
    0x4e, 0x08, 0xe5, 0xb5, 0x22, 0x60, 0x87, 0x0a, 0x60, 0x01, 0x13, 0xb9, 0xd8, 
    0xc5, 0x33, 0x92, 0x91, 0x87, 0xea, 0xb2, 0x66, 0x0f, 0x59, 0xb0, 0x5b, 0x18, 
    0x58, 0x6b, 0x28, 0x1a, 0x38, 0x73, 0xa7, 0xd0, 0x0c, 0x4d, 0x10, 0x02, 0x2c, 
    0xa3, 0x0d, 0x84, 0x61, 0x0e, 0x04, 0x28, 0xc4, 0x26, 0x4c, 0xb3, 0x87, 0x35, 
    0x84, 0x68, 0x03, 0x92, 0xc4, 0xd3, 0x54, 0xfb, 0x81, 0x0e, 0x1f, 0x18, 0x6a, 
    0xc7, 0xc8, 0x2d, 0x4f, 0x68, 0x90, 0xca, 0x62, 0x2d, 0x99, 0x20, 0x0d, 0xd6, 
    0xbd, 0x10, 0x2e, 0x0a, 0x64, 0x0a, 0x73, 0x84, 0x22, 0x4d, 0x03, 0x80, 0x6d, 
    0x3f, 0x1a, 0x21, 0xe1, 0x38, 0x01, 0x35, 0xc8, 0x42, 0x06, 0x0d, 0x88, 0x8a, 
    0xac, 0xa5, 0x25, 0x98, 0xa6, 0x17, 0x0d, 0xd2, 0xa8, 0x69, 0xdc, 0x2a, 0xa5, 
    0x01, 0xec, 0x2b, 0x34, 0x8c, 0x8d, 0x93, 0x2a, 0x08, 0xcc, 0xdd, 0xd0, 0x04, 
    0x8f, 0xff, 0xcb, 0x4a, 0x5a, 0xb3, 0x68, 0xb2, 0xaa, 0x9f, 0x29, 0x9c, 0x06, 
    0xcc, 0x61, 0x22, 0xc0, 0x99, 0xfe, 0x64, 0x3f, 0x2c, 0xa3, 0x44, 0x34, 0x82, 
    0x83, 0xb3, 0x96, 0xdc, 0xf1, 0x26, 0xfd, 0x14, 0x40, 0x17, 0xa6, 0x09, 0x5a, 
    0x9a, 0xb2, 0x05, 0x1a, 0x36, 0xe0, 0x09, 0xa1, 0x6c, 0xe6, 0x48, 0x30, 0xe8, 
    0x29, 0x68, 0x29, 0x01, 0x01, 0x15, 0xa2, 0x89, 0xc5, 0x03, 0x06, 0x84, 0x06, 
    0x5a, 0x1c, 0x82, 0x11, 0xb3, 0xc0, 0xd3, 0x16, 0xfb, 0x41, 0x0c, 0x3c, 0x35, 
    0xd7, 0xcf, 0x26, 0x01, 0x0d, 0x18, 0x2a, 0x8d, 0x27, 0x1a, 0x98, 0x66, 0x1d, 
    0xe6, 0x3a, 0x6c, 0x68, 0xa2, 0x94, 0x26, 0x86, 0x46, 0xfa, 0x22, 0x24, 0x65, 
    0x75, 0x9c, 0x2e, 0x60, 0x1a, 0x11, 0x78, 0x6b, 0x05, 0xa2, 0x79, 0x41, 0x9c, 
    0x10, 0x7d, 0xeb, 0x8a, 0x98, 0x46, 0x1a, 0xba, 0x8e, 0x53, 0x2e, 0x4c, 0xe3, 
    0x86, 0x6b, 0xed, 0x33, 0x34, 0x81, 0x48, 0x13, 0x8f, 0x8a, 0x4d, 0x91, 0xd3, 
    0x7c, 0x22, 0xd9, 0x69, 0x6a, 0xc0, 0xa9, 0x42, 0x63, 0x08, 0x09, 0x26, 0x4b, 
    0x04, 0xa2, 0xf1, 0x43, 0x9a, 0xae, 0xb1, 0x5d, 0x5c, 0x9b, 0x86, 0x0e, 0xd8, 
    0x8e, 0x13, 0x97, 0x44, 0x33, 0x0c, 0x68, 0x89, 0x19, 0x34, 0xf3, 0x08, 0x53, 
    0x04, 0x50, 0x8b, 0xea, 0x91, 0x98, 0xe6, 0x8a, 0xe9, 0x8e, 0x13, 0x20, 0x4c, 
    0x33, 0x8d, 0x64, 0x49, 0xa0, 0x11, 0xa1, 0x51, 0xc4, 0x01, 0xb4, 0x34, 0x8a, 
    0x72, 0xfb, 0x2f, 0x34, 0xea, 0xc8, 0xf7, 0x9f, 0xaa, 0x28, 0x1a, 0xe8, 0xce, 
    0x6a, 0x1b, 0xa2, 0xe1, 0x81, 0x96, 0x74, 0x53, 0xef, 0x75, 0x8a, 0x66, 0x89, 
    0x0a, 0x8f, 0xd3, 0x8c, 0x43, 0x93, 0x84, 0x6f, 0x8b, 0x86, 0x1b, 0x52, 0x72, 
    0x82, 0xc1, 0x8d, 0x0d, 0xcf, 0x8c, 0xff, 0x69, 0x00, 0xdb, 0xff, 0xee, 0x07, 
    0x0d, 0x92, 0xe5, 0x03, 0xd1, 0x40, 0x50, 0x49, 0x5e, 0xa0, 0xf6, 0x44, 0x44, 
    0xa3, 0x83, 0x90, 0x9a, 0x3c, 0x4e, 0x24, 0xd8, 0x85, 0x3d, 0x6a, 0xa9, 0x22, 
    0x03, 0xcc, 0x20, 0x08, 0x3e, 0x08, 0x85, 0x12, 0x14, 0x30, 0x8a, 0x44, 0x70, 
    0x22, 0x15, 0x00, 0xe8, 0x80, 0x08, 0x7c, 0xe0, 0x04, 0x9c, 0xfa, 0x03, 0x09, 
    0x1b, 0x95, 0x52, 0x33, 0x64, 0x2e, 0xc3, 0x97, 0xde, 0x1c, 0x61, 0x40, 0x10, 
    0xc1, 0x2a, 0x98, 0x51, 0x8a, 0x51, 0x2e, 0xec, 0x09, 0xca, 0x60, 0x46, 0x1c, 
    0x58, 0x21, 0x9a, 0x39, 0x28, 0xc9, 0x12, 0x23, 0x27, 0x79, 0x3f, 0x58, 0x71, 
    0x75, 0x77, 0x6d, 0x81, 0x07, 0xf9, 0xe8, 0x04, 0x7a, 0x57, 0xf3, 0x64, 0x21, 
    0x51, 0xa9, 0xe2, 0x16, 0xc7, 0x43, 0xdb, 0xaf, 0x45, 0x03, 0x2f, 0x8c, 0x7a, 
    0xee, 0xab, 0x79, 0x02, 0x2d, 0x14, 0x1d, 0xa2, 0x2f, 0xa4, 0x9d, 0xe4, 0xed, 
    0xdc, 0xfb, 0xac, 0x82, 0xe0, 0x00, 0x80, 0xf3, 0x2d, 0x05, 0x27, 0x96, 0x1b, 
    0x1e, 0xfa, 0x90, 0xf8, 0x01, 0x35, 0x81, 0xea, 0x33, 0xcf, 0xa7, 0xe2, 0x59, 
    0x45, 0x02, 0x59, 0x2c, 0x4c, 0x0a, 0xe7, 0x30, 0x06, 0x2e, 0xde, 0x80, 0x08, 
    0x3d, 0x64, 0x60, 0x04, 0x23, 0x80, 0xc2, 0x16, 0x64, 0x90, 0x04, 0x32, 0xe8, 
    0x63, 0x17, 0xc9, 0x38, 0x2e, 0x6c, 0x40, 0xe0, 0x0c, 0x9b, 0xc7, 0xa7, 0x18, 
    0x98, 0x97, 0x08, 0x29, 0x36, 0x4f, 0x2a, 0x1c, 0x8c, 0x96, 0x35, 0x20, 0x68, 
    0xc6, 0x15, 0x26, 0x70, 0x30, 0x19, 0x9d, 0xc0, 0x0e, 0x2f, 0x58, 0x87, 0xd1, 
    0x58, 0xe3, 0x89, 0x18, 0x7d, 0x67, 0x01, 0x2b, 0xf0, 0xc5, 0xe1, 0x2b, 0x32, 
    0x54, 0xde, 0x37, 0x4a, 0x13, 0x71, 0x3b, 0xcd, 0x33, 0xe2, 0x41, 0x81, 0x3f, 
    0x7d, 0x00, 0x1a, 0x98, 0x5e, 0xcd, 0xff, 0xca, 0xfd, 0x21, 0x82, 0x53, 0x94, 
    0x61, 0x02, 0x9f, 0x48, 0xa7, 0x1c, 0x61, 0x62, 0x7d, 0x43, 0x85, 0xa1, 0x1a, 
    0xab, 0x69, 0x43, 0x26, 0xa8, 0xc0, 0xaa, 0x0e, 0xc0, 0x50, 0x34, 0x12, 0x3d, 
    0x2f, 0xc1, 0x68, 0xd2, 0x7e, 0x3c, 0xb9, 0x42, 0xf6, 0xa2, 0xa1, 0x0f, 0xe3, 
    0xa7, 0x2b, 0x61, 0x50, 0x44, 0xad, 0xc1, 0x30, 0x35, 0xd1, 0x7f, 0x61, 0x22, 
    0x01, 0x65, 0x45, 0x55, 0x48, 0xe3, 0x2d, 0x76, 0xc0, 0x0a, 0xed, 0xc0, 0x00, 
    0x9a, 0x42, 0x3e, 0x09, 0xa8, 0x80, 0x4a, 0xb2, 0x06, 0x79, 0x70, 0x1a, 0x90, 
    0xd0, 0x6c, 0x76, 0x53, 0x81, 0xd3, 0xa7, 0x11, 0x18, 0x28, 0x24, 0x3f, 0xf0, 
    0x3e, 0xa6, 0xa1, 0x0d, 0xd5, 0xf7, 0x81, 0x42, 0x31, 0x82, 0x32, 0x32, 0x02, 
    0x00, 0xd8, 0x0f, 0x87, 0x20, 0x03, 0xa7, 0x33, 0x14, 0x2c, 0xb8, 0x22, 0x26, 
    0x18, 0x1a, 0xa4, 0x90, 0x82, 0x08, 0x23, 0x00, 0x18, 0x10, 0x1c, 0x34, 0x58, 
    0x83, 0x0d, 0x12, 0x01, 0xb7, 0x60, 0x1a, 0x65, 0xc0, 0x2a, 0x26, 0x50, 0x01, 
    0xb8, 0x80, 0x09, 0x84, 0x10, 0x0a, 0x11, 0x10, 0x1f, 0x1a, 0x50, 0x0e, 0x4f, 
    0x40, 0x0c, 0xcc, 0x70, 0x0a, 0xa0, 0x20, 0x08, 0x40, 0x01, 0x84, 0x0d, 0x62, 
    0x1c, 0xd1, 0x44, 0x2a, 0x72, 0xc0, 0x0b, 0xa7, 0x01, 0x0e, 0x74, 0xc0, 0x03, 
    0xeb, 0xc5, 0x1c, 0x91, 0x00, 0x1b, 0x8d, 0xb0, 0x07, 0x90, 0xb3, 0x13, 0x58, 
    0xa8, 0x1f, 0x8e, 0x40, 0x84, 0x9d, 0x42, 0x06, 0x10, 0xe5, 0x1e, 0xf1, 0x24, 
    0x1c, 0x7f, 0x20, 0x37, 0x39, 0xb1, 0x86, 0xe8, 0x31, 0x07, 0xa6, 0xf1, 0x0a, 
    0x95, 0xd2, 0x01, 0x46, 0x75, 0x31, 0xb6, 0x20, 0x1c, 0x6b, 0x50, 0x36, 0x76, 
    0x68, 0x13, 0x78, 0x68, 0x1d, 0x02, 0xe0, 0x61, 0xa0, 0x11, 0x88, 0x86, 0xa2, 
    0x07, 0x79, 0xff, 0xc3, 0x37, 0xd7, 0x16, 0x1c, 0x1b, 0x60, 0x05, 0xa4, 0xc0, 
    0x08, 0xd9, 0xb7, 0x7f, 0x33, 0x71, 0x88, 0xcd, 0xa1, 0x0f, 0xa2, 0x41, 0x04, 
    0x3a, 0x98, 0x26, 0x5f, 0x60, 0x59, 0x89, 0xc3, 0x00, 0xd6, 0x31, 0x03, 0x47, 
    0x30, 0x01, 0x21, 0x90, 0x0f, 0xbe, 0x40, 0x88, 0xeb, 0xc7, 0x7e, 0x9a, 0x18, 
    0x1c, 0x39, 0x60, 0x1a, 0xbf, 0x64, 0x28, 0x7f, 0x87, 0x38, 0x3a, 0xd0, 0x20, 
    0x03, 0xe0, 0x04, 0x84, 0xb0, 0x71, 0x78, 0x37, 0x12, 0xaf, 0x18, 0x1c, 0x8e, 
    0x13, 0x1a, 0xbb, 0xd0, 0x28, 0xa9, 0x80, 0x38, 0x90, 0x27, 0x1a, 0x32, 0x78, 
    0x21, 0x42, 0x90, 0x3e, 0xfd, 0xd0, 0x0c, 0x06, 0xc0, 0x7f, 0xaf, 0x58, 0x00, 
    0x02, 0x15, 0x1a, 0x40, 0x60, 0x28, 0x11, 0x90, 0x38, 0x20, 0x10, 0x79, 0x09, 
    0xa7, 0x22, 0x7e, 0xa0, 0x68, 0xd0, 0xa8, 0x89, 0xc5, 0x18, 0x1a, 0xd4, 0xd0, 
    0x28, 0xee, 0x05, 0x78, 0xfd, 0xe0, 0x63, 0x42, 0xf2, 0x8d, 0x87, 0x48, 0x71, 
    0xa0, 0x41, 0x66, 0x78, 0x52, 0x0f, 0xe6, 0xd8, 0x0f, 0xef, 0x60, 0x1d, 0x41, 
    0x60, 0x01, 0x4c, 0x30, 0x05, 0x4e, 0xc0, 0x52, 0xdf, 0xa1, 0x8e, 0x6b, 0x48, 
    0x51, 0xa1, 0xc1, 0x47, 0x86, 0xf2, 0x00, 0x8a, 0x38, 0x77, 0xa2, 0xd0, 0x1c, 
    0x94, 0x24, 0x1a, 0x8d, 0x00, 0x0b, 0xbc, 0x80, 0x09, 0x21, 0xe6, 0x83, 0xfc, 
    0x88, 0x85, 0x07, 0x09, 0x1a, 0x13, 0xd0, 0x28, 0x1c, 0x70, 0x66, 0x80, 0x07, 
    0x60, 0xc2, 0x81, 0x00, 0xf4, 0xc6, 0x1a, 0x99, 0x70, 0x13, 0xaf, 0x68, 0x03, 
    0xa2, 0x41, 0x78, 0x7f, 0x72, 0x77, 0x80, 0xb7, 0x7b, 0xc2, 0xf1, 0x00, 0x5e, 
    0x67, 0x3d, 0x99, 0xa8, 0x89, 0x70, 0x20, 0x1a, 0xce, 0x67, 0x28, 0x71, 0x38, 
    0x77, 0x21, 0xd0, 0x1c, 0x43, 0xe0, 0x1e, 0xad, 0xe0, 0x91, 0xaf, 0xff, 0x78, 
    0x35, 0xfd, 0x60, 0x0f, 0x6a, 0x64, 0x28, 0x40, 0xe0, 0x78, 0x80, 0x17, 0x68, 
    0xcc, 0x11, 0x08, 0x9a, 0x60, 0x05, 0xaa, 0x70, 0x05, 0xc7, 0x30, 0x06, 0xe0, 
    0xf0, 0x04, 0x8c, 0xe0, 0x27, 0x86, 0xf8, 0x8b, 0x33, 0xe0, 0x27, 0x95, 0xb2, 
    0x01, 0x71, 0x35, 0x3a, 0xdb, 0xd8, 0x20, 0x0f, 0x60, 0x3a, 0xc2, 0x71, 0x81, 
    0xbf, 0xc8, 0x2a, 0xbc, 0x88, 0x5e, 0xc9, 0x98, 0x8e, 0x2b, 0xd9, 0x95, 0xa4, 
    0x02, 0x92, 0x73, 0x47, 0x0f, 0x5a, 0xf2, 0x90, 0x64, 0x79, 0x72, 0x40, 0x99, 
    0x38, 0xc4, 0x50, 0x8d, 0x52, 0xa2, 0x96, 0x6b, 0x89, 0x27, 0xc0, 0x26, 0x39, 
    0x87, 0xb0, 0x00, 0xa8, 0x33, 0x96, 0x73, 0x59, 0x29, 0x64, 0x90, 0x38, 0xf8, 
    0x60, 0x4e, 0x71, 0x29, 0x97, 0x7b, 0x19, 0x27, 0x2a, 0xa0, 0x7e, 0x0b, 0xd3, 
    0x0b, 0x2b, 0x96, 0x97, 0x82, 0x39, 0x98, 0x69, 0x82, 0x01, 0xbc, 0x30, 0x90, 
    0xa2, 0x01, 0x0e, 0xcb, 0x10, 0x02, 0x0f, 0xa8, 0x24, 0x5f, 0xc0, 0x05, 0x5c, 
    0x80, 0x93, 0x8c, 0x49, 0x2a, 0x07, 0xf0, 0x06, 0xdf, 0x70, 0x0a, 0xdf, 0x70, 
    0x06, 0x43, 0x80, 0x04, 0x41, 0xb0, 0x69, 0x5a, 0xf2, 0x01, 0xc6, 0x60, 0x59, 
    0x9a, 0xb9, 0x99, 0x2e, 0x54, 0x02, 0x4c, 0x00, 0x7f, 0x21, 0x58, 0x11, 0xac, 
    0x09, 0x42, 0x0d, 0xb0, 0x02, 0xef, 0xd0, 0x96, 0xb9, 0x37, 0x11, 0xb3, 0x09, 
    0x3e, 0x40, 0x40, 0x05, 0xd7, 0x50, 0x0d, 0x6c, 0x80, 0x89, 0x7a, 0xb9, 0x9b, 
    0x76, 0xf3, 0x00, 0x21, 0x20, 0x77, 0x08, 0xf8, 0x94, 0xc4, 0x69, 0x37, 0x54, 
    0xb0, 0x81, 0xc9, 0xb9, 0x9a, 0xcb, 0x69, 0x2f, 0xa9, 0x24, 0x9c, 0x77, 0x18, 
    0x9d, 0x00, 0x83, 0x01, 0x2f, 0x98, 0x9b, 0x1c, 0x61, 0x9d, 0xf6, 0xd2, 0x01, 
    0x52, 0xd6, 0x8b, 0x31, 0xc1, 0x9d, 0xde, 0xff, 0x92, 0x05, 0x87, 0x04, 0x9e, 
    0x32, 0x21, 0x9e, 0xc9, 0x92, 0x01, 0xf3, 0xa0, 0x92, 0x41, 0x81, 0x9e, 0xba, 
    0x62, 0x01, 0x1b, 0x19, 0x9b, 0x25, 0xe1, 0x9e, 0xa4, 0x12, 0x06, 0x8f, 0x28, 
    0x9f, 0x26, 0x41, 0x9f, 0x95, 0x62, 0x01, 0xa2, 0x88, 0x9f, 0xf9, 0xa9, 0x9f, 
    0x7f, 0x02, 0x71, 0x46, 0x54, 0x14, 0x00, 0x1a, 0x27, 0x27, 0xb0, 0x0c, 0x03, 
    0x6a, 0x14, 0x05, 0x1a, 0x26, 0x6f, 0xd0, 0x9f, 0x28, 0xa6, 0x14, 0x0b, 0x2a, 
    0x25, 0x09, 0x90, 0xa0, 0x48, 0x11, 0xa1, 0x42, 0x72, 0x0e, 0x14, 0x5a, 0xa1, 
    0x16, 0x1a, 0x22, 0x0b, 0x90, 0x0f, 0x19, 0xaa, 0xa1, 0x1b, 0xda, 0x20, 0x2d, 
    0xc0, 0x0f, 0xad, 0xf8, 0x14, 0x21, 0x1a, 0x2d, 0xf0, 0x50, 0xa2, 0x26, 0x7a, 
    0xa2, 0xf1, 0x51, 0x70, 0x2a, 0xba, 0xa2, 0x2c, 0x6a, 0x1d, 0x23, 0xf2, 0xa2, 
    0x30, 0x1a, 0xa3, 0xc2, 0x71, 0x55, 0xfe, 0xc9, 0x95, 0x36, 0xea, 0x0f, 0xc4, 
    0xa6, 0x9d, 0xca, 0x69, 0xa3, 0xd2, 0xf5, 0xa0, 0x55, 0xb1, 0xa3, 0xfe, 0xe0, 
    0xa1, 0x39, 0x0a, 0x9d, 0x21, 0x7a, 0x4b, 0x47, 0x8a, 0xa4, 0x16, 0x5a, 0x93, 
    0x4b, 0xca, 0xa4, 0x0b, 0x5a, 0x02, 0x34, 0x6a, 0x15, 0x31, 0x4a, 0x0a, 0x4f, 
    0x8a, 0x13, 0x2c, 0xaa, 0xa4, 0xe6, 0xd9, 0x14, 0x27, 0xda, 0x02, 0x53, 0x7a, 
    0x15, 0x27, 0x3a, 0x3e, 0x3e, 0xda, 0x13, 0x21, 0x0a, 0x00, 0x57, 0xaa, 0x13, 
    0x1b, 0xda, 0x00, 0x5f, 0x8a, 0x15, 0x1b, 0x2a, 0x48, 0x63, 0xea, 0x13, 0x16, 
    0x3a, 0x6f, 0x6f, 0x0a, 0xa7, 0x11, 0x3a, 0x0b, 0x67, 0xaa, 0x86, 0x51, 0x7a, 
    0xa7, 0x78, 0x5a, 0xa0, 0x4a, 0x35, 0xa7, 0x74, 0x0a, 0xa0, 0x38, 0xa0, 0xa7, 
    0x7b, 0xaa, 0x9f, 0x9e, 0xe7, 0xa7, 0x7f, 0x4a, 0x9f, 0x86, 0x67, 0xa8, 0x87, 
    0xea, 0x9e, 0x7d, 0x05, 0xba, 0xa5, 0x53, 0x11, 0x10, 0x00, 0x21, 0xf9, 0x04, 
    0x09, 0x08, 0x00, 0xff, 0x00, 0x2c, 0x00, 0x00, 0x00, 0x00, 0xf0, 0x00, 0xf0, 
    0x00, 0x00, 0x08, 0xff, 0x00, 0xff, 0x09, 0x1c, 0x48, 0xb0, 0xa0, 0xc1, 0x83, 
    0x08, 0x13, 0x2a, 0x5c, 0xc8, 0xb0, 0xa1, 0xc3, 0x87, 0x10, 0x23, 0x4a, 0x9c, 
    0x48, 0xb1, 0xa2, 0xc5, 0x8b, 0x18, 0x33, 0x6a, 0xdc, 0xc8, 0xb1, 0xa3, 0xc7, 
    0x8f, 0x20, 0x43, 0x8a, 0x1c, 0x49, 0xb2, 0xa4, 0xc9, 0x93, 0x28, 0x53, 0xaa, 
    0x5c, 0xc9, 0xb2, 0xa5, 0xcb, 0x97, 0x30, 0x63, 0xca, 0x9c, 0x49, 0xb3, 0xa6, 
    0xcd, 0x9b, 0x38, 0x73, 0xea, 0xdc, 0xc9, 0xb3, 0xa7, 0xcf, 0x9f, 0x40, 0x83, 
    0x0a, 0x1d, 0x4a, 0xb4, 0xa8, 0xd1, 0xa3, 0x48, 0x93, 0x2a, 0x5d, 0xca, 0xb4, 
    0xa9, 0xd3, 0xa7, 0x50, 0xa3, 0x4a, 0x9d, 0x4a, 0xb5, 0xaa, 0xd5, 0xab, 0x58, 
    0xb3, 0x6a, 0xdd, 0xca, 0xb5, 0xab, 0xd7, 0xaf, 0x60, 0xc3, 0x8a, 0x1d, 0x4b, 
    0xb6, 0xac, 0xd9, 0xb3, 0x68, 0xd3, 0xaa, 0x5d, 0xcb, 0xb6, 0xad, 0xdb, 0xb7, 
    0x70, 0xe3, 0xca, 0x9d, 0x4b, 0xb7, 0xae, 0xdd, 0xbb, 0x78, 0xf3, 0xea, 0xdd, 
    0xcb, 0xb7, 0xaf, 0xdf, 0xbf, 0x80, 0x03, 0x0b, 0x1e, 0x4c, 0xb8, 0xb0, 0xe1, 
    0xc3, 0x88, 0x13, 0x2b, 0x5e, 0xcc, 0xb8, 0xb1, 0xe3, 0xc7, 0x6d, 0xfb, 0x49, 
    0x9e, 0x2c, 0x19, 0x72, 0x55, 0xca, 0x98, 0x29, 0x5b, 0x8e, 0x9a, 0xb9, 0x73, 
    0xe5, 0xcd, 0x49, 0x3d, 0x8b, 0xc6, 0x0c, 0xba, 0xe8, 0x68, 0xc9, 0xd8, 0xb8, 
    0x0d, 0x99, 0x60, 0xce, 0x54, 0xe7, 0xd2, 0x40, 0x4f, 0x4b, 0x16, 0x65, 0xc2, 
    0x9f, 0xed, 0xdb, 0x28, 0x62, 0x91, 0x86, 0xdd, 0xf3, 0xb4, 0x8e, 0x3b, 0x01, 
    0x6e, 0x0b, 0xb7, 0x5d, 0x82, 0xd8, 0x6e, 0xde, 0x39, 0x3d, 0xc3, 0xe3, 0x15, 
    0xe2, 0xcf, 0x9a, 0xe1, 0xd0, 0xfd, 0x49, 0xc8, 0xa3, 0x19, 0x39, 0xce, 0xce, 
    0xfb, 0x94, 0x3c, 0x88, 0xce, 0xdd, 0xf6, 0x94, 0xe3, 0xd6, 0x67, 0x66, 0xff, 
    0x2e, 0x16, 0xa6, 0xbb, 0x79, 0xdb, 0xcf, 0xc0, 0x87, 0x7f, 0x99, 0xf9, 0xd3, 
    0xf9, 0xf7, 0x35, 0xd4, 0xaf, 0x5f, 0xd9, 0x39, 0xda, 0xfb, 0xfb, 0x9c, 0xe4, 
    0xcf, 0x3f, 0xd9, 0x39, 0xce, 0xfd, 0xff, 0xa8, 0x54, 0xb7, 0x1f, 0x4a, 0x9e, 
    0xa1, 0xf0, 0xdf, 0x7f, 0x9a, 0xe8, 0x37, 0x20, 0x48, 0x9d, 0xc5, 0x52, 0xc3, 
    0x81, 0xff, 0x39, 0xa1, 0xe0, 0x82, 0x1c, 0x79, 0xe6, 0xc8, 0x02, 0x10, 0x1e, 
    0xd8, 0x8e, 0x80, 0x14, 0x7e, 0xd4, 0x59, 0x23, 0xab, 0x64, 0x08, 0xa1, 0x1c, 
    0x13, 0x76, 0x68, 0x51, 0x67, 0xbb, 0xd0, 0x20, 0x62, 0x86, 0xba, 0x4d, 0x66, 
    0x62, 0x47, 0x99, 0x15, 0x11, 0xcf, 0x8a, 0x22, 0xca, 0xc2, 0xe1, 0x8b, 0x27, 
    0x66, 0x36, 0x0e, 0x04, 0x34, 0x8a, 0x78, 0xcd, 0x8d, 0x38, 0x4e, 0x94, 0x59, 
    0x1a, 0x9c, 0xf4, 0xb8, 0xe2, 0x0b, 0x40, 0x06, 0x09, 0x51, 0x66, 0x20, 0xfc, 
    0x60, 0xe4, 0x8a, 0x85, 0x24, 0xa9, 0x64, 0x43, 0x99, 0x19, 0x32, 0xc7, 0x93, 
    0x2b, 0x7e, 0x23, 0xe5, 0x94, 0x0b, 0x61, 0x56, 0xca, 0x01, 0x58, 0xae, 0x18, 
    0xcf, 0x96, 0x5c, 0x22, 0x84, 0x19, 0x3a, 0x23, 0x84, 0xb9, 0x62, 0x0f, 0x64, 
    0x96, 0x59, 0x10, 0x66, 0x7b, 0x6c, 0xa7, 0xa6, 0x88, 0x4c, 0xb4, 0xe9, 0xe6, 
    0x40, 0x98, 0x59, 0x32, 0xe7, 0x8a, 0x13, 0xd8, 0x79, 0x27, 0x66, 0x5e, 0xec, 
    0xb9, 0xe2, 0x19, 0x7e, 0x96, 0x89, 0x19, 0x2a, 0x82, 0x42, 0x59, 0x28, 0x97, 
    0x98, 0xa9, 0x91, 0xa8, 0x88, 0xef, 0x2c, 0xaa, 0x24, 0x66, 0xee, 0x3d, 0x9a, 
    0xa1, 0x3c, 0x92, 0x06, 0x49, 0x59, 0x1a, 0x96, 0x8a, 0x98, 0x4d, 0xa6, 0x38, 
    0x52, 0xc6, 0x4a, 0xa7, 0x19, 0xae, 0x02, 0xaa, 0x89, 0x98, 0xb9, 0x41, 0x2a, 
    0x84, 0x64, 0x9c, 0xda, 0x21, 0x65, 0x77, 0xac, 0xff, 0x0a, 0x61, 0x05, 0xae, 
    0x2e, 0x88, 0x19, 0x17, 0xb2, 0x1e, 0xc8, 0x42, 0x89, 0x8c, 0x4e, 0x56, 0x4a, 
    0xae, 0x07, 0x36, 0xc1, 0xeb, 0x94, 0x94, 0x75, 0x03, 0xec, 0x7f, 0x2d, 0xa4, 
    0x50, 0xeb, 0x7e, 0x94, 0x59, 0x70, 0xec, 0x7d, 0x08, 0x78, 0xb2, 0xec, 0x7c, 
    0x94, 0x55, 0xf1, 0xec, 0x7d, 0xee, 0x4c, 0xbb, 0x1e, 0x65, 0x13, 0x5c, 0xfb, 
    0x5e, 0x2f, 0xda, 0x86, 0x47, 0xd9, 0x05, 0xde, 0x9e, 0x47, 0xa8, 0x8b, 0x77, 
    0x1a, 0x44, 0xd9, 0x38, 0xe5, 0x9a, 0x57, 0x27, 0xba, 0xe9, 0x12, 0x44, 0x59, 
    0x11, 0xed, 0x76, 0xd7, 0x27, 0xbc, 0xf1, 0x0a, 0x84, 0xd9, 0x0d, 0xf5, 0x46, 
    0x07, 0x45, 0xb8, 0xe2, 0x4e, 0x66, 0x4d, 0xbf, 0xc3, 0xf9, 0x40, 0x06, 0x08, 
    0xa2, 0xc5, 0x8b, 0xd9, 0x28, 0xfd, 0x7e, 0x60, 0xc1, 0x15, 0xc6, 0xc9, 0xd6, 
    0xcf, 0x9f, 0x98, 0x41, 0x51, 0xee, 0x03, 0x99, 0x48, 0x9c, 0x19, 0xc5, 0x93, 
    0xb9, 0xe3, 0xad, 0x01, 0x9b, 0x68, 0x9c, 0x70, 0xaf, 0x93, 0x71, 0x73, 0xad, 
    0x1e, 0x12, 0xeb, 0x50, 0x44, 0x11, 0x12, 0x6b, 0x4a, 0xd9, 0x09, 0xcf, 0xb6, 
    0x40, 0x99, 0x22, 0x52, 0xcc, 0xd3, 0x07, 0x0f, 0x4c, 0xac, 0xf0, 0x41, 0x06, 
    0x34, 0x00, 0xe1, 0x01, 0x17, 0xde, 0xb4, 0x8c, 0x2a, 0x65, 0x87, 0x18, 0x39, 
    0xc0, 0x0f, 0x18, 0x40, 0xc8, 0x44, 0x11, 0x46, 0xcc, 0xf2, 0xc5, 0x7b, 0x08, 
    0xf0, 0xa2, 0xf1, 0xd0, 0x93, 0xa5, 0x92, 0xa1, 0x07, 0x37, 0x58, 0x90, 0x0f, 
    0x3b, 0xfd, 0xb4, 0xd1, 0x07, 0x84, 0x10, 0x50, 0x00, 0x61, 0x28, 0xe9, 0xb8, 
    0x93, 0x87, 0x18, 0x08, 0x7b, 0x66, 0x98, 0xda, 0x12, 0x61, 0x46, 0xc0, 0x7f, 
    0x49, 0xcc, 0x23, 0x4d, 0x67, 0x68, 0xc8, 0x2a, 0x00, 0x10, 0x14, 0x70, 0x11, 
    0x8d, 0x30, 0xaf, 0x05, 0xff, 0x36, 0xf5, 0x43, 0x99, 0xbd, 0xb2, 0x41, 0x77, 
    0x27, 0x24, 0x90, 0xcc, 0x68, 0xbb, 0x5c, 0xeb, 0xc1, 0x35, 0xa5, 0x6c, 0xec, 
    0x97, 0xc8, 0xf8, 0x76, 0x89, 0x19, 0x3f, 0x33, 0x08, 0x77, 0x04, 0x25, 0xb3, 
    0x64, 0x62, 0x84, 0x6c, 0x76, 0x5c, 0xfc, 0x8a, 0xe3, 0x7a, 0x41, 0x0e, 0xba, 
    0xe4, 0x94, 0x1d, 0x83, 0xc3, 0x0e, 0x98, 0x0c, 0x23, 0x1b, 0x11, 0x87, 0xec, 
    0x92, 0xcf, 0x24, 0xfd, 0x6a, 0x33, 0xac, 0x5b, 0xa7, 0x01, 0x73, 0x09, 0x2e, 
    0xd7, 0xa8, 0x3e, 0x32, 0xe9, 0x93, 0x21, 0x23, 0x9b, 0x27, 0xb9, 0xa0, 0xa0, 
    0x22, 0xc1, 0xb7, 0x59, 0x01, 0xf0, 0x57, 0x9e, 0x1d, 0x32, 0x4d, 0x0f, 0x19, 
    0x0c, 0x17, 0x44, 0x34, 0x78, 0xb0, 0xcd, 0xbb, 0x6c, 0x8f, 0x30, 0x00, 0x26, 
    0xf1, 0xd0, 0x31, 0x01, 0xcc, 0x33, 0x2b, 0xf8, 0x63, 0x97, 0x67, 0x52, 0x08, 
    0xf1, 0x9e, 0x02, 0x5c, 0xf7, 0xad, 0x90, 0x6c, 0xe5, 0xcc, 0xb2, 0x05, 0xf6, 
    0xff, 0xd5, 0xd5, 0x59, 0x1a, 0xe1, 0x1c, 0xd8, 0x80, 0x36, 0x6c, 0x8c, 0xae, 
    0xae, 0x67, 0x9d, 0xa8, 0x83, 0x89, 0x0f, 0x51, 0xb0, 0x0f, 0xa1, 0xbc, 0x13, 
    0x8b, 0x4c, 0x66, 0xaa, 0x01, 0x03, 0x11, 0x3d, 0x20, 0x0e, 0xf6, 0xc3, 0x53, 
    0x66, 0xf2, 0x60, 0x0c, 0x3b, 0x5c, 0xcf, 0x7f, 0x2b, 0x7a, 0x84, 0xf9, 0xcc, 
    0x92, 0x19, 0x54, 0x54, 0xc0, 0x48, 0x48, 0x50, 0x16, 0x90, 0x32, 0x23, 0x86, 
    0x4b, 0x34, 0x00, 0x82, 0x4f, 0x82, 0xc5, 0xee, 0xc6, 0x92, 0x99, 0x6b, 0x84, 
    0xc9, 0x0d, 0x9b, 0x8b, 0x5c, 0x66, 0x68, 0x91, 0x03, 0x10, 0x62, 0x49, 0x15, 
    0xa7, 0x21, 0x0b, 0x66, 0x42, 0xa4, 0xa6, 0x2a, 0x1c, 0x27, 0x33, 0x57, 0x70, 
    0xa1, 0x9a, 0x0a, 0xd1, 0x0c, 0x96, 0x49, 0x0f, 0x2c, 0x94, 0xb1, 0x85, 0xa0, 
    0xff, 0x0e, 0x51, 0x9d, 0xcc, 0xc8, 0x42, 0x87, 0x7b, 0xf2, 0x80, 0x10, 0x2a, 
    0x51, 0x87, 0x09, 0x7a, 0x85, 0x32, 0x7a, 0xda, 0x53, 0x2a, 0x8a, 0x48, 0x99, 
    0x6a, 0x20, 0xf1, 0x51, 0x1e, 0xa0, 0x84, 0xb4, 0x8e, 0x77, 0x14, 0xca, 0x1c, 
    0x41, 0x50, 0x26, 0x18, 0x0d, 0xa2, 0xae, 0x68, 0x29, 0x20, 0xe8, 0x2e, 0x72, 
    0x5c, 0xa1, 0xcc, 0x07, 0x04, 0x55, 0x80, 0x4e, 0x78, 0x46, 0x18, 0x16, 0x23, 
    0xa3, 0xa5, 0xe0, 0x90, 0x40, 0xad, 0x4c, 0xc6, 0x08, 0x2d, 0x48, 0x14, 0x2b, 
    0x3c, 0x03, 0x07, 0x39, 0x92, 0x2a, 0x3f, 0x75, 0xb4, 0x0a, 0x65, 0xa4, 0x11, 
    0x81, 0x30, 0x39, 0x61, 0x7d, 0xb6, 0x01, 0x44, 0x67, 0x34, 0xe0, 0xc7, 0x55, 
    0x61, 0x2a, 0x90, 0x30, 0xfa, 0xa1, 0x4a, 0x28, 0xe3, 0x8d, 0x30, 0x05, 0x43, 
    0x32, 0x2e, 0xb0, 0x0d, 0x25, 0xda, 0xd3, 0x48, 0x59, 0xd9, 0x08, 0x92, 0x17, 
    0x81, 0x1c, 0x7d, 0x26, 0xb3, 0x0c, 0x2c, 0x6d, 0x72, 0x32, 0x24, 0xf0, 0x07, 
    0xb8, 0x30, 0xf3, 0xc0, 0x63, 0x99, 0x61, 0x18, 0xd8, 0xb0, 0x96, 0xff, 0x40, 
    0xb1, 0x07, 0x50, 0xb6, 0x4d, 0x74, 0x9f, 0x21, 0xd0, 0x64, 0xc6, 0xd8, 0x23, 
    0x1b, 0x52, 0x46, 0x0b, 0xfe, 0x48, 0x02, 0x65, 0x8a, 0x31, 0x05, 0x6f, 0xf9, 
    0xa1, 0x8a, 0x10, 0x84, 0x43, 0xc8, 0x66, 0x37, 0x3d, 0x5c, 0xe6, 0xb2, 0x24, 
    0x98, 0xf9, 0x45, 0x09, 0x68, 0xa4, 0x48, 0xca, 0x34, 0xc3, 0x00, 0xfe, 0x20, 
    0xd1, 0x64, 0x9c, 0xe5, 0x2d, 0x3a, 0x60, 0xe6, 0x41, 0x10, 0x54, 0x07, 0x33, 
    0x0f, 0x22, 0x31, 0x7e, 0x88, 0xa2, 0x17, 0xfa, 0x50, 0x45, 0x2e, 0x68, 0x11, 
    0x20, 0x27, 0x8e, 0x04, 0x33, 0x62, 0x28, 0x06, 0x2c, 0x24, 0x71, 0x86, 0xf7, 
    0x94, 0x60, 0x09, 0xaa, 0x88, 0x1e, 0x66, 0x92, 0xa6, 0xff, 0x85, 0x34, 0x50, 
    0x66, 0x13, 0xe5, 0x1a, 0x04, 0x66, 0x8c, 0x05, 0x42, 0x5b, 0x8c, 0x53, 0x5f, 
    0xb2, 0x11, 0xc6, 0x27, 0xb8, 0x30, 0x80, 0xe8, 0x20, 0x61, 0x1e, 0xee, 0x0c, 
    0x09, 0xe2, 0x7a, 0x40, 0x01, 0x20, 0xf8, 0x63, 0x01, 0x91, 0x90, 0x43, 0x3c, 
    0x3e, 0x71, 0x8e, 0x67, 0x34, 0xc2, 0x33, 0x0c, 0xf0, 0x07, 0x02, 0x9e, 0x80, 
    0x19, 0x59, 0x5e, 0x6b, 0x06, 0x24, 0x9d, 0x8c, 0x15, 0x41, 0xb8, 0x81, 0xb4, 
    0x3d, 0xb3, 0x99, 0x99, 0xf1, 0xc6, 0x2b, 0xcc, 0x80, 0xa1, 0xf3, 0xd8, 0x41, 
    0x9f, 0x68, 0x14, 0x89, 0x6c, 0xc0, 0xa0, 0x8c, 0x2d, 0xca, 0x26, 0x10, 0xb6, 
    0xd1, 0x12, 0x65, 0x02, 0xd5, 0xae, 0x5d, 0x4d, 0x46, 0x13, 0x3a, 0x14, 0x6a, 
    0x4e, 0x01, 0x38, 0x9a, 0x64, 0x5c, 0xe3, 0x8b, 0x10, 0x42, 0x40, 0xfd, 0xb8, 
    0xc8, 0x10, 0x67, 0x76, 0x06, 0x18, 0x59, 0xb0, 0x8d, 0x07, 0x7c, 0x37, 0x19, 
    0x00, 0x10, 0x6c, 0x14, 0x8c, 0x60, 0x03, 0x1d, 0x90, 0x48, 0x03, 0xfb, 0x49, 
    0x2c, 0x05, 0x92, 0x08, 0x47, 0xf7, 0x68, 0x14, 0x06, 0x30, 0x50, 0x95, 0x77, 
    0x6d, 0xb8, 0x05, 0x2e, 0xd5, 0xc1, 0x4d, 0xdb, 0xa0, 0x61, 0x98, 0xec, 0xfb, 
    0xe0, 0x7d, 0xe6, 0xd0, 0x8e, 0x66, 0xd0, 0xa1, 0x5b, 0xc0, 0x9a, 0xe2, 0x6e, 
    0x24, 0x06, 0x0e, 0x17, 0x88, 0x0d, 0x4b, 0x82, 0x38, 0x68, 0x28, 0x27, 0x53, 
    0x84, 0x26, 0x38, 0xa0, 0x19, 0xa2, 0x01, 0x03, 0x3b, 0xa4, 0x80, 0x8d, 0x71, 
    0x74, 0xa0, 0x79, 0xc3, 0xa1, 0x06, 0x65, 0xb2, 0xda, 0x49, 0x7f, 0x64, 0x01, 
    0x33, 0x63, 0xe0, 0x03, 0xb0, 0x3e, 0xa7, 0x19, 0xd9, 0x78, 0x23, 0x15, 0x35, 
    0x0d, 0x93, 0x01, 0xda, 0xf0, 0xd6, 0x84, 0x60, 0x46, 0xb4, 0xfe, 0xf8, 0x00, 
    0x26, 0x7a, 0x41, 0x8a, 0x56, 0xff, 0x88, 0x62, 0x1b, 0x84, 0xa8, 0x81, 0x45, 
    0xcd, 0x23, 0x01, 0xb9, 0x4a, 0x26, 0x19, 0x9d, 0xf5, 0xc7, 0x00, 0x22, 0x86, 
    0x19, 0x2a, 0x00, 0xab, 0x1b, 0x22, 0xb3, 0x86, 0x12, 0x1e, 0x75, 0x87, 0xd6, 
    0xba, 0x76, 0x32, 0xb8, 0x78, 0x12, 0x0e, 0x5c, 0x2a, 0x8e, 0xe0, 0x3e, 0x20, 
    0x85, 0x98, 0x01, 0x01, 0xbf, 0x72, 0x35, 0xb7, 0xc9, 0xe8, 0x00, 0x61, 0x60, 
    0x28, 0x45, 0x2c, 0x0e, 0x31, 0x0f, 0x5c, 0x44, 0xa2, 0x53, 0xc0, 0x70, 0xae, 
    0x99, 0x26, 0x63, 0x83, 0x27, 0x8d, 0x80, 0x32, 0xdb, 0x08, 0xae, 0x3f, 0x96, 
    0xe1, 0x99, 0x58, 0x34, 0x54, 0x56, 0xc2, 0x9a, 0x0c, 0x18, 0x58, 0x20, 0x07, 
    0x0e, 0x18, 0xe0, 0xbe, 0xab, 0x6a, 0xd1, 0x4b, 0x75, 0x4a, 0x99, 0xfe, 0x19, 
    0x29, 0x08, 0x94, 0x19, 0x84, 0x7c, 0x35, 0x20, 0x9a, 0xe7, 0xe4, 0xea, 0x13, 
    0x94, 0xe9, 0x40, 0xcc, 0x14, 0x9b, 0x23, 0xc9, 0xe4, 0x01, 0x4b, 0xda, 0x94, 
    0x0c, 0x23, 0xe5, 0x8b, 0x8e, 0xce, 0x3c, 0x01, 0x01, 0xc0, 0xe2, 0x00, 0x65, 
    0x62, 0xf1, 0xac, 0x21, 0xa8, 0x97, 0x9c, 0x93, 0x99, 0x05, 0x96, 0x68, 0x35, 
    0x99, 0x2b, 0xc9, 0xb7, 0xb9, 0x98, 0x01, 0xc3, 0x86, 0x81, 0xe5, 0x0b, 0xca, 
    0xd4, 0x06, 0x58, 0xfb, 0x38, 0xf1, 0xfd, 0x24, 0x03, 0x5b, 0x23, 0xe1, 0x82, 
    0x32, 0xa9, 0x3c, 0x56, 0x06, 0x72, 0x91, 0x0b, 0x4d, 0xb0, 0xc0, 0x09, 0x3c, 
    0xca, 0x10, 0x28, 0x30, 0x63, 0x88, 0x68, 0x4c, 0xf3, 0x59, 0xd5, 0x94, 0x0c, 
    0x19, 0x80, 0xf5, 0x01, 0x0a, 0x57, 0xb8, 0x1f, 0x3e, 0xc0, 0x92, 0x1d, 0x28, 
    0x93, 0x34, 0x60, 0x45, 0xc1, 0xb7, 0xfa, 0x6d, 0xc5, 0x3c, 0x30, 0xb1, 0x04, 
    0x12, 0xc4, 0xe0, 0x3c, 0x02, 0x60, 0xed, 0x64, 0xee, 0x21, 0xa7, 0x6b, 0x65, 
    0xb8, 0xff, 0x1f, 0xaa, 0x00, 0xd6, 0x25, 0x75, 0xfc, 0xa6, 0xc9, 0x28, 0x00, 
    0x4b, 0x03, 0xa0, 0x85, 0x64, 0xec, 0x73, 0x2c, 0xe4, 0x9e, 0x66, 0x11, 0x8c, 
    0x78, 0xc5, 0x28, 0xa6, 0x00, 0xe2, 0xe1, 0xb0, 0x58, 0x32, 0xb1, 0x6a, 0xd7, 
    0x0c, 0xfe, 0x99, 0x2b, 0x01, 0x94, 0x6f, 0xc0, 0xef, 0x9c, 0x8c, 0x7f, 0xc2, 
    0xc4, 0x04, 0xd8, 0x3d, 0x8b, 0x01, 0xa2, 0x33, 0x04, 0x2d, 0xa0, 0xa1, 0x84, 
    0x1a, 0x78, 0xc0, 0x1f, 0x90, 0xd8, 0x6c, 0xbf, 0x82, 0x26, 0x99, 0x4e, 0x0c, 
    0x6e, 0x55, 0x5f, 0x70, 0x69, 0x00, 0xf9, 0x93, 0x62, 0xf9, 0x0e, 0xc7, 0x05, 
    0x8a, 0xb0, 0x6a, 0x11, 0x24, 0x41, 0x19, 0x3c, 0x10, 0x0c, 0x49, 0x93, 0xd9, 
    0x2e, 0xa9, 0x60, 0x60, 0xe5, 0x2b, 0x9b, 0xc3, 0xd5, 0xc3, 0x89, 0x01, 0x12, 
    0x08, 0x60, 0x8c, 0x77, 0x6c, 0xa2, 0x19, 0x53, 0x85, 0x5c, 0x1a, 0x7a, 0x20, 
    0x22, 0x28, 0xf0, 0x61, 0x0a, 0x38, 0x08, 0x13, 0xaf, 0x27, 0xe3, 0x60, 0x52, 
    0x1d, 0x40, 0xcd, 0x90, 0x26, 0xb0, 0x64, 0x9c, 0x01, 0xec, 0xf3, 0x14, 0x20, 
    0x08, 0x1d, 0x50, 0xc5, 0x3a, 0x92, 0x3d, 0x1a, 0x79, 0x88, 0xe8, 0x5e, 0xfd, 
    0x40, 0x46, 0xfc, 0xb4, 0xfc, 0x0c, 0x49, 0x84, 0x02, 0x58, 0xd8, 0xa0, 0x73, 
    0x9d, 0x25, 0x53, 0x89, 0x6e, 0xcb, 0xaf, 0x06, 0x64, 0xb8, 0xc2, 0x30, 0xf2, 
    0xa0, 0x6a, 0x5f, 0xed, 0x00, 0x42, 0x5a, 0xc8, 0x4c, 0xbd, 0xe5, 0x1b, 0x0d, 
    0x79, 0x33, 0xb5, 0x1f, 0xae, 0xb0, 0x37, 0x8d, 0x46, 0xe0, 0x87, 0x4f, 0x30, 
    0x02, 0x4e, 0x85, 0xfc, 0x4f, 0x7a, 0x32, 0xd3, 0xca, 0x46, 0x0a, 0xd3, 0xe0, 
    0x08, 0x95, 0xcc, 0x1f, 0x14, 0xfe, 0x24, 0x42, 0x60, 0xe6, 0x0e, 0x2d, 0xbc, 
    0xcf, 0x36, 0x3a, 0x53, 0xb9, 0xe0, 0x6e, 0xa1, 0xd7, 0x42, 0xff, 0x9a, 0xcc, 
    0x1e, 0x92, 0xcc, 0xf1, 0x1e, 0x59, 0xe2, 0x50, 0xff, 0x91, 0xc0, 0x31, 0x3e, 
    0xee, 0xea, 0x45, 0x63, 0x9c, 0x32, 0xe5, 0x68, 0x39, 0x96, 0x22, 0x45, 0x19, 
    0x47, 0x1c, 0xa8, 0x03, 0xd9, 0xf0, 0xc5, 0x1d, 0xde, 0x51, 0xf2, 0xe0, 0xa2, 
    0xec, 0xe6, 0x93, 0xb9, 0xb0, 0xce, 0x9f, 0x84, 0x0f, 0xcc, 0xcc, 0x63, 0xe9, 
    0xef, 0x71, 0x00, 0xc6, 0xff, 0x41, 0x99, 0x14, 0x94, 0x07, 0xea, 0x3d, 0xd2, 
    0x05, 0x66, 0x86, 0x80, 0xf5, 0xee, 0xf8, 0x30, 0xdb, 0x12, 0x9d, 0x0c, 0x38, 
    0xbb, 0xbe, 0x22, 0x66, 0x60, 0x06, 0xb0, 0x3d, 0x3a, 0x00, 0x1f, 0x70, 0x11, 
    0x87, 0x42, 0x38, 0x23, 0x1b, 0xf7, 0xb0, 0x34, 0x77, 0x6e, 0xa0, 0x09, 0x03, 
    0xcb, 0x4a, 0x09, 0x28, 0xa7, 0xc8, 0x64, 0x18, 0xa1, 0x57, 0xb2, 0x8b, 0x68, 
    0x01, 0x44, 0xc0, 0x4c, 0x10, 0x86, 0x83, 0x01, 0x12, 0x20, 0x42, 0x08, 0x09, 
    0xc0, 0x05, 0x16, 0x90, 0x10, 0x84, 0x53, 0x4b, 0x47, 0x0d, 0x15, 0x60, 0xc5, 
    0xd7, 0x41, 0x3b, 0x63, 0xe1, 0xd4, 0x42, 0x32, 0xc8, 0x60, 0x41, 0xae, 0x94, 
    0x31, 0xf5, 0x81, 0x60, 0x62, 0x14, 0x15, 0xf7, 0x3b, 0x84, 0xaa, 0x4c, 0x99, 
    0x27, 0xa4, 0x29, 0x0a, 0x0e, 0x10, 0x45, 0x4a, 0x33, 0x23, 0x0d, 0x50, 0xf4, 
    0x61, 0x0c, 0x4d, 0x94, 0x18, 0x2a, 0xee, 0x2c, 0x9c, 0x7a, 0x4c, 0x46, 0x18, 
    0xb2, 0x82, 0x61, 0xe7, 0x05, 0x22, 0x7a, 0x2c, 0x5d, 0x7c, 0x32, 0xa6, 0xb8, 
    0x82, 0x55, 0x25, 0xb6, 0x0e, 0x5d, 0x7f, 0x52, 0x32, 0x69, 0xea, 0x14, 0x04, 
    0xf2, 0xae, 0xf7, 0x7e, 0x28, 0x42, 0x06, 0xbd, 0x37, 0x12, 0x16, 0x56, 0x3f, 
    0x7c, 0xc8, 0xa9, 0xc0, 0x36, 0x42, 0xa0, 0xcc, 0x72, 0x3b, 0x75, 0x09, 0xe6, 
    0xdf, 0x52, 0x32, 0xed, 0x88, 0xbe, 0xff, 0x91, 0x48, 0x5b, 0x7d, 0x64, 0x24, 
    0x23, 0x1d, 0x2e, 0xd0, 0x00, 0x13, 0xb4, 0x40, 0x05, 0x4a, 0xa4, 0x37, 0x33, 
    0x4e, 0xf0, 0x47, 0x7c, 0x26, 0x43, 0x88, 0x4e, 0x7d, 0xc1, 0xfb, 0x4b, 0xc2, 
    0x4c, 0x31, 0xc4, 0xbf, 0x22, 0x0e, 0xf0, 0xc2, 0x8d, 0x9d, 0x31, 0x0c, 0xfa, 
    0x70, 0x01, 0x22, 0xa0, 0x06, 0x51, 0xe0, 0x03, 0x17, 0xe0, 0x1a, 0x92, 0x71, 
    0x08, 0x52, 0x70, 0x0e, 0x56, 0x60, 0x07, 0x59, 0xa0, 0x05, 0x76, 0xb0, 0x04, 
    0x2c, 0x40, 0x05, 0x47, 0x40, 0x02, 0x30, 0xc0, 0x00, 0x44, 0x44, 0x19, 0xc0, 
    0xe0, 0x0f, 0x6a, 0x40, 0x19, 0xf5, 0x67, 0x29, 0x23, 0x37, 0x75, 0x99, 0xa1, 
    0x2a, 0xfc, 0xa7, 0x34, 0xe4, 0x36, 0x19, 0xc9, 0x10, 0x0d, 0x3e, 0x50, 0x00, 
    0x0d, 0xf0, 0x00, 0x30, 0x08, 0x83, 0x08, 0xf0, 0x00, 0x2e, 0x70, 0x0a, 0x5a, 
    0x00, 0x03, 0x6a, 0x30, 0x05, 0x76, 0x20, 0x08, 0x55, 0x80, 0x05, 0x09, 0x40, 
    0x00, 0x09, 0x60, 0x01, 0x4c, 0x20, 0x02, 0x88, 0x10, 0x04, 0x2d, 0xa0, 0x7b, 
    0x93, 0xc1, 0x01, 0xfe, 0x40, 0x19, 0x95, 0xb7, 0x27, 0x6d, 0x44, 0x82, 0x94, 
    0x01, 0x02, 0x22, 0x70, 0x82, 0x07, 0x62, 0x07, 0x12, 0x34, 0x40, 0x3b, 0x60, 
    0x00, 0x08, 0xb0, 0x00, 0x1c, 0x40, 0x03, 0x31, 0x80, 0x03, 0x2d, 0xd0, 0x02, 
    0x33, 0xf0, 0x05, 0x34, 0xf0, 0x05, 0x14, 0xa0, 0x06, 0x73, 0xa0, 0x02, 0x15, 
    0xa0, 0x00, 0xa9, 0xe0, 0x05, 0xc1, 0x40, 0x0a, 0x77, 0x80, 0x0a, 0xa6, 0x30, 
    0x0b, 0x9a, 0x30, 0x01, 0x4b, 0xb0, 0x03, 0x23, 0x50, 0x06, 0x94, 0x81, 0x0d, 
    0x09, 0x40, 0x19, 0x49, 0x60, 0x29, 0x19, 0x80, 0x7f, 0x0e, 0x01, 0x4f, 0x4d, 
    0x40, 0x85, 0xff, 0x81, 0x6e, 0x94, 0xe1, 0x09, 0x16, 0x60, 0x00, 0x0f, 0x70, 
    0x00, 0x18, 0xff, 0x30, 0x02, 0x4e, 0x60, 0x02, 0x3d, 0x40, 0x06, 0x09, 0x80, 
    0x08, 0x47, 0x70, 0x03, 0x6e, 0x50, 0x03, 0x88, 0x20, 0x02, 0x43, 0x00, 0x00, 
    0x68, 0x90, 0x08, 0xd9, 0x20, 0x05, 0x99, 0x71, 0x0f, 0x80, 0xc0, 0x00, 0x2a, 
    0x70, 0x03, 0x19, 0x10, 0x78, 0x9e, 0x71, 0x63, 0x89, 0xf2, 0x1d, 0x4b, 0xc5, 
    0x20, 0x94, 0xe1, 0x24, 0x86, 0xf8, 0x1e, 0xa7, 0x84, 0x19, 0xc1, 0xc0, 0x01, 
    0x0d, 0xb0, 0x01, 0x18, 0x00, 0x05, 0x6e, 0x30, 0x07, 0x98, 0xb0, 0x81, 0xfd, 
    0x50, 0x07, 0xe4, 0xa0, 0x04, 0x96, 0xf0, 0x06, 0x13, 0x40, 0x00, 0x68, 0x80, 
    0x09, 0xbf, 0x40, 0x1d, 0x9d, 0x91, 0x09, 0x2e, 0xe0, 0x05, 0x09, 0x60, 0x03, 
    0x32, 0xe0, 0x02, 0xa2, 0x01, 0x54, 0x8f, 0x72, 0x57, 0xaf, 0xe8, 0x11, 0x94, 
    0x32, 0x8b, 0xef, 0x81, 0x8d, 0x94, 0x81, 0x0a, 0x13, 0xc0, 0x88, 0x10, 0x70, 
    0x02, 0x26, 0xb0, 0x02, 0x42, 0xb0, 0x47, 0x99, 0xe1, 0x0c, 0x67, 0x70, 0x06, 
    0x9f, 0xe8, 0x02, 0x0e, 0x20, 0x06, 0xa2, 0xe1, 0x0b, 0x0e, 0xe0, 0x02, 0xa0, 
    0x80, 0x05, 0x4b, 0xf0, 0x59, 0x9e, 0xc1, 0x0c, 0x96, 0x92, 0x31, 0xd9, 0x18, 
    0x49, 0x93, 0x11, 0x71, 0xdc, 0x18, 0x1d, 0x0f, 0x40, 0x5f, 0x80, 0x22, 0x00, 
    0x05, 0xb0, 0x00, 0x18, 0xe0, 0x04, 0x59, 0xa0, 0x02, 0x1d, 0x70, 0x38, 0x9d, 
    0x51, 0x04, 0x2e, 0xe0, 0x02, 0x65, 0x10, 0x02, 0x01, 0xd0, 0x0a, 0xa3, 0x01, 
    0x06, 0x71, 0x30, 0x8f, 0x68, 0x80, 0x05, 0x22, 0xb0, 0x64, 0x9e, 0xf1, 0x02, 
    0x89, 0x82, 0x00, 0xaa, 0x08, 0x76, 0xfe, 0x28, 0x19, 0x39, 0x14, 0x90, 0xd1, 
    0x11, 0x05, 0x63, 0x90, 0x19, 0x2c, 0x60, 0x90, 0x1e, 0x80, 0x03, 0x24, 0xa0, 
    0x05, 0x6f, 0x40, 0x00, 0xa7, 0x20, 0x1a, 0x9e, 0x10, 0x00, 0x38, 0xff, 0x19, 
    0x00, 0xb3, 0x70, 0x1a, 0xa5, 0x80, 0x93, 0x21, 0x60, 0x05, 0xa5, 0x68, 0x06, 
    0x1d, 0x40, 0x0e, 0xaa, 0xc0, 0x8f, 0x94, 0x71, 0x7d, 0x7b, 0xc2, 0x05, 0x82, 
    0x58, 0x55, 0x8c, 0x85, 0x4d, 0x28, 0x39, 0x1c, 0x25, 0xc0, 0x55, 0x93, 0xd1, 
    0x08, 0x54, 0x20, 0x00, 0x0d, 0x70, 0x00, 0x27, 0x20, 0x03, 0x7f, 0xc0, 0x03, 
    0x67, 0x90, 0x08, 0x3a, 0x20, 0x1a, 0xe5, 0x90, 0x93, 0x01, 0x50, 0x63, 0xa3, 
    0x91, 0x0b, 0x39, 0x19, 0x02, 0x5d, 0xd0, 0x07, 0x64, 0xc0, 0x00, 0x28, 0x80, 
    0x04, 0x6e, 0xc0, 0x07, 0x6e, 0x45, 0x19, 0xd6, 0xa8, 0x26, 0xe1, 0x80, 0x74, 
    0x92, 0xa1, 0x79, 0x4f, 0x39, 0x1c, 0xcb, 0x34, 0x19, 0x52, 0x00, 0x03, 0x56, 
    0x79, 0x00, 0x23, 0x20, 0x03, 0x36, 0x80, 0x05, 0x80, 0xe0, 0x0a, 0xe8, 0xe8, 
    0x19, 0xa4, 0x20, 0x96, 0x0f, 0x27, 0x1a, 0xba, 0x20, 0x96, 0x01, 0xe0, 0x00, 
    0x65, 0x60, 0x05, 0x94, 0x40, 0x06, 0x3c, 0x30, 0x09, 0x32, 0x30, 0x09, 0x98, 
    0x21, 0x09, 0x7b, 0x32, 0x92, 0xab, 0x46, 0x12, 0x93, 0x71, 0x44, 0x79, 0x29, 
    0x1c, 0xc6, 0x43, 0x19, 0x71, 0x66, 0x90, 0x78, 0x73, 0x04, 0x49, 0x90, 0x00, 
    0x5e, 0xe0, 0x8e, 0x8d, 0xe3, 0x19, 0x4f, 0x40, 0x0e, 0x62, 0x79, 0x85, 0x9d, 
    0xe1, 0x08, 0x8e, 0x99, 0x93, 0x83, 0x80, 0x0d, 0xc3, 0xb0, 0x0a, 0xd1, 0x28, 
    0x03, 0x6f, 0x80, 0x19, 0x06, 0xf6, 0x03, 0xcd, 0xc3, 0x01, 0x00, 0x09, 0x21, 
    0x80, 0xd4, 0x8f, 0x15, 0xd2, 0x0f, 0xa6, 0xe0, 0x94, 0xa1, 0xe9, 0x0f, 0x11, 
    0xa0, 0x6a, 0xdc, 0xe6, 0x92, 0x23, 0x70, 0x03, 0x49, 0x70, 0x01, 0xab, 0xe9, 
    0x00, 0x71, 0x30, 0x79, 0x98, 0x21, 0x0f, 0x8e, 0xa9, 0x0f, 0x9d, 0x21, 0x06, 
    0xd5, 0x50, 0x9b, 0x38, 0x69, 0x0e, 0x00, 0xff, 0xd8, 0x0f, 0xe2, 0x80, 0x05, 
    0x76, 0xe0, 0x04, 0x21, 0x40, 0x19, 0x80, 0xe0, 0x0f, 0x9a, 0xd5, 0x0f, 0x63, 
    0x50, 0x04, 0x86, 0x00, 0x0d, 0x2b, 0xd0, 0x47, 0xff, 0x81, 0x77, 0x50, 0x58, 
    0x6d, 0xcb, 0x69, 0x94, 0xfd, 0xd0, 0x81, 0xfe, 0x60, 0x00, 0x1b, 0xd0, 0x02, 
    0x37, 0xa0, 0x02, 0x0a, 0xe0, 0x05, 0x65, 0xe0, 0x00, 0x38, 0x29, 0x9b, 0x94, 
    0x01, 0x0e, 0x57, 0x00, 0x9e, 0xc2, 0x37, 0x19, 0x9d, 0x90, 0x09, 0xe0, 0x89, 
    0x93, 0x0d, 0x4a, 0x19, 0xda, 0x50, 0x05, 0x81, 0x10, 0x05, 0x41, 0x94, 0x08, 
    0x9e, 0x61, 0x04, 0xe8, 0x20, 0x0e, 0x9c, 0x80, 0x04, 0x87, 0x05, 0x1d, 0x19, 
    0x60, 0x2a, 0x4b, 0x49, 0x25, 0xc6, 0xb0, 0x9c, 0xb7, 0xe1, 0x71, 0x40, 0x26, 
    0x5c, 0x11, 0xf0, 0x05, 0x1f, 0x20, 0x02, 0x0c, 0x50, 0x9d, 0x39, 0x09, 0x0d, 
    0xe5, 0x30, 0x19, 0x8a, 0x40, 0x5e, 0x11, 0x8a, 0x93, 0x9f, 0xc0, 0x0c, 0xcb, 
    0xc0, 0x0a, 0x71, 0x90, 0xa3, 0x85, 0x80, 0x5d, 0x93, 0xe1, 0x0b, 0x0a, 0xc0, 
    0x02, 0x3f, 0x70, 0x46, 0xb7, 0x20, 0x60, 0xa3, 0x01, 0x02, 0xe5, 0x00, 0x0c, 
    0xe7, 0x90, 0x0d, 0xe3, 0x90, 0x0b, 0xd9, 0x60, 0x0d, 0x11, 0x25, 0x12, 0xa4, 
    0x80, 0xa2, 0xb6, 0x21, 0x33, 0x94, 0xf1, 0x9c, 0x08, 0x50, 0x02, 0x3f, 0x10, 
    0x0a, 0x16, 0x80, 0x06, 0xee, 0x58, 0x9b, 0xbd, 0xc0, 0x0c, 0xbc, 0xf0, 0x0b, 
    0x39, 0x9a, 0xa6, 0xe0, 0x09, 0x0e, 0x9d, 0x61, 0x0a, 0xa3, 0xf0, 0x06, 0x3e, 
    0x40, 0x8d, 0xd5, 0x37, 0x1a, 0x2a, 0xd1, 0x77, 0xcb, 0xa9, 0x67, 0x93, 0xa1, 
    0x0c, 0x05, 0xd0, 0x9f, 0x07, 0x00, 0x03, 0x5c, 0xa0, 0x04, 0xa9, 0x60, 0x05, 
    0x06, 0xaa, 0xa6, 0x84, 0x4a, 0xa8, 0x4d, 0xd7, 0x19, 0xee, 0xd0, 0x07, 0x16, 
    0x20, 0x07, 0x88, 0xff, 0x40, 0x1a, 0x73, 0x6a, 0x9c, 0x1f, 0x81, 0xa5, 0xfe, 
    0x30, 0x0a, 0x98, 0x91, 0x47, 0x03, 0x10, 0x01, 0x33, 0x50, 0x03, 0x7e, 0xa0, 
    0x09, 0x98, 0x40, 0x91, 0x85, 0x0a, 0x9e, 0x71, 0x60, 0x0c, 0xf7, 0x10, 0x00, 
    0x3f, 0x9a, 0xa6, 0xc5, 0xe0, 0x19, 0xc5, 0xe0, 0x0a, 0x04, 0xb0, 0x04, 0x5b, 
    0x90, 0x2d, 0x4b, 0x85, 0x4b, 0x2c, 0x81, 0xa5, 0x03, 0xb0, 0x08, 0x14, 0x6a, 
    0x1b, 0x05, 0xc0, 0x01, 0x91, 0xa0, 0x05, 0x58, 0xe0, 0x05, 0x2f, 0x30, 0xa8, 
    0x85, 0x3a, 0x08, 0xe1, 0x40, 0x07, 0xd6, 0x00, 0x09, 0x86, 0x20, 0x06, 0x4f, 
    0xd0, 0x06, 0x45, 0x00, 0x06, 0x6c, 0x60, 0x0d, 0xd3, 0x30, 0x08, 0xe0, 0x09, 
    0x63, 0x99, 0x31, 0x0b, 0x5d, 0x40, 0x08, 0x42, 0x40, 0x02, 0xdc, 0x60, 0x27, 
    0xb2, 0xe1, 0x12, 0x58, 0xaa, 0xa1, 0x93, 0x51, 0x34, 0x2c, 0x3a, 0x03, 0x3e, 
    0x60, 0x09, 0x67, 0x20, 0xa8, 0x9f, 0xfa, 0x0d, 0xcb, 0xf0, 0x51, 0xb2, 0x71, 
    0x0b, 0xbc, 0x50, 0x9b, 0x8f, 0x46, 0x19, 0x8d, 0x10, 0x00, 0x2e, 0x90, 0x0a, 
    0x28, 0xe0, 0x06, 0x98, 0x06, 0xa9, 0x39, 0x81, 0xa2, 0x07, 0x50, 0x4b, 0x93, 
    0x01, 0x7d, 0xfd, 0x09, 0x04, 0x51, 0x10, 0x0a, 0x58, 0xd0, 0x07, 0x2f, 0xf0, 
    0xa9, 0xaf, 0x80, 0x6d, 0x1a, 0xf3, 0x08, 0x62, 0x19, 0x07, 0xb1, 0x87, 0x19, 
    0xf0, 0x10, 0x00, 0x65, 0x00, 0x08, 0x4a, 0x70, 0x03, 0x66, 0xb0, 0x7b, 0x1c, 
    0x81, 0xa2, 0x8f, 0x24, 0x19, 0x8f, 0x60, 0x1b, 0x02, 0x80, 0x00, 0x5f, 0x50, 
    0x03, 0x96, 0x40, 0x08, 0x5d, 0xe0, 0xab, 0x69, 0x4a, 0x90, 0xb8, 0x24, 0x05, 
    0x62, 0x49, 0x6a, 0xa0, 0x15, 0x00, 0x2f, 0x00, 0x0a, 0x43, 0x70, 0x04, 0x4b, 
    0x40, 0xb1, 0x1b, 0xb1, 0x9c, 0x07, 0x80, 0x19, 0xb5, 0x60, 0x1b, 0x03, 0xff, 
    0xb0, 0x00, 0x14, 0x30, 0x07, 0x3c, 0xc0, 0xab, 0x84, 0x3a, 0x08, 0x9c, 0x37, 
    0x7c, 0x6c, 0xe0, 0xac, 0x01, 0x60, 0x7b, 0x99, 0x61, 0x0e, 0x2a, 0xeb, 0x05, 
    0x1d, 0x90, 0x05, 0x48, 0x00, 0xb3, 0x1a, 0xb1, 0x9c, 0x1e, 0x69, 0x92, 0xb7, 
    0x51, 0x00, 0x10, 0x10, 0x04, 0x4b, 0xc0, 0xa9, 0x22, 0x0b, 0xaa, 0x6c, 0x3a, 
    0xa7, 0xd4, 0x80, 0x93, 0x05, 0x87, 0x19, 0xcf, 0x80, 0x93, 0x2f, 0x40, 0x09, 
    0x16, 0x80, 0x08, 0xae, 0x68, 0xaf, 0x37, 0x11, 0x9a, 0x02, 0x00, 0x0f, 0x94, 
    0x51, 0x72, 0x1b, 0x4b, 0x03, 0x32, 0x60, 0x09, 0xa9, 0xd0, 0x05, 0x84, 0x2a, 
    0x8a, 0x8f, 0xaa, 0x03, 0xa5, 0xba, 0x0e, 0x5f, 0xe9, 0x7c, 0x26, 0xeb, 0x93, 
    0x8a, 0xca, 0x05, 0x3b, 0xa0, 0x41, 0x24, 0xb9, 0x13, 0xa1, 0xe9, 0x8d, 0xfd, 
    0x20, 0x0a, 0xb7, 0x21, 0x00, 0x12, 0xd0, 0x02, 0x88, 0x50, 0x01, 0x94, 0x30, 
    0xb0, 0x69, 0xca, 0x9d, 0x8f, 0x2a, 0x19, 0x74, 0x90, 0x93, 0xd7, 0x70, 0x05, 
    0xd3, 0x80, 0xa6, 0x67, 0xd9, 0xb7, 0x2b, 0x50, 0xa2, 0x29, 0x11, 0x9a, 0xe4, 
    0x86, 0x94, 0xc2, 0xb5, 0x01, 0x19, 0x80, 0x04, 0x0c, 0x90, 0x08, 0x9e, 0x9a, 
    0xa3, 0x67, 0xf4, 0xa8, 0xad, 0xa0, 0xa6, 0x61, 0xcb, 0x03, 0x53, 0xf0, 0xb2, 
    0x66, 0x7b, 0xb6, 0x4f, 0x09, 0xbb, 0x92, 0x31, 0x06, 0xc2, 0x61, 0x00, 0x40, 
    0xb0, 0x05, 0x22, 0x40, 0x00, 0xe4, 0x9a, 0xa3, 0xb2, 0x13, 0xb9, 0x92, 0x61, 
    0x08, 0xac, 0xeb, 0x05, 0x13, 0x10, 0x08, 0x87, 0xd6, 0x99, 0x42, 0x91, 0x97, 
    0x2b, 0x39, 0x19, 0xe2, 0x13, 0xb5, 0x39, 0x10, 0x04, 0x49, 0x10, 0x0f, 0x21, 
    0x9b, 0xa6, 0x16, 0x09, 0xbc, 0xfd, 0xa0, 0x03, 0xb0, 0x99, 0xa3, 0x2f, 0x40, 
    0xbc, 0x81, 0xd0, 0x07, 0x4c, 0x9b, 0x11, 0x4f, 0xff, 0x79, 0x2e, 0x92, 0xf1, 
    0x2b, 0xc2, 0x51, 0x00, 0x6b, 0x60, 0x02, 0x66, 0x40, 0x06, 0x63, 0x1a, 0xa1, 
    0x5d, 0x6b, 0xbd, 0x70, 0x96, 0xa6, 0x61, 0x6b, 0x01, 0x5c, 0xd0, 0x01, 0x9c, 
    0x8b, 0x12, 0x28, 0x39, 0x00, 0x79, 0x2b, 0x19, 0xd1, 0x25, 0x1c, 0x0d, 0x40, 
    0x03, 0x6e, 0x80, 0x02, 0xa9, 0x50, 0x06, 0x69, 0x4a, 0xa5, 0xee, 0xdb, 0x0f, 
    0xe3, 0x10, 0xa1, 0xbd, 0x70, 0x0e, 0xd1, 0x90, 0x08, 0x0a, 0x60, 0x07, 0x37, 
    0x10, 0x6b, 0xdf, 0x6b, 0x11, 0x28, 0x99, 0x58, 0x93, 0x01, 0x0b, 0xd0, 0xd1, 
    0xbf, 0x6e, 0xf0, 0x06, 0x01, 0x9c, 0xa3, 0xbf, 0xd0, 0x6f, 0x91, 0x4b, 0x9b, 
    0x8e, 0x19, 0x07, 0x86, 0x80, 0x79, 0xdd, 0x20, 0xaf, 0x3e, 0x60, 0x03, 0xf5, 
    0x6b, 0x12, 0x28, 0x49, 0x6b, 0x93, 0xc1, 0x59, 0xfc, 0xeb, 0xbf, 0x00, 0x2c, 
    0xc0, 0x11, 0x6a, 0x50, 0x05, 0xdc, 0x0f, 0x20, 0x2c, 0x96, 0x0a, 0x38, 0x19, 
    0x95, 0xc0, 0x00, 0x7c, 0x10, 0x05, 0x34, 0x1c, 0xb8, 0xf7, 0xca, 0x8d, 0xb4, 
    0xdb, 0x0f, 0xc4, 0x10, 0x1d, 0x05, 0x50, 0x02, 0x1f, 0x90, 0xbe, 0xeb, 0x5b, 
    0x9b, 0x90, 0x55, 0xc3, 0xbd, 0xe0, 0x98, 0xed, 0x49, 0x19, 0x9d, 0x40, 0x06, 
    0x28, 0x20, 0x03, 0x2a, 0x10, 0xc1, 0x15, 0x11, 0x90, 0xe7, 0x40, 0x19, 0x75, 
    0x03, 0x1d, 0x52, 0xfb, 0x03, 0x2a, 0x80, 0x0b, 0xd3, 0x5b, 0x9b, 0x71, 0xa0, 
    0xa4, 0xd6, 0x1b, 0x0e, 0x62, 0x09, 0x0d, 0x1e, 0xbc, 0x08, 0x98, 0x60, 0x01, 
    0x73, 0x70, 0x79, 0x58, 0x3c, 0x11, 0xdc, 0xe8, 0x01, 0x10, 0xdc, 0x0f, 0x62, 
    0xc0, 0x1d, 0x06, 0x70, 0x00, 0x51, 0xc0, 0x02, 0x0a, 0xe0, 0x0a, 0xa7, 0x9b, 
    0xb0, 0x6a, 0x5b, 0xc3, 0xf8, 0x20, 0x96, 0xe3, 0xf0, 0x3e, 0x83, 0xa0, 0x09, 
    0x4b, 0xe0, 0x06, 0xf0, 0xff, 0x18, 0xbb, 0x33, 0xc1, 0x8d, 0x91, 0x40, 0x19, 
    0x63, 0x15, 0x1d, 0x37, 0x4b, 0x01, 0x72, 0x60, 0x01, 0x9c, 0xe0, 0xb8, 0x4c, 
    0x5c, 0xc3, 0x29, 0xa0, 0x0d, 0x62, 0xa9, 0x9f, 0x36, 0x1a, 0x00, 0x67, 0x20, 
    0x08, 0x35, 0xd0, 0x4e, 0x40, 0x2c, 0xbb, 0x86, 0xb8, 0x7c, 0x93, 0xd1, 0x84, 
    0x87, 0xfb, 0x00, 0x33, 0x50, 0x0b, 0x4a, 0x20, 0xa6, 0x11, 0x4a, 0x7e, 0xd6, 
    0xfb, 0xae, 0x62, 0x09, 0xad, 0x83, 0x54, 0x06, 0x68, 0xa0, 0x04, 0x47, 0xc0, 
    0xc2, 0xa5, 0x6c, 0x13, 0x01, 0xd9, 0x05, 0x92, 0x01, 0x09, 0x12, 0xc0, 0x1d, 
    0x56, 0x59, 0x02, 0x26, 0xa0, 0x02, 0x84, 0xd0, 0xbb, 0x8e, 0x79, 0x0f, 0xb4, 
    0xea, 0xbe, 0x6c, 0xe0, 0x98, 0xa1, 0x96, 0x19, 0x90, 0xb0, 0xbd, 0x43, 0x90, 
    0x05, 0x51, 0x8c, 0xbc, 0x3e, 0x81, 0x92, 0x5b, 0x00, 0x4c, 0xe6, 0x61, 0x00, 
    0x1e, 0x10, 0x06, 0x5a, 0xa0, 0x01, 0x7d, 0xf0, 0xc7, 0xb1, 0x59, 0xc0, 0xfb, 
    0xe0, 0x98, 0x74, 0x8b, 0x19, 0xb2, 0xb0, 0xb2, 0x16, 0xaa, 0x75, 0x8c, 0x2c, 
    0x13, 0x92, 0x0a, 0x1d, 0x02, 0x10, 0x01, 0x38, 0xe0, 0x03, 0x80, 0xba, 0xc4, 
    0x62, 0x59, 0x09, 0x05, 0x5c, 0x08, 0x8e, 0x39, 0x71, 0x94, 0x61, 0xb7, 0x65, 
    0x30, 0x0a, 0x28, 0xb0, 0x03, 0x39, 0xf6, 0xce, 0x31, 0x11, 0xcf, 0x5e, 0x0c, 
    0x01, 0x7a, 0xb0, 0x04, 0x09, 0x60, 0xba, 0x11, 0xca, 0x8c, 0x91, 0x0b, 0x0b, 
    0xb5, 0x39, 0xa1, 0x93, 0x61, 0x0e, 0x0e, 0x60, 0x05, 0xf1, 0xa0, 0x02, 0x6a, 
    0x90, 0xce, 0xd8, 0xdc, 0x13, 0x08, 0x3d, 0x1c, 0x37, 0x7b, 0x02, 0x53, 0xd0, 
    0x03, 0x80, 0x30, 0xc6, 0x8e, 0xb9, 0x0a, 0x60, 0x36, 0xa7, 0x97, 0x00, 0x9e, 
    0x8b, 0x29, 0x19, 0xc0, 0x10, 0x00, 0x21, 0x90, 0x08, 0x09, 0x10, 0x0a, 0x26, 
    0xff, 0x60, 0xb0, 0x43, 0xf1, 0xd1, 0xc2, 0x61, 0x95, 0xcf, 0xcb, 0x02, 0x09, 
    0x20, 0xb0, 0x11, 0x7a, 0xad, 0x8f, 0x7a, 0x08, 0x39, 0xfa, 0x0e, 0xb0, 0xd0, 
    0x0c, 0xce, 0x00, 0xb6, 0xa0, 0x50, 0x01, 0x59, 0x40, 0x05, 0x29, 0x4c, 0x12, 
    0x38, 0x2d, 0x1c, 0x37, 0x0b, 0x07, 0x3e, 0x80, 0x02, 0xf1, 0xe0, 0xc7, 0x11, 
    0x7a, 0x7c, 0x56, 0x55, 0x07, 0xd7, 0xf0, 0xa9, 0x0e, 0xd0, 0x05, 0x64, 0x60, 
    0x06, 0x4d, 0xc0, 0x03, 0x71, 0x2c, 0xc7, 0x4f, 0xad, 0xb1, 0xb7, 0x1a, 0x06, 
    0x72, 0x50, 0x05, 0xa3, 0xa0, 0xcc, 0x8e, 0x79, 0xb1, 0xb8, 0xa4, 0x03, 0x42, 
    0x5b, 0xa8, 0x2f, 0xc0, 0x09, 0x3c, 0x1c, 0x05, 0xfa, 0x49, 0x14, 0x65, 0x7d, 
    0x1b, 0x03, 0xf0, 0x00, 0x34, 0x40, 0x02, 0x7c, 0x60, 0x01, 0x25, 0x4d, 0xce, 
    0x39, 0x69, 0x0b, 0xfe, 0x24, 0x3a, 0x75, 0xb0, 0xd2, 0x5c, 0x6d, 0x05, 0x67, 
    0x80, 0x02, 0x47, 0x20, 0x03, 0x4d, 0xed, 0xd4, 0x79, 0x6d, 0xb3, 0x12, 0x10, 
    0x03, 0x6a, 0xc0, 0x02, 0x1d, 0x50, 0x98, 0x82, 0x8d, 0x93, 0x97, 0xa0, 0xaf, 
    0x1a, 0xd3, 0x93, 0x9f, 0xfa, 0x98, 0x2e, 0x80, 0x06, 0x3c, 0xa0, 0x05, 0x5b, 
    0x90, 0x0e, 0x8f, 0x3d, 0x12, 0x91, 0x7d, 0x1b, 0xfe, 0x89, 0x03, 0x4d, 0x60, 
    0x07, 0x5c, 0x89, 0x09, 0x05, 0x0a, 0x9e, 0x85, 0xf0, 0xb3, 0xb2, 0xd1, 0x0c, 
    0xa5, 0x5a, 0xa8, 0xf3, 0x48, 0x09, 0x17, 0x60, 0x03, 0x26, 0x30, 0x02, 0x80, 
    0xdb, 0xd1, 0xd9, 0x9c, 0xda, 0xfe, 0x20, 0x00, 0x06, 0xb0, 0x00, 0x33, 0x10, 
    0x04, 0x5a, 0xc0, 0x04, 0x9a, 0xe0, 0x05, 0x5d, 0x90, 0xd9, 0x01, 0x40, 0x0a, 
    0x42, 0x9a, 0x19, 0xc2, 0x20, 0x0b, 0x9f, 0x0d, 0xda, 0xd0, 0x78, 0x8a, 0x2d, 
    0x60, 0x62, 0x63, 0x4d, 0xd6, 0xc2, 0x4d, 0xdc, 0x0b, 0xff, 0xf0, 0x05, 0x7a, 
    0x80, 0x08, 0x7e, 0xc0, 0x00, 0xa3, 0x90, 0x08, 0x13, 0x09, 0x9e, 0xfa, 0x20, 
    0x05, 0x71, 0x39, 0x19, 0x20, 0x60, 0x08, 0xed, 0x50, 0xdd, 0x0e, 0xf0, 0x93, 
    0xa0, 0xa0, 0x01, 0x42, 0xe0, 0x03, 0x30, 0x70, 0x00, 0x64, 0xd9, 0xcb, 0x38, 
    0x21, 0xdc, 0xb7, 0x1b, 0x01, 0x39, 0x40, 0x01, 0x35, 0xc0, 0x07, 0x3d, 0x40, 
    0x00, 0xa0, 0x00, 0xdb, 0x21, 0x70, 0xb5, 0x38, 0x59, 0x09, 0xbc, 0x70, 0x0c, 
    0xf5, 0x40, 0x07, 0xfc, 0x5c, 0xdd, 0x21, 0x50, 0x06, 0x89, 0x70, 0x06, 0x3c, 
    0xb0, 0x04, 0x32, 0x70, 0x02, 0x40, 0xd0, 0x9b, 0xdb, 0xcd, 0xdd, 0xfc, 0x2d, 
    0x5c, 0x08, 0x70, 0x00, 0x38, 0x10, 0xde, 0x36, 0x30, 0x01, 0x9a, 0xf0, 0x89, 
    0x5d, 0xd0, 0xab, 0x08, 0x5e, 0xdd, 0x38, 0x19, 0xdf, 0x2e, 0x80, 0x09, 0x68, 
    0x40, 0x00, 0x4c, 0x40, 0xd3, 0x27, 0x70, 0x00, 0x0d, 0x80, 0xb2, 0xc0, 0xfd, 
    0x13, 0x1d, 0x9e, 0xd3, 0x06, 0x20, 0x01, 0x39, 0x30, 0x02, 0x6a, 0xc0, 0x05, 
    0x93, 0x50, 0x05, 0x09, 0x40, 0x06, 0x5e, 0x80, 0x09, 0x5d, 0x30, 0x91, 0x0e, 
    0x90, 0xe2, 0x39, 0x9a, 0xe4, 0x11, 0x6e, 0x05, 0x9c, 0x00, 0x08, 0x00, 0x30, 
    0x04, 0x93, 0x50, 0x0b, 0x5b, 0x80, 0x01, 0x1b, 0x50, 0x00, 0x1f, 0xb8, 0xe1, 
    0x1c, 0x9e, 0xe3, 0x1e, 0xee, 0x01, 0x34, 0x90, 0x01, 0x1f, 0x30, 0x05, 0x2c, 
    0x60, 0x09, 0x13, 0xa0, 0x00, 0x84, 0x00, 0x08, 0x94, 0x90, 0x08, 0x56, 0x70, 
    0xe4, 0x2f, 0xd0, 0xe6, 0x21, 0xf0, 0xe6, 0x70, 0xfe, 0xe6, 0x6d, 0x5e, 0x06, 
    0x5d, 0xe0, 0x0a, 0x7d, 0x00, 0x08, 0xf1, 0xa0, 0x01, 0x3d, 0x60, 0x03, 0x5c, 
    0xd0, 0xdb, 0x39, 0x10, 0x01, 0x06, 0x20, 0x00, 0x77, 0x7d, 0x14, 0x5c, 0x3e, 
    0x1c, 0xc4, 0x8d, 0x00, 0x1b, 0xff, 0x50, 0x02, 0x70, 0x10, 0x09, 0x6e, 0x30, 
    0x05, 0x7c, 0x90, 0x04, 0x4c, 0xd0, 0x01, 0x17, 0xa0, 0x09, 0x64, 0x30, 0x0a, 
    0x68, 0xe0, 0x05, 0x94, 0xd0, 0x07, 0x7d, 0xc0, 0x09, 0x9c, 0xce, 0xe9, 0x7d, 
    0x40, 0x09, 0x5e, 0x00, 0x08, 0x64, 0x40, 0x00, 0x42, 0x68, 0x03, 0x5a, 0xe0, 
    0x03, 0x41, 0x30, 0x02, 0x6b, 0xb0, 0x00, 0x0d, 0xd0, 0x50, 0x63, 0xa2, 0xe5, 
    0x5b, 0x5e, 0xe8, 0xc3, 0xad, 0x85, 0x5c, 0xf8, 0x05, 0x23, 0xb0, 0x05, 0x26, 
    0x70, 0x04, 0x73, 0x60, 0x07, 0x93, 0x20, 0x08, 0x6f, 0x50, 0x05, 0x15, 0xd0, 
    0x01, 0x16, 0x80, 0x05, 0x0c, 0x50, 0xec, 0xc5, 0x8e, 0x05, 0x16, 0x50, 0x01, 
    0x4a, 0x20, 0x08, 0x4b, 0x20, 0x07, 0x47, 0xa0, 0x06, 0x61, 0xd0, 0x02, 0x25, 
    0xb0, 0x01, 0x08, 0x10, 0xe8, 0xfe, 0x80, 0xa1, 0xa7, 0xad, 0xc2, 0xb2, 0x2e, 
    0xcf, 0xc4, 0xdd, 0x00, 0x12, 0x70, 0x00, 0x39, 0x10, 0x03, 0x27, 0x10, 0x06, 
    0x7a, 0xf0, 0x01, 0x35, 0xb0, 0x03, 0xb5, 0x30, 0x05, 0x88, 0x30, 0x07, 0x2b, 
    0xd0, 0xee, 0xed, 0x3e, 0x07, 0x88, 0x10, 0x08, 0x37, 0xf0, 0x01, 0x5b, 0x40, 
    0x01, 0x31, 0x90, 0x03, 0x1e, 0xf0, 0x00, 0x05, 0x30, 0x00, 0x02, 0x40, 0x1c, 
    0x3e, 0xa5, 0xdf, 0x3a, 0xb1, 0xed, 0xdd, 0x21, 0x00, 0x03, 0x60, 0x00, 0x2f, 
    0xb8, 0x00, 0x07, 0x00, 0x01, 0x6b, 0x80, 0x01, 0x33, 0xd0, 0x02, 0x27, 0x30, 
    0x02, 0x14, 0x00, 0x03, 0x12, 0x2f, 0xf1, 0x14, 0x30, 0x02, 0x2d, 0x10, 0x03, 
    0x6b, 0xc0, 0x01, 0x1b, 0x10, 0x01, 0x0d, 0x10, 0xe8, 0xfd, 0x7e, 0x1b, 0x22, 
    0x04, 0xeb, 0x14, 0x21, 0xf0, 0xef, 0x41, 0xf0, 0x05, 0xef, 0x82, 0x33, 0x18, 
    0x01, 0x11, 0x20, 0x01, 0x2c, 0xdf, 0xf2, 0x12, 0x10, 0x01, 0x0f, 0x80, 0x00, 
    0x05, 0xf7, 0xf0, 0x5f, 0x1f, 0x3f, 0x1c, 0x8e, 0x90, 0xed, 0xf6, 0x4b, 0xf2, 
    0x07, 0x22, 0x00, 0x3c, 0x6f, 0xf2, 0x03, 0xf0, 0xf3, 0x40, 0xcf, 0xef, 0x35, 
    0x1f, 0x1d, 0xe6, 0x60, 0x4b, 0x40, 0xa1, 0xf3, 0xc7, 0x62, 0xda, 0x38, 0x9f, 
    0xf3, 0x48, 0xbf, 0x2a, 0x87, 0x69, 0xd0, 0x01, 0xdf, 0xf4, 0xa4, 0xb2, 0x4a, 
    0x22, 0x7f, 0x11, 0x52, 0xdf, 0x29, 0x57, 0xbc, 0xf4, 0x2a, 0x71, 0xf5, 0x96, 
    0x82, 0x84, 0x00, 0x7f, 0xf4, 0x5c, 0xbf, 0x27, 0x7a, 0x70, 0x05, 0x0b, 0x7b, 
    0xe3, 0x48, 0x11, 0xf6, 0x73, 0x72, 0x5d, 0x55, 0x1f, 0xb3, 0x68, 0x1f, 0x26, 
    0xde, 0xb4, 0xf6, 0x4d, 0xdb, 0xf6, 0x4f, 0x42, 0xf5, 0x5f, 0x7f, 0xd3, 0x72, 
    0xdf, 0x23, 0x94, 0xaa, 0xf5, 0xda, 0x7a, 0xf7, 0x2b, 0xc2, 0x73, 0x70, 0xcf, 
    0xf6, 0x7c, 0x0f, 0x21, 0x02, 0xa5, 0xf7, 0x2f, 0x11, 0xf8, 0x10, 0x02, 0xcc, 
    0x84, 0x5f, 0xf8, 0x86, 0x7f, 0x1f, 0x4c, 0x9d, 0xf8, 0x8a, 0xbf, 0xf8, 0xe6, 
    0x81, 0x88, 0x75, 0x4f, 0xe8, 0x90, 0xdf, 0x1d, 0xda, 0xfd, 0xf7, 0x91, 0x5a, 
    0xf9, 0xd1, 0x01, 0x0d, 0x46, 0xff, 0x14, 0x9a, 0x0f, 0x1d, 0x51, 0x06, 0xf5, 
    0x67, 0xff, 0xf9, 0xb7, 0x21, 0x0e, 0x9d, 0x0f, 0x15, 0xa4, 0x6f, 0x1b, 0x3f, 
    0xe2, 0xf8, 0x34, 0x91, 0xfa, 0x52, 0xc7, 0xfa, 0xad, 0xff, 0xf9, 0x8e, 0x0d, 
    0xfb, 0xb1, 0x5f, 0xf9, 0x10, 0xb0, 0xde, 0x93, 0xef, 0x14, 0x9f, 0x9f, 0xdf, 
    0xb9, 0xaf, 0xfb, 0x95, 0x5f, 0x9c, 0xbd, 0xef, 0xfb, 0x8b, 0x4f, 0x02, 0xa7, 
    0x5f, 0x15, 0x95, 0x6f, 0xc6, 0x64, 0x01, 0xf9, 0x00, 0x40, 0xfb, 0xfb, 0x6d, 
    0xf8, 0x73, 0xc0, 0xfc, 0xcd, 0xcf, 0xf7, 0x23, 0xc0, 0x99, 0x66, 0xcf, 0x15, 
    0x01, 0x01, 0x00, 0x21, 0xf9, 0x04, 0x09, 0x08, 0x00, 0xff, 0x00, 0x2c, 0x00, 
    0x00, 0x00, 0x00, 0xf0, 0x00, 0xf0, 0x00, 0x00, 0x08, 0xff, 0x00, 0xff, 0x09, 
    0x1c, 0x48, 0xb0, 0xa0, 0xc1, 0x83, 0x08, 0x13, 0x2a, 0x5c, 0xc8, 0xb0, 0xa1, 
    0xc3, 0x87, 0x10, 0x23, 0x4a, 0x9c, 0x48, 0xb1, 0xa2, 0xc5, 0x8b, 0x18, 0x33, 
    0x6a, 0xdc, 0xc8, 0xb1, 0xa3, 0xc7, 0x8f, 0x20, 0x43, 0x8a, 0x1c, 0x49, 0xb2, 
    0xa4, 0xc9, 0x93, 0x28, 0x53, 0xaa, 0x5c, 0xc9, 0xb2, 0xa5, 0xcb, 0x97, 0x30, 
    0x63, 0xca, 0x9c, 0x49, 0xb3, 0xa6, 0xcd, 0x9b, 0x38, 0x73, 0xea, 0xdc, 0xc9, 
    0xb3, 0xa7, 0xcf, 0x9f, 0x40, 0x83, 0x0a, 0x1d, 0x4a, 0xb4, 0xa8, 0xd1, 0xa3, 
    0x48, 0x93, 0x2a, 0x5d, 0xca, 0xb4, 0xa9, 0xd3, 0xa7, 0x50, 0xa3, 0x4a, 0x9d, 
    0x4a, 0xb5, 0xaa, 0xd5, 0xab, 0x58, 0xb3, 0x6a, 0xdd, 0xca, 0xb5, 0xab, 0xd7, 
    0xaf, 0x60, 0xc3, 0x8a, 0x1d, 0x4b, 0xb6, 0xac, 0xd9, 0xb3, 0x68, 0xd3, 0xaa, 
    0x5d, 0xcb, 0xb6, 0xad, 0xdb, 0xb7, 0x70, 0xe3, 0xca, 0x9d, 0x4b, 0xb7, 0xae, 
    0xdd, 0xbb, 0x78, 0xf3, 0xea, 0xdd, 0xcb, 0xb7, 0xaf, 0xdf, 0xbf, 0x80, 0x03, 
    0x0b, 0x1e, 0x4c, 0xb8, 0xb0, 0xe1, 0xc3, 0x88, 0x13, 0x2b, 0x5e, 0xcc, 0xb8, 
    0xb1, 0xe3, 0xc7, 0x90, 0x23, 0xa7, 0xec, 0x47, 0xb9, 0xb2, 0xe4, 0xaa, 0x95, 
    0x33, 0x6b, 0xbe, 0xec, 0x54, 0xb3, 0x67, 0xcf, 0x9c, 0x95, 0x7e, 0x1e, 0x9d, 
    0x39, 0xf4, 0x51, 0xd2, 0xfd, 0x0c, 0x41, 0x32, 0x34, 0xda, 0x34, 0xd1, 0xcf, 
    0xf5, 0x5e, 0x20, 0x81, 0x81, 0xc0, 0x1f, 0x02, 0x37, 0xae, 0xc6, 0x80, 0x76, 
    0xfd, 0xf3, 0xf3, 0x3a, 0x27, 0xfe, 0x82, 0x0b, 0x1f, 0xfe, 0x6b, 0x33, 0xef, 
    0x9e, 0x9f, 0x57, 0x0d, 0x5f, 0x3e, 0xfc, 0x5c, 0xe9, 0xe3, 0x3b, 0x3f, 0x67, 
    0x61, 0x4e, 0xdd, 0xdf, 0x07, 0xe3, 0xd0, 0x6f, 0x7a, 0xf6, 0x86, 0xa4, 0x3a, 
    0xf5, 0x08, 0x69, 0xb0, 0x67, 0xff, 0x9f, 0xe9, 0x99, 0x94, 0x77, 0xef, 0xaa, 
    0x76, 0x8f, 0x8f, 0x59, 0xfe, 0xbc, 0xf7, 0x03, 0x45, 0xd4, 0xaf, 0x6f, 0xe9, 
    0xb9, 0x99, 0xfb, 0xf3, 0x4e, 0x52, 0xc8, 0x9f, 0x3f, 0x59, 0xb3, 0x3b, 0x1a, 
    0xf7, 0x9d, 0xa7, 0x06, 0x33, 0xfb, 0xf1, 0x67, 0x92, 0x66, 0xeb, 0x04, 0x18, 
    0xe0, 0x10, 0x46, 0x88, 0x67, 0x20, 0x49, 0x9a, 0xbd, 0xa2, 0xa0, 0x82, 0x48, 
    0x14, 0xf8, 0xe0, 0x47, 0x9a, 0xe1, 0x31, 0xe1, 0x84, 0x2e, 0x38, 0x78, 0xa1, 
    0x47, 0x9a, 0x81, 0xd0, 0xc4, 0x86, 0x13, 0x5a, 0xf3, 0xdc, 0x87, 0x20, 0x69, 
    0x16, 0x0a, 0x89, 0x13, 0xe2, 0xe0, 0x21, 0x8a, 0x19, 0x69, 0x96, 0x09, 0x8b, 
    0x1b, 0x52, 0x73, 0x22, 0x8c, 0x1b, 0x65, 0xa6, 0xc8, 0x03, 0x34, 0x4e, 0x18, 
    0xca, 0x8b, 0x38, 0x52, 0xa4, 0x59, 0x05, 0x3d, 0x4e, 0xb8, 0xc1, 0x13, 0x37, 
    0x06, 0x69, 0x51, 0x66, 0x6c, 0x14, 0xb9, 0xe1, 0x32, 0x49, 0x2a, 0x39, 0x91, 
    0x66, 0xf8, 0x38, 0x39, 0xa1, 0x3e, 0x51, 0x4a, 0x09, 0x91, 0x66, 0x29, 0x40, 
    0x60, 0xa5, 0x82, 0x96, 0x64, 0xa9, 0xa5, 0x43, 0x43, 0x7e, 0xa9, 0xa0, 0x0c, 
    0x40, 0x8e, 0xa9, 0x90, 0x66, 0xbc, 0x98, 0xa9, 0x60, 0x09, 0x69, 0xaa, 0x89, 
    0x50, 0x66, 0x75, 0xf0, 0xe8, 0x66, 0x80, 0x77, 0x88, 0x29, 0xe7, 0x41, 0x9a, 
    0x2d, 0x71, 0xa7, 0x82, 0x0a, 0xc4, 0xb9, 0xe7, 0x40, 0x99, 0x79, 0xf2, 0xa7, 
    0x82, 0x0b, 0xe8, 0xa0, 0xe7, 0xa0, 0x84, 0x56, 0x46, 0xcf, 0xa1, 0x0a, 0x92, 
    0xb2, 0x28, 0xa3, 0x9a, 0x69, 0x00, 0x69, 0x80, 0xa7, 0x4c, 0x3a, 0xa8, 0x66, 
    0x1f, 0x5c, 0x7a, 0x5f, 0x1f, 0x9a, 0xee, 0xa9, 0x99, 0x05, 0x9e, 0xba, 0xc7, 
    0x85, 0xa0, 0x9b, 0x56, 0x46, 0x40, 0xa9, 0xe7, 0x0d, 0xc0, 0x5a, 0xa8, 0x6a, 
    0x56, 0xff, 0x46, 0x0b, 0xab, 0xee, 0xf1, 0x81, 0xea, 0x9e, 0x74, 0xc4, 0xf3, 
    0x41, 0x14, 0x26, 0x98, 0xd0, 0x44, 0x18, 0xb4, 0x32, 0x27, 0x0b, 0xac, 0x63, 
    0xf6, 0xd3, 0x8c, 0x2e, 0x48, 0x66, 0xa6, 0x4c, 0x31, 0x01, 0xd8, 0xb0, 0x45, 
    0xb0, 0x7f, 0x10, 0x1b, 0x24, 0x6a, 0x9f, 0x95, 0x03, 0x0d, 0x09, 0xa5, 0xc2, 
    0x71, 0xeb, 0xb4, 0xd4, 0x92, 0x36, 0xcd, 0x11, 0x9e, 0x12, 0x23, 0xed, 0x87, 
    0xfe, 0x10, 0xd1, 0x2d, 0x6a, 0xbb, 0x04, 0x01, 0xa9, 0x1f, 0xdb, 0x1a, 0xb8, 
    0x1c, 0xa8, 0x94, 0x79, 0x22, 0x49, 0x31, 0xd3, 0x74, 0x53, 0x49, 0x25, 0xe1, 
    0x38, 0x02, 0x0c, 0x3f, 0xa4, 0x19, 0x41, 0xe4, 0xa1, 0x36, 0x8e, 0x9b, 0x1d, 
    0x75, 0x93, 0x24, 0xf2, 0xc7, 0x02, 0xde, 0x09, 0xa0, 0x47, 0x02, 0x92, 0x7e, 
    0x46, 0x8d, 0x04, 0x7f, 0x3a, 0x61, 0x9c, 0x85, 0xeb, 0x6d, 0x18, 0xc9, 0x0e, 
    0x5e, 0x0e, 0xf7, 0xc3, 0x29, 0xe0, 0x78, 0x46, 0x0c, 0x15, 0x7f, 0x66, 0xb3, 
    0xc8, 0xb9, 0x9f, 0x0d, 0xac, 0xe0, 0x0b, 0x94, 0xe9, 0x20, 0x8e, 0x20, 0xcb, 
    0x2d, 0x00, 0xcd, 0x67, 0x7d, 0xdc, 0xb9, 0x41, 0x7c, 0x24, 0x97, 0x7c, 0x5c, 
    0x70, 0x2d, 0x64, 0x20, 0x40, 0x75, 0x33, 0x78, 0x56, 0xcf, 0xb3, 0xc3, 0x21, 
    0x82, 0x8e, 0x67, 0x95, 0x98, 0xe9, 0x81, 0x14, 0x35, 0x53, 0xcb, 0xdb, 0x23, 
    0xe1, 0xe5, 0x61, 0x8e, 0x10, 0x08, 0x0f, 0xd7, 0xc2, 0x67, 0xec, 0x0c, 0xc0, 
    0x5c, 0x71, 0x9a, 0xd5, 0xf3, 0xa5, 0x08, 0xa3, 0xa1, 0x93, 0xce, 0x36, 0x75, 
    0x24, 0x4d, 0x59, 0x63, 0xd4, 0x4d, 0xe0, 0x99, 0x30, 0x0e, 0x78, 0x30, 0xdc, 
    0xcb, 0x9e, 0x41, 0xcc, 0x1c, 0x20, 0xe6, 0x66, 0x76, 0x8c, 0x95, 0x81, 0x68, 
    0x96, 0x4c, 0x38, 0x7f, 0x08, 0x87, 0x81, 0x38, 0xe8, 0x94, 0xff, 0xd2, 0x4a, 
    0x2e, 0x04, 0x30, 0x50, 0xc8, 0x21, 0xa8, 0x2d, 0x56, 0x9d, 0x2b, 0xa3, 0xed, 
    0xb3, 0x1c, 0x09, 0x60, 0x57, 0x66, 0xcd, 0xce, 0xd4, 0xc1, 0xf0, 0x6a, 0x65, 
    0xba, 0x58, 0xf9, 0x09, 0x65, 0xd9, 0xa8, 0x5b, 0x9d, 0x01, 0xcc, 0x65, 0x41, 
    0x0b, 0x69, 0x8a, 0x55, 0x37, 0x42, 0x39, 0xa3, 0xe5, 0xc0, 0x9c, 0x07, 0x68, 
    0x64, 0x52, 0x89, 0xe9, 0xde, 0x61, 0x20, 0x8a, 0x66, 0xe6, 0x39, 0x29, 0xc3, 
    0x88, 0x34, 0xd6, 0x52, 0xc8, 0x30, 0x0d, 0xb6, 0xab, 0x97, 0x77, 0x08, 0x90, 
    0xe1, 0x88, 0xa2, 0x99, 0xb9, 0x5d, 0xa4, 0x2f, 0x9a, 0xe5, 0x13, 0xac, 0x7b, 
    0x23, 0xac, 0x42, 0x31, 0x60, 0xf7, 0xd1, 0x50, 0x05, 0x2d, 0x9d, 0xc0, 0x73, 
    0xc6, 0x97, 0x03, 0x04, 0x5c, 0x59, 0x19, 0xc7, 0xbb, 0x17, 0xa8, 0xee, 0x78, 
    0x29, 0x08, 0x44, 0x04, 0x77, 0xea, 0x96, 0x19, 0xb6, 0xd9, 0x7b, 0x37, 0x84, 
    0xcd, 0x81, 0x31, 0x07, 0x41, 0xd4, 0x01, 0x9e, 0x70, 0xc4, 0x04, 0x85, 0xbc, 
    0xf3, 0x8a, 0x38, 0xc1, 0xbc, 0x81, 0x43, 0x80, 0x1e, 0x0c, 0x5d, 0x19, 0x31, 
    0x05, 0x94, 0xef, 0xdd, 0x2c, 0xcb, 0xab, 0xcb, 0x79, 0x56, 0xd1, 0x08, 0x4f, 
    0x38, 0x02, 0x0d, 0x25, 0x38, 0x0f, 0x26, 0xf0, 0xa0, 0x9f, 0xcf, 0x2c, 0xe2, 
    0x13, 0x01, 0xc2, 0x80, 0x66, 0xe8, 0xe0, 0x3f, 0xef, 0x24, 0x82, 0x7b, 0x6c, 
    0x39, 0x0f, 0x19, 0x34, 0x03, 0x06, 0x15, 0x54, 0x47, 0x7c, 0xd4, 0x02, 0xc6, 
    0x0a, 0xee, 0x73, 0x06, 0xcd, 0xe8, 0xa1, 0x82, 0xd5, 0x49, 0x85, 0xb8, 0xfa, 
    0x91, 0x89, 0x06, 0xec, 0xc5, 0x3d, 0xeb, 0xf0, 0x8c, 0x0e, 0xac, 0xb6, 0x1c, 
    0x6e, 0x24, 0x4d, 0x1b, 0xf7, 0x71, 0x46, 0x66, 0xf8, 0x81, 0x42, 0xef, 0xfc, 
    0x01, 0x64, 0xc1, 0xd9, 0xdd, 0x08, 0xff, 0x32, 0x50, 0x9d, 0x25, 0x78, 0x26, 
    0x0d, 0x34, 0xc4, 0x19, 0x2f, 0xc4, 0xd6, 0x0f, 0x56, 0xb8, 0xe7, 0x00, 0x9a, 
    0x71, 0x40, 0x0f, 0xef, 0xa3, 0x17, 0x6c, 0xe8, 0xa7, 0x1a, 0xac, 0x5b, 0x9c, 
    0x33, 0x56, 0xd8, 0x0f, 0x42, 0x0c, 0x07, 0x0a, 0xb7, 0x60, 0x22, 0x65, 0x36, 
    0xe1, 0x1e, 0x0d, 0x64, 0x26, 0x05, 0x53, 0x0c, 0x10, 0x5e, 0x32, 0x63, 0x8a, 
    0xfe, 0x55, 0x07, 0x11, 0x17, 0xa8, 0xc5, 0x72, 0x96, 0x28, 0x46, 0xca, 0x18, 
    0xc3, 0x3d, 0xba, 0xc8, 0x8c, 0x2b, 0xd2, 0xa8, 0xc6, 0xba, 0x68, 0x06, 0x18, 
    0x24, 0x62, 0x43, 0x1d, 0x2b, 0x93, 0x45, 0xea, 0x40, 0x41, 0x33, 0x40, 0xe0, 
    0xe3, 0x7d, 0x2c, 0x80, 0xc1, 0xae, 0x78, 0xc6, 0x05, 0x1b, 0x02, 0x61, 0x1d, 
    0x71, 0x78, 0x1e, 0xe2, 0x55, 0x46, 0x8a, 0x8a, 0xf4, 0x0e, 0x10, 0x4a, 0x01, 
    0xba, 0xb5, 0x70, 0x70, 0x43, 0x74, 0x18, 0x24, 0x65, 0x8c, 0xa0, 0x36, 0xef, 
    0xa8, 0x21, 0x33, 0xc4, 0xc8, 0xa4, 0x77, 0x82, 0xd0, 0x2d, 0x4f, 0x66, 0x66, 
    0x07, 0x13, 0xba, 0x84, 0x28, 0x29, 0xa3, 0x04, 0xf7, 0xd8, 0x23, 0x33, 0x70, 
    0x50, 0xe5, 0x77, 0xf2, 0xa4, 0x34, 0xb5, 0x64, 0xa6, 0x68, 0x0a, 0x4a, 0xc0, 
    0x2c, 0xfb, 0x61, 0x0e, 0xf7, 0xb0, 0xab, 0x32, 0x83, 0xd0, 0x25, 0x75, 0x06, 
    0x90, 0x88, 0x4d, 0x98, 0x22, 0x3c, 0xad, 0x49, 0x4b, 0x66, 0x62, 0x01, 0xb9, 
    0xfb, 0x8c, 0x60, 0x98, 0xc3, 0x70, 0x0f, 0x0d, 0x32, 0x53, 0x0e, 0x65, 0x9e, 
    0xa7, 0x05, 0x54, 0x70, 0x01, 0x33, 0xda, 0xd0, 0xc8, 0xab, 0x68, 0x46, 0x0d, 
    0x13, 0xaa, 0xc7, 0x2c, 0x0d, 0x71, 0x9f, 0x47, 0x64, 0x66, 0x84, 0xde, 0xd4, 
    0x66, 0x3a, 0xca, 0x69, 0x95, 0xcc, 0x58, 0x62, 0x42, 0x55, 0x98, 0x65, 0x0a, 
    0x72, 0x79, 0xff, 0x1e, 0x5c, 0x64, 0x06, 0x82, 0xf1, 0x74, 0x4f, 0x01, 0xe8, 
    0x89, 0x99, 0xca, 0x5c, 0x60, 0x42, 0x39, 0x18, 0xa6, 0x19, 0xdc, 0xc3, 0x01, 
    0x10, 0x54, 0xa6, 0x15, 0x01, 0xbd, 0x8f, 0x24, 0x04, 0x86, 0x95, 0xcc, 0x30, 
    0x60, 0x43, 0xf9, 0x98, 0xe5, 0xf4, 0xf0, 0x58, 0x99, 0x22, 0x24, 0x31, 0xa2, 
    0xd4, 0x41, 0x1c, 0x45, 0xeb, 0x59, 0x99, 0x8b, 0x4e, 0x68, 0x00, 0xca, 0x10, 
    0x25, 0x20, 0xee, 0x43, 0x89, 0xcc, 0xa0, 0x13, 0xa4, 0xd5, 0xf1, 0x40, 0x03, 
    0x2d, 0x93, 0xa3, 0x00, 0x46, 0xa7, 0x32, 0x1e, 0xdc, 0x10, 0x13, 0x44, 0x09, 
    0x8a, 0xfb, 0xfc, 0xa8, 0x32, 0x58, 0x80, 0xa9, 0x77, 0xc8, 0x61, 0xd3, 0x86, 
    0x9c, 0x2b, 0x28, 0x9a, 0xf9, 0x01, 0x89, 0xe0, 0x34, 0x48, 0x32, 0xdc, 0x47, 
    0x0f, 0x99, 0x99, 0x85, 0x50, 0xbd, 0x23, 0x8d, 0xa2, 0xf2, 0x89, 0x89, 0xbd, 
    0xa9, 0x8c, 0x18, 0xc0, 0x47, 0xa2, 0x6a, 0x0c, 0xb2, 0x53, 0x0c, 0x4d, 0x56, 
    0x3f, 0xa8, 0x31, 0xd5, 0xea, 0x38, 0x01, 0x69, 0xed, 0x9a, 0xa5, 0x4f, 0x32, 
    0x03, 0x48, 0x16, 0x45, 0x20, 0x8c, 0x4c, 0x2c, 0x86, 0x82, 0xd0, 0xda, 0x0f, 
    0x70, 0x70, 0x6e, 0x99, 0x19, 0x03, 0x29, 0x1d, 0x35, 0x75, 0xae, 0x34, 0x74, 
    0x02, 0x0c, 0x60, 0xe8, 0x44, 0x34, 0x6f, 0x4a, 0x99, 0x74, 0xf4, 0x88, 0x05, 
    0x4c, 0xa4, 0x87, 0xf0, 0xdc, 0x63, 0x8b, 0xcc, 0x50, 0x80, 0x3a, 0x3e, 0x50, 
    0x46, 0x27, 0xc8, 0x21, 0xd4, 0x5e, 0x2c, 0x8f, 0x5a, 0x6d, 0x10, 0xc5, 0x20, 
    0xfe, 0xd0, 0x02, 0x20, 0xe4, 0x00, 0x02, 0x07, 0x70, 0x43, 0x30, 0x04, 0x49, 
    0xd0, 0x03, 0x55, 0xa6, 0x0b, 0x45, 0xc2, 0x42, 0xcd, 0x32, 0x61, 0x87, 0x0d, 
    0x55, 0x22, 0x33, 0x37, 0x60, 0xce, 0x06, 0xe0, 0xda, 0x8f, 0x5e, 0xff, 0x08, 
    0xf5, 0x72, 0x59, 0x42, 0x4d, 0x1b, 0x6c, 0xa1, 0x81, 0x04, 0x7a, 0x67, 0x01, 
    0x96, 0x1c, 0xe9, 0x49, 0xde, 0xe9, 0xa4, 0x23, 0xd8, 0x43, 0x0c, 0x9f, 0xd9, 
    0x03, 0x23, 0xe8, 0xa1, 0x01, 0x22, 0x92, 0x68, 0x10, 0x99, 0xc9, 0xdb, 0x72, 
    0xb4, 0x95, 0x99, 0x19, 0x08, 0x75, 0x1a, 0x49, 0x22, 0x0d, 0x1b, 0xf2, 0x91, 
    0x84, 0x35, 0x4c, 0xa8, 0x1d, 0xa5, 0x1d, 0x49, 0x66, 0x74, 0xe0, 0x46, 0x27, 
    0x71, 0x80, 0x04, 0x4d, 0xf8, 0x80, 0x7a, 0x4d, 0xa0, 0x86, 0x18, 0x38, 0xa9, 
    0x84, 0x95, 0xe9, 0x00, 0x75, 0x86, 0x91, 0x99, 0x39, 0x08, 0x95, 0x95, 0x27, 
    0x1a, 0x8d, 0x18, 0xac, 0x50, 0x1b, 0x16, 0x3d, 0x23, 0xbc, 0x21, 0xc9, 0x8c, 
    0x2f, 0x40, 0x2a, 0x4c, 0x83, 0x52, 0x47, 0x06, 0xb9, 0x63, 0xc3, 0x06, 0x84, 
    0x1a, 0x03, 0xec, 0xcc, 0x94, 0x32, 0x7b, 0xb8, 0x82, 0x6f, 0x69, 0xf4, 0x00, 
    0x6f, 0x08, 0x57, 0xbc, 0x99, 0x41, 0x6d, 0x44, 0x55, 0xab, 0xaa, 0xea, 0x64, 
    0xc0, 0x18, 0xc6, 0xf8, 0x42, 0x59, 0xf7, 0xda, 0x0f, 0x29, 0x04, 0xc7, 0x07, 
    0x0e, 0xa5, 0x4c, 0x25, 0xac, 0x6b, 0xa5, 0x9d, 0xd2, 0xd4, 0x26, 0x9a, 0x39, 
    0x01, 0x48, 0x39, 0x4c, 0x19, 0x00, 0x94, 0xf5, 0x3e, 0x39, 0x08, 0x1b, 0x65, 
    0x1a, 0xe1, 0x5d, 0x7f, 0x98, 0x20, 0x17, 0xc1, 0x00, 0xda, 0xd6, 0x2e, 0x2c, 
    0x92, 0xcc, 0x18, 0x0f, 0xa4, 0x0c, 0xc8, 0xcc, 0xaa, 0xcc, 0xf4, 0x87, 0x28, 
    0xa4, 0xb1, 0x03, 0x99, 0x11, 0x82, 0xa7, 0xa0, 0xfb, 0x62, 0x9a, 0x68, 0x06, 
    0x0a, 0x30, 0xd5, 0x44, 0x66, 0x82, 0x6a, 0x25, 0x0a, 0xe8, 0x06, 0x04, 0xdf, 
    0x78, 0x69, 0x05, 0x49, 0x90, 0x99, 0x98, 0x41, 0x6a, 0x00, 0x9c, 0xac, 0x32, 
    0x79, 0x2a, 0x73, 0x07, 0xa1, 0x06, 0x20, 0xff, 0x33, 0x36, 0xf8, 0x92, 0x57, 
    0x33, 0x53, 0x0c, 0x2d, 0x54, 0x30, 0x03, 0x99, 0xd9, 0xc6, 0xa5, 0x8e, 0xa9, 
    0x66, 0xf6, 0x64, 0x46, 0xbe, 0x30, 0xcd, 0x54, 0x65, 0x62, 0x6b, 0xa5, 0x5d, 
    0x7c, 0x46, 0x1b, 0x79, 0x0d, 0x16, 0x04, 0x14, 0x51, 0x99, 0x04, 0x41, 0xaa, 
    0x10, 0x44, 0x4e, 0x51, 0x65, 0x62, 0x31, 0xd5, 0x86, 0xf5, 0xc3, 0x08, 0xee, 
    0xb5, 0xd2, 0xa9, 0x3e, 0x23, 0x85, 0x8f, 0xd2, 0x2a, 0x0f, 0x95, 0xd1, 0x10, 
    0xa4, 0x86, 0xd5, 0x67, 0x3f, 0x53, 0x46, 0xaa, 0x42, 0x35, 0x45, 0x65, 0xf2, 
    0xe0, 0xa6, 0xcf, 0x7d, 0x46, 0xcc, 0xc1, 0x82, 0x12, 0x65, 0x52, 0xe0, 0xdc, 
    0x3f, 0x8d, 0x03, 0xc0, 0x1d, 0xc9, 0x0c, 0x0b, 0x84, 0xca, 0x81, 0x3d, 0x54, 
    0x86, 0x8c, 0x66, 0x5a, 0xc1, 0x68, 0x58, 0x7c, 0x3c, 0xac, 0x51, 0xa6, 0x06, 
    0x90, 0x9a, 0x04, 0xae, 0x6b, 0x0a, 0xe1, 0x05, 0xc3, 0x74, 0x0b, 0x51, 0x1d, 
    0x8e, 0x09, 0x64, 0x20, 0x62, 0x16, 0x11, 0x48, 0x33, 0xc2, 0xd0, 0x70, 0xf6, 
    0x70, 0xd0, 0xb1, 0x7e, 0x1c, 0xe3, 0xae, 0x87, 0xda, 0xc7, 0xb2, 0x63, 0x54, 
    0x19, 0x53, 0x4c, 0x55, 0x0b, 0x99, 0x49, 0x40, 0x70, 0x0c, 0x90, 0x09, 0xca, 
    0x3c, 0x01, 0x0f, 0xa4, 0xf8, 0x46, 0x07, 0x3e, 0xb0, 0xd8, 0xea, 0x60, 0x29, 
    0x33, 0xdd, 0xa8, 0x40, 0xbd, 0x8f, 0x97, 0x03, 0x6d, 0x60, 0xcf, 0x53, 0x4c, 
    0x2d, 0x35, 0x7d, 0x2a, 0xe3, 0x88, 0xa9, 0x5e, 0xb0, 0x32, 0x60, 0x15, 0xf6, 
    0x68, 0x84, 0xb1, 0x09, 0x6e, 0xf8, 0xe1, 0x03, 0x00, 0x5a, 0x8e, 0x04, 0x33, 
    0x43, 0x89, 0x1b, 0x17, 0x89, 0x15, 0x91, 0x66, 0x36, 0x65, 0x7a, 0x30, 0x55, 
    0x13, 0x51, 0x46, 0x1a, 0xc2, 0xf9, 0x69, 0xb7, 0xf6, 0x00, 0x09, 0x3a, 0xfc, 
    0xa2, 0x02, 0x35, 0xff, 0x58, 0x83, 0x23, 0x32, 0xc3, 0x0c, 0x8b, 0xa7, 0x36, 
    0xe3, 0x1a, 0xc9, 0x8c, 0x11, 0x38, 0x20, 0xd4, 0x1c, 0xe4, 0xae, 0x1f, 0x6d, 
    0xf5, 0x47, 0x04, 0xd4, 0x21, 0x46, 0xe0, 0x55, 0x26, 0xe2, 0x2e, 0x67, 0x91, 
    0xb2, 0x05, 0xbe, 0x12, 0x3a, 0x4f, 0x35, 0xc9, 0x95, 0xd1, 0xc7, 0x72, 0x90, 
    0x10, 0x8c, 0x62, 0x58, 0x58, 0x8c, 0x21, 0x08, 0x7a, 0x8f, 0x0a, 0x3c, 0x36, 
    0x99, 0x64, 0xc6, 0x52, 0x42, 0x0d, 0x65, 0x65, 0x5a, 0x5b, 0x1d, 0x28, 0xf8, 
    0x01, 0x13, 0xe2, 0x58, 0x06, 0x3b, 0x48, 0xf6, 0xaf, 0x0d, 0xad, 0xc1, 0x04, 
    0x91, 0xf0, 0x34, 0x4c, 0xdb, 0x4d, 0xf4, 0xfe, 0xcc, 0x9a, 0xab, 0x20, 0x6d, 
    0x00, 0x39, 0x29, 0xd3, 0x89, 0x6a, 0xde, 0x07, 0x06, 0x1d, 0x50, 0x85, 0x3a, 
    0x62, 0x41, 0x9a, 0x3d, 0xc8, 0x78, 0x42, 0x49, 0x98, 0x3b, 0x3b, 0x44, 0x50, 
    0x56, 0x09, 0xdc, 0xbc, 0x1f, 0x56, 0xaf, 0x0c, 0x59, 0xef, 0x9b, 0x19, 0xc3, 
    0xd2, 0xc8, 0x00, 0x4e, 0xf0, 0x03, 0x27, 0x4e, 0xc1, 0x0c, 0x9f, 0xf7, 0x23, 
    0x0f, 0x99, 0xbe, 0x0f, 0x0e, 0x52, 0x8c, 0xf0, 0xa9, 0xca, 0x61, 0xdc, 0x15, 
    0x51, 0xd1, 0x54, 0x09, 0x11, 0x65, 0x37, 0xd5, 0x42, 0x33, 0xe6, 0x0e, 0x90, 
    0xad, 0x34, 0x13, 0x87, 0xa9, 0x6a, 0xbd, 0xea, 0x30, 0xc9, 0x0c, 0x2c, 0xca, 
    0x7a, 0x4b, 0x77, 0xb3, 0xef, 0x4b, 0xca, 0xcb, 0x0c, 0x24, 0xef, 0x73, 0x00, 
    0x3c, 0x68, 0x06, 0x5c, 0x30, 0xfd, 0x02, 0xe8, 0x85, 0x34, 0xbe, 0xa9, 0x9e, 
    0x20, 0x33, 0x6d, 0xfe, 0x13, 0x95, 0x2b, 0xe3, 0xd4, 0xfb, 0x78, 0xe0, 0x13, 
    0xcf, 0xc0, 0x43, 0x3b, 0x08, 0x0d, 0x53, 0x1b, 0xc2, 0x7c, 0x49, 0x99, 0x11, 
    0x45, 0x59, 0x41, 0x91, 0x99, 0x68, 0x40, 0x2a, 0x19, 0x9a, 0x79, 0xac, 0xff, 
    0xd4, 0xdd, 0x33, 0x39, 0xc4, 0xc7, 0x3e, 0x33, 0xb5, 0x86, 0x29, 0xe1, 0x2a, 
    0x03, 0x6b, 0x37, 0x71, 0x00, 0x0c, 0x99, 0x31, 0x44, 0x79, 0xc7, 0xcf, 0x1c, 
    0x3c, 0x5f, 0x3f, 0xf4, 0x99, 0xf9, 0xb7, 0x50, 0x85, 0x1f, 0x6a, 0x4f, 0x4d, 
    0x41, 0x33, 0xf2, 0x40, 0x7f, 0xd5, 0x01, 0x5f, 0xb0, 0x37, 0x70, 0x95, 0x51, 
    0x07, 0x37, 0x46, 0x63, 0xfd, 0xe0, 0x05, 0xa5, 0xb2, 0x41, 0x99, 0x81, 0x02, 
    0x02, 0xc8, 0x1c, 0x9e, 0x70, 0x7f, 0xc4, 0x57, 0x19, 0x55, 0x70, 0x63, 0x13, 
    0x55, 0x19, 0x99, 0x77, 0x29, 0xce, 0x91, 0x19, 0x5c, 0x10, 0x81, 0xc2, 0xa1, 
    0x04, 0xc3, 0x17, 0x11, 0x9a, 0x71, 0x0e, 0x37, 0xa6, 0x70, 0x94, 0x31, 0x7b, 
    0xac, 0x32, 0x00, 0x9c, 0xd7, 0x0f, 0x29, 0x60, 0x27, 0x11, 0xd8, 0x0a, 0x14, 
    0x38, 0x25, 0x99, 0xd1, 0x63, 0x53, 0xb5, 0x09, 0x65, 0x16, 0x2c, 0x2a, 0xa0, 
    0x19, 0xb6, 0x00, 0x82, 0x2e, 0x32, 0x83, 0x24, 0x98, 0x19, 0xd3, 0x70, 0x63, 
    0x3d, 0x53, 0x19, 0x44, 0x00, 0x6e, 0xac, 0x22, 0x08, 0x9a, 0x81, 0x09, 0x11, 
    0x78, 0x3e, 0x6d, 0x57, 0x12, 0xd8, 0x76, 0x7b, 0x30, 0xd5, 0x05, 0x99, 0x91, 
    0x4c, 0xd9, 0x63, 0x59, 0x95, 0x91, 0x02, 0x34, 0x47, 0x7f, 0x57, 0x00, 0x84, 
    0x5b, 0x92, 0x19, 0x27, 0x74, 0x63, 0xbe, 0x36, 0x6b, 0x30, 0x78, 0x3c, 0xb0, 
    0x90, 0x19, 0x07, 0x45, 0x7f, 0xe0, 0xf7, 0x84, 0x18, 0x56, 0x19, 0xb6, 0x75, 
    0x63, 0x44, 0x55, 0x19, 0x73, 0xe3, 0x3f, 0x64, 0x56, 0x19, 0x76, 0x46, 0x7f, 
    0x5c, 0x64, 0x7e, 0x2c, 0x11, 0x7f, 0x16, 0x77, 0x48, 0x99, 0x31, 0x05, 0x28, 
    0x24, 0x08, 0x6c, 0x60, 0x04, 0xdc, 0x10, 0x81, 0x4f, 0x57, 0x80, 0x2a, 0x91, 
    0x19, 0x72, 0x60, 0x71, 0x21, 0x90, 0x19, 0x8f, 0xff, 0x30, 0x45, 0x12, 0x30, 
    0x02, 0x11, 0x78, 0x00, 0x73, 0x87, 0x88, 0x6e, 0x57, 0x39, 0x16, 0x17, 0x07, 
    0xd5, 0x05, 0x82, 0x69, 0x34, 0x74, 0x6c, 0x58, 0x64, 0x94, 0x11, 0x09, 0x2e, 
    0x47, 0x01, 0xa8, 0xd0, 0x0f, 0x62, 0xd0, 0x53, 0x9c, 0x38, 0x45, 0xd1, 0xe0, 
    0x85, 0x0f, 0x41, 0x19, 0xa4, 0x12, 0x74, 0x02, 0x60, 0x02, 0x85, 0x94, 0x8a, 
    0x1b, 0xc2, 0x05, 0xbe, 0xb0, 0x0e, 0x89, 0x46, 0x22, 0xa4, 0xf3, 0x89, 0x45, 
    0xc6, 0x08, 0xb4, 0xf8, 0x8b, 0x01, 0xe2, 0x87, 0xfd, 0xe0, 0x0e, 0x3d, 0xc2, 
    0x67, 0x96, 0x38, 0x19, 0xc0, 0x01, 0x8c, 0xca, 0x58, 0x1d, 0x28, 0x53, 0x19, 
    0xac, 0x30, 0x09, 0x24, 0x92, 0x0a, 0x23, 0x18, 0x11, 0xda, 0xb6, 0x8c, 0xd6, 
    0x28, 0x1c, 0x6c, 0x93, 0x19, 0xa7, 0x70, 0x04, 0xf7, 0x83, 0x1f, 0x0a, 0x80, 
    0x0d, 0x56, 0x35, 0x12, 0xd7, 0x38, 0x8e, 0xc2, 0x01, 0x69, 0x9f, 0x91, 0x06, 
    0x8c, 0xb0, 0x0b, 0xb9, 0x10, 0x00, 0x17, 0x50, 0x01, 0x43, 0xc0, 0x03, 0xae, 
    0xd0, 0x0b, 0xa5, 0x88, 0x3e, 0x2e, 0x41, 0x8e, 0xe4, 0xd8, 0x85, 0xc3, 0x74, 
    0x8c, 0x2b, 0x61, 0x8f, 0xe3, 0x88, 0x71, 0xf9, 0x38, 0x13, 0xfc, 0x78, 0x8d, 
    0xdb, 0x30, 0x4c, 0x35, 0x11, 0x90, 0xd6, 0x18, 0x0f, 0xf9, 0x75, 0x54, 0x37, 
    0x61, 0x90, 0xcb, 0xc8, 0x09, 0xac, 0x88, 0x12, 0x0c, 0x19, 0x74, 0x50, 0x30, 
    0x0b, 0xc7, 0x50, 0x91, 0xac, 0xa0, 0x0a, 0x1d, 0x80, 0x01, 0xc2, 0xe1, 0x4e, 
    0xbc, 0xb8, 0x13, 0x11, 0x79, 0x63, 0x26, 0x80, 0x0b, 0x96, 0x57, 0x19, 0x3a, 
    0xb0, 0x0d, 0x44, 0x24, 0x58, 0x1d, 0xa9, 0x13, 0x1f, 0x29, 0x54, 0xb8, 0xc0, 
    0x08, 0xdd, 0x92, 0x02, 0xe7, 0x00, 0x7f, 0x29, 0x99, 0x13, 0x2b, 0x19, 0x51, 
    0x1c, 0x80, 0x5d, 0x62, 0xff, 0xa4, 0x14, 0x35, 0x19, 0x4f, 0x24, 0xa0, 0x63, 
    0x9a, 0xa1, 0x03, 0xd2, 0x20, 0x93, 0x9d, 0x84, 0x14, 0x3b, 0xa9, 0x4c, 0x5a, 
    0x10, 0x37, 0x99, 0x01, 0x06, 0xef, 0x80, 0x01, 0x1e, 0x00, 0x01, 0x19, 0xe0, 
    0x07, 0xe3, 0x70, 0x78, 0x33, 0x49, 0x93, 0x45, 0x99, 0x49, 0x14, 0xe0, 0x19, 
    0x52, 0x40, 0x00, 0xb9, 0x18, 0x1c, 0x5b, 0x50, 0x89, 0x53, 0x89, 0x13, 0x55, 
    0x99, 0x49, 0x32, 0x98, 0x19, 0x8f, 0x72, 0x1e, 0x5c, 0x33, 0x8d, 0x2a, 0x11, 
    0x96, 0x7c, 0xe4, 0x6a, 0x95, 0x81, 0x75, 0xee, 0xf1, 0x66, 0xe1, 0xa8, 0x92, 
    0x6a, 0xd9, 0x43, 0x54, 0xa0, 0x19, 0xbf, 0x30, 0x21, 0x0e, 0x19, 0x97, 0x60, 
    0x39, 0x97, 0x28, 0x74, 0x88, 0xfd, 0xe0, 0x0c, 0x24, 0x32, 0x07, 0x23, 0xa9, 
    0x87, 0x43, 0xc1, 0x97, 0x15, 0x74, 0x1d, 0xab, 0x46, 0x23, 0x32, 0x80, 0x94, 
    0x5f, 0x29, 0x13, 0x86, 0xe9, 0x3f, 0x8c, 0x74, 0x5a, 0x3d, 0x42, 0x01, 0xee, 
    0x80, 0x96, 0x24, 0xf1, 0x98, 0xe5, 0x83, 0x6e, 0x95, 0x31, 0x84, 0x3d, 0x32, 
    0x00, 0x1e, 0xd7, 0x98, 0x30, 0x81, 0x99, 0xe5, 0x43, 0x5a, 0xc6, 0x62, 0x25, 
    0xa0, 0x06, 0x9a, 0x2f, 0x21, 0x9a, 0xc7, 0x03, 0x04, 0x28, 0xd9, 0x0f, 0x8f, 
    0xe8, 0x24, 0x48, 0xa7, 0x8f, 0x3c, 0xa1, 0x9a, 0xc1, 0x52, 0x97, 0x95, 0x51, 
    0x25, 0x4e, 0xd2, 0x60, 0x0f, 0x19, 0x12, 0xb4, 0x49, 0x2b, 0x88, 0x55, 0x19, 
    0x2f, 0x60, 0x25, 0x02, 0x40, 0x9a, 0x84, 0xf9, 0x13, 0xbd, 0xc9, 0x2a, 0xd1, 
    0x52, 0x19, 0x89, 0xf0, 0x25, 0x8d, 0x85, 0x9a, 0x2d, 0x71, 0x9c, 0xa5, 0x62, 
    0x9b, 0x94, 0xd1, 0x26, 0x56, 0x82, 0x93, 0xb2, 0x29, 0x97, 0xd0, 0x09, 0x29, 
    0x1c, 0xa0, 0x19, 0x26, 0x60, 0x25, 0xe6, 0xb0, 0x9b, 0x20, 0x91, 0x9d, 0x9e, 
    0xff, 0x92, 0x1e, 0x95, 0x21, 0x0b, 0x56, 0xf2, 0x0e, 0xe0, 0xf9, 0x11, 0xe2, 
    0x79, 0x29, 0x0f, 0x00, 0x4d, 0xfd, 0x80, 0x0c, 0xe2, 0xd7, 0x23, 0xf2, 0x90, 
    0x9e, 0x1e, 0xb1, 0x9e, 0x97, 0x02, 0x08, 0x99, 0xf1, 0x0d, 0x4e, 0x62, 0x36, 
    0xce, 0xc9, 0x12, 0xf6, 0x09, 0x29, 0x67, 0x49, 0x19, 0xf7, 0x60, 0x25, 0x95, 
    0xe0, 0x50, 0x44, 0xf1, 0x9f, 0x87, 0xd2, 0x88, 0x95, 0x91, 0x04, 0x5f, 0x52, 
    0x01, 0x45, 0x81, 0xa0, 0x7f, 0x92, 0x7b, 0x94, 0x81, 0x08, 0x56, 0x72, 0x0d, 
    0x52, 0x70, 0x0b, 0x07, 0x0a, 0xa1, 0x6e, 0x62, 0x05, 0xa5, 0x57, 0x24, 0x36, 
    0x40, 0x9f, 0x1d, 0xa1, 0xa1, 0x6e, 0xc2, 0x03, 0x99, 0xb1, 0x9c, 0x45, 0x62, 
    0x0c, 0x20, 0xca, 0x11, 0x22, 0x6a, 0x26, 0x4d, 0x80, 0x4a, 0xb4, 0x43, 0x23, 
    0x2b, 0xf0, 0x60, 0x42, 0xb1, 0xa2, 0x66, 0xa2, 0x6a, 0x99, 0xb1, 0x0b, 0xf3, 
    0xb7, 0x21, 0xc4, 0x39, 0xa3, 0x34, 0x6a, 0x25, 0x22, 0xa8, 0x19, 0x90, 0x90, 
    0x8c, 0x1b, 0x22, 0x01, 0x8d, 0x90, 0xa2, 0x1a, 0xd1, 0xa3, 0x5f, 0xd2, 0x81, 
    0x99, 0x81, 0x0c, 0x3c, 0x40, 0x22, 0x3f, 0xda, 0x9f, 0x69, 0x89, 0xa4, 0x15, 
    0x8a, 0x5c, 0xfe, 0xd1, 0x03, 0x30, 0xa0, 0x20, 0x92, 0x54, 0x98, 0x52, 0x6a, 
    0x25, 0x1c, 0x80, 0x5b, 0xe5, 0xb1, 0x81, 0xd4, 0x71, 0x03, 0x96, 0xc9, 0x9b, 
    0x5b, 0xfa, 0x25, 0x82, 0xe6, 0x19, 0x2d, 0x77, 0x1e, 0x1c, 0x79, 0x9d, 0xd8, 
    0x59, 0xa6, 0x4e, 0x42, 0x05, 0x2e, 0xa9, 0x19, 0x8a, 0x70, 0x1e, 0xaf, 0x30, 
    0xa6, 0x64, 0xea, 0xa6, 0x5f, 0xa2, 0x09, 0x95, 0x59, 0x19, 0x94, 0x44, 0x1d, 
    0x00, 0x60, 0xa7, 0x77, 0x8a, 0xa7, 0x5f, 0xa2, 0x07, 0x83, 0x10, 0x0e, 0x39, 
    0x45, 0x1d, 0x12, 0x0a, 0xa5, 0xfe, 0x29, 0xa8, 0xc7, 0xeb, 0x33, 0x0a, 0x7a, 
    0x69, 0x13, 0x8c, 0x1a, 0x2c, 0x3a, 0x04, 0xa8, 0x22, 0x11, 0xa9, 0xa5, 0x22, 
    0x00, 0xdd, 0xf0, 0xa8, 0x0b, 0x69, 0xa9, 0x90, 0xb2, 0x00, 0x74, 0xa5, 0xa8, 
    0xa9, 0xc9, 0xa9, 0x7f, 0xa2, 0x02, 0xbe, 0x47, 0xa9, 0x97, 0x29, 0xaa, 0x66, 
    0x22, 0x02, 0xaf, 0xa3, 0xa9, 0x54, 0x89, 0xaa, 0x2c, 0xd2, 0x00, 0x14, 0x10, 
    0x08, 0x80, 0x70, 0x0c, 0x83, 0x95, 0x14, 0xae, 0x6a, 0x76, 0x1a, 0x50, 0x0d, 
    0xe5, 0x47, 0x8f, 0xb6, 0x7a, 0xab, 0x4f, 0x94, 0x04, 0xd9, 0x50, 0xa4, 0xbd, 
    0xd4, 0x14, 0xbe, 0x5a, 0x1d, 0x1b, 0x10, 0x0a, 0xdb, 0x50, 0x55, 0xad, 0x04, 
    0x15, 0xc5, 0x3a, 0x1c, 0x0b, 0xe0, 0x07, 0xe2, 0x30, 0x81, 0x24, 0x23, 0x15, 
    0xcd, 0xea, 0x0f, 0x25, 0x50, 0x08, 0x3e, 0x59, 0x38, 0x56, 0xd1, 0xac, 0x82, 
    0xa0, 0xac, 0xda, 0x8a, 0x15, 0xc5, 0xda, 0xa2, 0xdf, 0xaa, 0x15, 0xc5, 0x2a, 
    0x49, 0x46, 0xba, 0xa9, 0xae, 0x0a, 0x2f, 0xe7, 0xda, 0xaa, 0xa2, 0x2a, 0x00, 
    0x8c, 0x59, 0x16, 0xb7, 0xca, 0x9f, 0xa0, 0xaa, 0x93, 0xae, 0x9a, 0x87, 0x66, 
    0xe1, 0xaa, 0xd6, 0x37, 0xaf, 0xf4, 0xca, 0xa9, 0x09, 0xb5, 0xae, 0xb3, 0x29, 
    0xaa, 0xe0, 0xe5, 0xaf, 0x1e, 0xc9, 0xa9, 0x1c, 0x2a, 0xb0, 0x03, 0x1b, 0xa9, 
    0xc2, 0xa8, 0xaf, 0x4b, 0xc1, 0xa9, 0x3c, 0x67, 0xb0, 0x07, 0x2b, 0xa8, 0xd7, 
    0x60, 0xaa, 0x5a, 0x2a, 0xa8, 0xf6, 0xe7, 0xb0, 0x0f, 0xeb, 0xa6, 0x6b, 0xa8, 
    0xb0, 0xc4, 0x2a, 0xa8, 0x89, 0x5a, 0x9c, 0x67, 0x21, 0xa8, 0x12, 0x63, 0xb1, 
    0x3d, 0x81, 0xa7, 0x07, 0x40, 0x5f, 0x22, 0xcb, 0x13, 0x01, 0x01, 0x00, 0x21, 
    0xf9, 0x04, 0x09, 0x08, 0x00, 0xff, 0x00, 0x2c, 0x00, 0x00, 0x00, 0x00, 0xf0, 
    0x00, 0xf0, 0x00, 0x00, 0x08, 0xff, 0x00, 0xff, 0x09, 0x1c, 0x48, 0xb0, 0xa0, 
    0xc1, 0x83, 0x08, 0x13, 0x2a, 0x5c, 0xc8, 0xb0, 0xa1, 0xc3, 0x87, 0x10, 0x23, 
    0x4a, 0x9c, 0x48, 0xb1, 0xa2, 0xc5, 0x8b, 0x18, 0x33, 0x6a, 0xdc, 0xc8, 0xb1, 
    0xa3, 0xc7, 0x8f, 0x20, 0x43, 0x8a, 0x1c, 0x49, 0xb2, 0xa4, 0xc9, 0x93, 0x28, 
    0x53, 0xaa, 0x5c, 0xc9, 0xb2, 0xa5, 0xcb, 0x97, 0x30, 0x63, 0xca, 0x9c, 0x49, 
    0xb3, 0xa6, 0xcd, 0x9b, 0x38, 0x73, 0xea, 0xdc, 0xc9, 0xb3, 0xa7, 0xcf, 0x9f, 
    0x40, 0x83, 0x0a, 0x1d, 0x4a, 0xb4, 0xa8, 0xd1, 0xa3, 0x48, 0x93, 0x2a, 0x5d, 
    0xca, 0xb4, 0xa9, 0xd3, 0xa7, 0x50, 0xa3, 0x4a, 0x9d, 0x4a, 0xb5, 0xaa, 0xd5, 
    0xab, 0x58, 0xb3, 0x6a, 0xdd, 0xca, 0xb5, 0xab, 0xd7, 0xaf, 0x60, 0xc3, 0x8a, 
    0x1d, 0x4b, 0xb6, 0xac, 0xd9, 0xb3, 0x68, 0xd3, 0xaa, 0x5d, 0xcb, 0xb6, 0xad, 
    0xdb, 0xb7, 0x70, 0xe3, 0xca, 0x9d, 0x4b, 0xb7, 0xae, 0xdd, 0xbb, 0x78, 0xf3, 
    0xea, 0xdd, 0xcb, 0xb7, 0xaf, 0xdf, 0xbf, 0x80, 0x03, 0x0b, 0x1e, 0x4c, 0xb8, 
    0xb0, 0xe1, 0xc3, 0x88, 0x13, 0x2b, 0xbe, 0xda, 0xaf, 0xb1, 0xe3, 0x7e, 0x8b, 
    0xb9, 0x3e, 0x9e, 0xdc, 0x38, 0xb2, 0x55, 0xca, 0x98, 0x1d, 0x5b, 0x96, 0x9a, 
    0xb9, 0x33, 0xe4, 0xcd, 0x4d, 0x3b, 0x3f, 0x61, 0x24, 0xe9, 0x50, 0x0a, 0xcc, 
    0xa0, 0x97, 0x62, 0x6e, 0x43, 0x8b, 0xc9, 0x0c, 0x7f, 0xb0, 0x61, 0x44, 0xcb, 
    0x43, 0x39, 0xf5, 0xd1, 0xcc, 0x95, 0xd6, 0xc0, 0xde, 0xbd, 0xdb, 0x00, 0xbe, 
    0xda, 0xb6, 0x85, 0x66, 0x96, 0x34, 0x87, 0xb7, 0xf1, 0xdd, 0xf7, 0x80, 0x07, 
    0xf7, 0x99, 0x59, 0xc1, 0xf1, 0xe7, 0xb0, 0x4f, 0x4d, 0x5e, 0xde, 0x33, 0xf3, 
    0xa6, 0x23, 0xd0, 0xb3, 0x9f, 0x9b, 0x4e, 0x3d, 0x27, 0x66, 0x70, 0x13, 0xb2, 
    0x8b, 0xff, 0xf7, 0xa7, 0xe8, 0x71, 0x77, 0x9c, 0x94, 0x41, 0xc8, 0x02, 0x32, 
    0x5e, 0xbc, 0x38, 0xf3, 0xe7, 0x6b, 0x52, 0x36, 0xb4, 0xa5, 0xfd, 0xf8, 0x0b, 
    0xf0, 0xe3, 0xcb, 0xa4, 0x8c, 0xe7, 0x84, 0xfd, 0xf1, 0x28, 0xe4, 0xa7, 0xdf, 
    0x4b, 0x94, 0x95, 0xd2, 0xc0, 0x7f, 0xe3, 0x0d, 0x21, 0xe0, 0x80, 0x2d, 0x4d, 
    0xc6, 0x46, 0x14, 0x08, 0x8e, 0xf7, 0xc6, 0x82, 0x0c, 0xaa, 0x34, 0xd9, 0x2d, 
    0x39, 0x44, 0x38, 0x5e, 0x16, 0xdc, 0x55, 0x68, 0xe1, 0x63, 0xd2, 0xc8, 0xa0, 
    0xe1, 0x78, 0x07, 0x2c, 0x42, 0xa1, 0x87, 0x24, 0x4d, 0x06, 0xc2, 0x6b, 0x23, 
    0x8e, 0xc7, 0xcd, 0x89, 0x28, 0x8a, 0x34, 0x19, 0x0a, 0x2d, 0xb6, 0x17, 0x46, 
    0x87, 0x31, 0x8e, 0x34, 0x99, 0x03, 0x35, 0xda, 0xd7, 0x0c, 0x8c, 0x39, 0x76, 
    0xf4, 0x18, 0x18, 0x3d, 0xda, 0x87, 0x06, 0x8e, 0x41, 0x7a, 0x34, 0x59, 0x02, 
    0x45, 0xb6, 0x07, 0xc1, 0x13, 0x40, 0x26, 0x79, 0xd1, 0x64, 0xcd, 0x34, 0x69, 
    0x9f, 0x23, 0x51, 0x4a, 0x49, 0x11, 0x65, 0xfe, 0x59, 0x39, 0x9e, 0x74, 0x9a, 
    0x69, 0xc9, 0xd1, 0x64, 0x57, 0x78, 0xd9, 0x1e, 0x23, 0x59, 0x8a, 0x09, 0xd1, 
    0x64, 0xad, 0x98, 0x39, 0x5e, 0x2d, 0x48, 0xaa, 0xb9, 0xe5, 0x63, 0x8b, 0x94, 
    0xe0, 0xa6, 0x78, 0xd3, 0xa4, 0x29, 0x27, 0x43, 0x94, 0x05, 0x72, 0x67, 0x76, 
    0x12, 0xec, 0xa1, 0xe7, 0x9e, 0x09, 0x51, 0x96, 0xc4, 0x9f, 0xd9, 0xc9, 0x10, 
    0x27, 0xa1, 0x0e, 0x51, 0xa6, 0x01, 0xa2, 0xd9, 0x55, 0x31, 0x28, 0xa3, 0x06, 
    0x4d, 0x16, 0x00, 0xa4, 0xd9, 0x1d, 0x19, 0x26, 0xa5, 0x6b, 0x3e, 0x46, 0x0b, 
    0xa6, 0xd9, 0x41, 0x33, 0x29, 0xa7, 0x02, 0x3d, 0x76, 0x8b, 0x9d, 0xa0, 0x3e, 
    0xf7, 0xe2, 0xa6, 0xa4, 0xf2, 0xf9, 0xd8, 0x1f, 0xa9, 0x42, 0xff, 0x47, 0xce, 
    0xa8, 0x9c, 0x3e, 0xc6, 0x46, 0xac, 0xd0, 0x51, 0x42, 0x2b, 0xa3, 0x93, 0x01, 
    0x80, 0xeb, 0x73, 0x3c, 0xec, 0x4a, 0xe8, 0x63, 0x86, 0xfc, 0xfa, 0x9c, 0x19, 
    0xc2, 0xee, 0xf9, 0x58, 0x17, 0x08, 0x62, 0x80, 0x88, 0x02, 0x2f, 0xdc, 0x53, 
    0x48, 0x2f, 0xe3, 0x58, 0xd1, 0xc3, 0x0a, 0x38, 0x68, 0xa8, 0x45, 0xb2, 0x72, 
    0x3a, 0x06, 0x82, 0x09, 0xbc, 0x3d, 0x00, 0x07, 0x06, 0xbc, 0x61, 0xa0, 0x85, 
    0x2a, 0x77, 0x08, 0xda, 0xd9, 0x22, 0x8e, 0x8c, 0x52, 0xc3, 0x7f, 0x35, 0x2c, 
    0xda, 0x2a, 0x41, 0x8f, 0xd5, 0xb1, 0x9b, 0x02, 0xf5, 0x80, 0x63, 0xc4, 0x13, 
    0xa6, 0x38, 0x02, 0xc8, 0x15, 0xe5, 0x79, 0x86, 0x19, 0x1e, 0x1d, 0xb4, 0x07, 
    0x84, 0xbc, 0xf3, 0x96, 0xea, 0xd8, 0x13, 0x22, 0xcc, 0xa0, 0x8e, 0xc0, 0x10, 
    0x63, 0xe6, 0xc8, 0x00, 0xe3, 0x6d, 0xc2, 0xad, 0x98, 0x93, 0x41, 0x19, 0xf1, 
    0xc6, 0x8f, 0x1d, 0x12, 0x89, 0x78, 0x4e, 0x5c, 0xac, 0x25, 0xc7, 0x8f, 0x89, 
    0x71, 0x88, 0x28, 0x99, 0x88, 0x73, 0x89, 0x15, 0x01, 0x5c, 0x52, 0xc9, 0x39, 
    0xcb, 0x24, 0x23, 0x06, 0x65, 0x46, 0x74, 0x33, 0x01, 0x19, 0xe4, 0x18, 0x93, 
    0x08, 0x0a, 0x47, 0xb4, 0x00, 0x9b, 0x20, 0x8c, 0x98, 0x42, 0x4e, 0xc2, 0x0a, 
    0x09, 0x8c, 0xc7, 0xcc, 0x8e, 0x3d, 0xc2, 0x03, 0x05, 0x31, 0xc0, 0x01, 0x03, 
    0x14, 0x50, 0x64, 0x40, 0x41, 0x0b, 0x18, 0x40, 0xb0, 0x00, 0x02, 0x39, 0x0c, 
    0x81, 0x4a, 0xc4, 0x69, 0x58, 0xc3, 0x05, 0x6f, 0x95, 0x8a, 0xdc, 0x9d, 0x67, 
    0x90, 0xf4, 0x82, 0xc4, 0x03, 0x33, 0x10, 0xe2, 0x4c, 0x25, 0x7f, 0xe4, 0x80, 
    0x03, 0x14, 0x41, 0xd4, 0xe0, 0x43, 0x20, 0x81, 0xd4, 0xb2, 0x43, 0x13, 0x3f, 
    0x64, 0x10, 0x03, 0x07, 0x11, 0x14, 0xff, 0x80, 0x40, 0x31, 0x1c, 0x97, 0x01, 
    0x5b, 0x06, 0x04, 0xfc, 0xb3, 0xb1, 0x9a, 0x9d, 0xa5, 0x61, 0xcc, 0x07, 0x0b, 
    0x1c, 0x90, 0xc3, 0x1a, 0x18, 0x44, 0x1e, 0xc3, 0x09, 0x91, 0x34, 0x11, 0x88, 
    0x16, 0x4b, 0xa8, 0x20, 0x84, 0x10, 0x49, 0xd8, 0xc0, 0x82, 0x1c, 0x47, 0x90, 
    0x40, 0xc1, 0x1a, 0x0b, 0x14, 0xd0, 0x00, 0xc9, 0x77, 0x48, 0x42, 0xb2, 0xd8, 
    0x89, 0x65, 0x86, 0xc7, 0x37, 0x91, 0x2c, 0xc0, 0xc1, 0x17, 0x27, 0x84, 0xe1, 
    0xc4, 0x0f, 0xb8, 0x93, 0x50, 0x43, 0x20, 0x48, 0xd8, 0x60, 0x49, 0x0f, 0x15, 
    0x74, 0xd0, 0x01, 0x01, 0x16, 0x00, 0x50, 0x81, 0x08, 0x73, 0xb8, 0x91, 0x01, 
    0x0d, 0x0b, 0x34, 0x90, 0x0d, 0x65, 0x3a, 0x80, 0xb1, 0x7a, 0xc4, 0x39, 0x62, 
    0x56, 0x8a, 0x10, 0x08, 0x2c, 0x00, 0xc1, 0x0c, 0x19, 0x04, 0x71, 0xc3, 0x14, 
    0x2b, 0x50, 0xa1, 0x85, 0x16, 0xa1, 0xfc, 0x91, 0xc4, 0x1b, 0x15, 0x60, 0xa1, 
    0x41, 0x02, 0xda, 0x10, 0xb3, 0xc7, 0x2d, 0x69, 0xe8, 0xb0, 0x8e, 0x1f, 0x48, 
    0xc8, 0x10, 0x06, 0x0d, 0x1b, 0x20, 0x00, 0x48, 0x31, 0xe3, 0x90, 0xc1, 0x47, 
    0x18, 0x6b, 0x80, 0x40, 0x06, 0x96, 0x90, 0x9c, 0x88, 0x15, 0xc1, 0x14, 0xd2, 
    0xf3, 0x8c, 0x87, 0x32, 0xf3, 0x09, 0x08, 0x44, 0x00, 0x08, 0x5f, 0x80, 0x01, 
    0x09, 0x7c, 0x20, 0x07, 0xf3, 0x99, 0x01, 0x05, 0x18, 0x7c, 0x03, 0xf0, 0x2c, 
    0xa0, 0x01, 0x05, 0x10, 0xe0, 0x79, 0x94, 0xb1, 0x87, 0x20, 0x90, 0x70, 0x83, 
    0x30, 0xec, 0x6d, 0x01, 0x0f, 0x40, 0x80, 0x0a, 0x11, 0xd0, 0x80, 0x02, 0x14, 
    0x60, 0x00, 0x03, 0x30, 0xc1, 0x23, 0x28, 0xa3, 0x08, 0x1d, 0xa0, 0x62, 0x13, 
    0x21, 0xd0, 0x82, 0x07, 0xfc, 0xc1, 0x81, 0x1a, 0x0c, 0xc1, 0x0a, 0xf9, 0x00, 
    0x06, 0x11, 0xff, 0x14, 0x38, 0x36, 0xca, 0x3c, 0xe3, 0x03, 0x0d, 0x58, 0x40, 
    0x09, 0x46, 0xf0, 0x83, 0x1d, 0x50, 0x41, 0x04, 0x96, 0xa8, 0x42, 0x07, 0x2c, 
    0xc0, 0x80, 0x2a, 0x32, 0x40, 0x03, 0x17, 0xf0, 0x20, 0x00, 0x5c, 0xd0, 0x99, 
    0x65, 0x98, 0xc1, 0x0e, 0x47, 0x08, 0x02, 0x0c, 0x62, 0x50, 0x02, 0x08, 0x98, 
    0x11, 0x02, 0x1c, 0x38, 0xc0, 0x06, 0x24, 0x80, 0x00, 0x03, 0x08, 0xe0, 0x13, 
    0x93, 0x79, 0x04, 0xc5, 0xc6, 0x83, 0x81, 0x59, 0x09, 0x2c, 0x38, 0x98, 0x49, 
    0xc7, 0x00, 0x10, 0xe0, 0x01, 0x0c, 0x40, 0xa1, 0x09, 0x5c, 0xf8, 0x83, 0x19, 
    0xaa, 0xc0, 0x03, 0x06, 0x64, 0x51, 0x01, 0x88, 0xf4, 0x20, 0x01, 0x00, 0xc0, 
    0xc8, 0x3b, 0x78, 0xe6, 0x0c, 0x28, 0x58, 0xc2, 0x0a, 0x6e, 0x40, 0x82, 0x48, 
    0x84, 0x01, 0x0a, 0x61, 0x08, 0x83, 0xd4, 0x5a, 0x40, 0x03, 0x20, 0xf4, 0x6d, 
    0x00, 0xc1, 0xa0, 0x93, 0x1b, 0xfe, 0x43, 0x0d, 0x88, 0xa5, 0x86, 0x32, 0x8d, 
    0x40, 0x82, 0x01, 0x10, 0x70, 0x80, 0x19, 0x6c, 0xc1, 0x07, 0x48, 0xf0, 0x83, 
    0x05, 0x8c, 0xd1, 0x07, 0x45, 0x32, 0xf2, 0x96, 0xb8, 0x0c, 0x81, 0xc0, 0x64, 
    0x61, 0x81, 0x2a, 0x98, 0x41, 0x04, 0x48, 0xe0, 0xc2, 0x14, 0x86, 0x39, 0x85, 
    0x2c, 0x1c, 0xa1, 0x06, 0x7a, 0x18, 0x41, 0x09, 0x4a, 0x37, 0x00, 0x62, 0x3c, 
    0x66, 0x0c, 0xff, 0x89, 0x80, 0x2e, 0xa8, 0x17, 0x19, 0xca, 0x14, 0x23, 0x03, 
    0x7b, 0x6c, 0xa5, 0x1e, 0x8e, 0xc0, 0x02, 0x33, 0xcc, 0x63, 0x66, 0x46, 0x70, 
    0x04, 0x2e, 0xc7, 0xc9, 0x48, 0x7a, 0x08, 0x6c, 0x17, 0x09, 0x60, 0x40, 0x07, 
    0x7a, 0x80, 0x02, 0x3f, 0x6c, 0x6e, 0x73, 0x49, 0x98, 0x84, 0x1d, 0x10, 0xd1, 
    0x04, 0x18, 0xac, 0x41, 0x02, 0x05, 0x80, 0x93, 0x63, 0x8c, 0xc0, 0xff, 0x9e, 
    0xff, 0xa0, 0xe0, 0x17, 0xa7, 0xe8, 0xc5, 0x2e, 0x86, 0x51, 0x07, 0xd4, 0x28, 
    0x86, 0x32, 0x97, 0xf0, 0x47, 0x36, 0x71, 0xf0, 0x83, 0x29, 0x2c, 0x81, 0x09, 
    0x90, 0x98, 0x4c, 0x3d, 0xc8, 0x89, 0x4b, 0xd5, 0x79, 0x46, 0x1c, 0x00, 0x50, 
    0x40, 0x02, 0x34, 0x80, 0x05, 0x0b, 0xf0, 0xe0, 0xa3, 0x3c, 0xe8, 0xc0, 0x04, 
    0x94, 0x20, 0x04, 0x24, 0xd4, 0x20, 0x03, 0x39, 0x88, 0x80, 0x01, 0xf2, 0xe4, 
    0x98, 0x84, 0xd6, 0x48, 0x02, 0x04, 0x50, 0xce, 0x61, 0x28, 0x33, 0x08, 0x85, 
    0x36, 0xc0, 0x03, 0x31, 0xd0, 0x43, 0x20, 0x44, 0xc0, 0x04, 0x5a, 0x40, 0x4f, 
    0x13, 0x14, 0x65, 0xe4, 0x3e, 0x04, 0x76, 0x0f, 0x46, 0x12, 0x80, 0x00, 0x88, 
    0x4c, 0x80, 0x52, 0xe3, 0x31, 0x8b, 0x4d, 0xd0, 0xa1, 0x0b, 0x15, 0xa0, 0x42, 
    0x13, 0x4e, 0x00, 0x01, 0x04, 0x40, 0xe1, 0x31, 0xc8, 0x38, 0x40, 0x91, 0x7c, 
    0x40, 0x1b, 0xd6, 0xbd, 0x85, 0x32, 0xa9, 0xf0, 0x87, 0x00, 0x0a, 0xb0, 0x00, 
    0x0c, 0x44, 0x22, 0x10, 0x4b, 0x50, 0x02, 0x17, 0x29, 0xf3, 0x84, 0x51, 0x04, 
    0x15, 0x00, 0xa1, 0xec, 0x0c, 0x11, 0xde, 0x7a, 0x0f, 0xa4, 0x35, 0x86, 0x08, 
    0x57, 0x90, 0x03, 0x09, 0x5a, 0xe0, 0x81, 0x06, 0xb4, 0xe3, 0x31, 0xa0, 0x68, 
    0x52, 0x09, 0xd2, 0x80, 0xb0, 0xbe, 0x50, 0xe6, 0x02, 0x62, 0x35, 0x40, 0x04, 
    0x72, 0x90, 0x81, 0x1b, 0xb0, 0x00, 0x05, 0x16, 0xa0, 0x03, 0x66, 0x74, 0x70, 
    0x86, 0xb7, 0x02, 0x20, 0x16, 0x9d, 0x91, 0x45, 0x50, 0xb9, 0x71, 0x1a, 0xca, 
    0xc8, 0x23, 0x10, 0x91, 0x28, 0x41, 0x04, 0x96, 0xf0, 0x18, 0x66, 0x58, 0x69, 
    0x0e, 0x84, 0x65, 0x55, 0x4c, 0x64, 0x6a, 0x14, 0xca, 0x58, 0x00, 0x36, 0x7b, 
    0xe4, 0xc0, 0x09, 0xdc, 0x80, 0x04, 0x4b, 0xff, 0x74, 0x20, 0x01, 0x11, 0xa5, 
    0x4c, 0x27, 0x80, 0xfa, 0xd6, 0x2e, 0x64, 0xc6, 0x16, 0x41, 0x1d, 0x85, 0x67, 
    0x6c, 0xe0, 0x06, 0xbe, 0x16, 0x80, 0x1d, 0x8e, 0x01, 0x03, 0xb9, 0x9a, 0x84, 
    0x08, 0xaf, 0x66, 0x84, 0x88, 0x45, 0xa1, 0xcc, 0x0b, 0x60, 0x33, 0xd6, 0x0d, 
    0xc4, 0xe0, 0x07, 0x73, 0x48, 0x42, 0x05, 0x34, 0x40, 0x00, 0x4f, 0x60, 0x06, 
    0x1e, 0x96, 0x65, 0xa4, 0x39, 0x6e, 0xf1, 0x18, 0x22, 0xac, 0xe3, 0xad, 0xa5, 
    0xec, 0xcc, 0x19, 0x02, 0x01, 0x85, 0x1c, 0x20, 0xe0, 0x12, 0x43, 0x0a, 0x6c, 
    0x93, 0x50, 0x20, 0x09, 0x76, 0x9c, 0x62, 0x3f, 0xa6, 0x24, 0xca, 0x64, 0xd2, 
    0xb1, 0x9b, 0x01, 0x44, 0xa0, 0x04, 0x51, 0x38, 0xc2, 0x24, 0x7a, 0xc0, 0x00, 
    0x05, 0x00, 0x02, 0x19, 0x98, 0x41, 0x45, 0x78, 0x19, 0x49, 0x06, 0x71, 0x2c, 
    0x03, 0x18, 0xf3, 0x40, 0xc3, 0x5b, 0xad, 0x20, 0x30, 0x4c, 0x50, 0xe1, 0x07, 
    0x18, 0x88, 0x80, 0x0d, 0x28, 0xa3, 0x0b, 0x2f, 0x09, 0x00, 0x36, 0x04, 0xe2, 
    0xd8, 0x50, 0x26, 0xb3, 0x8f, 0xdd, 0x08, 0xa0, 0x01, 0x07, 0x80, 0x43, 0x13, 
    0x90, 0x80, 0x02, 0x1e, 0x24, 0x80, 0x00, 0xa9, 0x30, 0x11, 0x65, 0x48, 0xb1, 
    0xe0, 0x1a, 0xdf, 0xf2, 0x0a, 0x9e, 0x49, 0x01, 0x2e, 0x58, 0xd0, 0x84, 0x16, 
    0x6c, 0xc0, 0x03, 0x78, 0xa0, 0x0c, 0x1d, 0xfe, 0x64, 0x38, 0xd5, 0xea, 0x68, 
    0x32, 0xc7, 0xc8, 0x45, 0x26, 0x82, 0xcc, 0x5a, 0x9e, 0x4c, 0x86, 0x08, 0xbc, 
    0xf1, 0xef, 0x1a, 0xb6, 0x80, 0x88, 0x24, 0x4c, 0xe0, 0x02, 0x8b, 0x04, 0xc0, 
    0x30, 0x28, 0x93, 0x02, 0x09, 0xdb, 0xb8, 0xc6, 0xac, 0xf0, 0x4c, 0x27, 0x2a, 
    0xa0, 0x82, 0x23, 0xc0, 0xe0, 0x00, 0x0d, 0x68, 0x00, 0x1c, 0x27, 0x93, 0x05, 
    0x37, 0x09, 0x60, 0xff, 0x19, 0x9d, 0x91, 0x51, 0xc9, 0xbe, 0xb6, 0x9b, 0x25, 
    0xa0, 0xa3, 0xc9, 0x3a, 0x99, 0x8c, 0x12, 0x4c, 0x5c, 0x80, 0x0d, 0xa8, 0xd8, 
    0x0e, 0x4c, 0xc0, 0x82, 0x02, 0x6e, 0xe9, 0x02, 0x75, 0x35, 0xe6, 0x09, 0xd1, 
    0xf8, 0xb2, 0x8d, 0xe3, 0x9a, 0x19, 0x6f, 0xf0, 0xc0, 0x0f, 0x53, 0x88, 0x44, 
    0x55, 0x29, 0x66, 0x07, 0x61, 0x3c, 0xa6, 0x1e, 0x6e, 0x2a, 0x40, 0x7e, 0x85, 
    0xf4, 0x18, 0x1d, 0x40, 0xc8, 0x38, 0x1b, 0x38, 0x44, 0x61, 0xe5, 0xf3, 0x98, 
    0x77, 0x44, 0x19, 0x6b, 0x61, 0x08, 0x84, 0x95, 0xb1, 0x8c, 0x4b, 0x2f, 0xd0, 
    0x83, 0x11, 0x90, 0xe0, 0x05, 0x25, 0x28, 0x1a, 0x07, 0x59, 0x50, 0x03, 0x12, 
    0x6c, 0xa8, 0x03, 0x38, 0xd8, 0xc0, 0x8e, 0x56, 0xa8, 0x43, 0x1e, 0xaa, 0x98, 
    0xf5, 0x5b, 0x4b, 0xd1, 0x99, 0x6d, 0x60, 0x01, 0x05, 0x72, 0xf8, 0x01, 0x0d, 
    0x24, 0x30, 0x80, 0x0f, 0x33, 0x60, 0x32, 0x19, 0x32, 0x53, 0x00, 0x36, 0xad, 
    0x91, 0x8c, 0x05, 0x21, 0x3b, 0x16, 0x35, 0x32, 0x7a, 0x1e, 0xa3, 0xd5, 0xfe, 
    0x4a, 0x00, 0x03, 0x24, 0xa0, 0x02, 0x64, 0x07, 0x6d, 0x63, 0x2f, 0x4c, 0xc3, 
    0x99, 0x10, 0x43, 0x06, 0x23, 0xae, 0x10, 0x02, 0x8a, 0x16, 0x22, 0x33, 0x52, 
    0x20, 0x00, 0x03, 0x94, 0xc0, 0x87, 0xe2, 0xa2, 0x99, 0x62, 0x57, 0x7d, 0xcc, 
    0xbb, 0xdc, 0x44, 0x08, 0x5e, 0x30, 0xa2, 0xa0, 0x99, 0xd9, 0x08, 0x65, 0x6a, 
    0x21, 0x9e, 0x19, 0xe0, 0x99, 0xd4, 0x8e, 0x81, 0x06, 0x6f, 0xc6, 0xea, 0x01, 
    0x38, 0xc8, 0x80, 0x05, 0x55, 0xe0, 0xae, 0x8d, 0xaf, 0xa0, 0xb1, 0xd5, 0xb5, 
    0x02, 0x1a, 0xe4, 0xcc, 0x04, 0x65, 0x96, 0x01, 0x00, 0x02, 0x5c, 0xa0, 0x02, 
    0x36, 0xc8, 0x42, 0x24, 0xbe, 0xb0, 0x81, 0x06, 0x34, 0x1b, 0x1c, 0x8f, 0xff, 
    0xb1, 0x01, 0xa4, 0x22, 0x10, 0x04, 0x06, 0xf0, 0xc2, 0x08, 0x07, 0x97, 0x48, 
    0xaf, 0xda, 0xa3, 0x80, 0x51, 0xaf, 0xd6, 0x31, 0xc2, 0x98, 0x23, 0x75, 0x1b, 
    0xc0, 0x01, 0x18, 0xd4, 0xc2, 0x06, 0x57, 0xae, 0x31, 0x2e, 0xb6, 0x3c, 0xbd, 
    0xc7, 0xac, 0x03, 0x13, 0xe3, 0x0c, 0xc6, 0x18, 0x4a, 0x01, 0x0f, 0x58, 0x5c, 
    0xe2, 0x96, 0x09, 0xb0, 0x00, 0x0a, 0xec, 0x70, 0x83, 0x28, 0x60, 0x60, 0x03, 
    0x2f, 0x34, 0xa7, 0x63, 0x44, 0x10, 0xab, 0x0c, 0xe0, 0xd8, 0xe6, 0xae, 0x72, 
    0xcc, 0x38, 0xfe, 0xa3, 0x75, 0x6d, 0xcf, 0x44, 0xcf, 0xc6, 0xd9, 0x63, 0x09, 
    0x22, 0xc1, 0x05, 0x41, 0x58, 0x80, 0xdc, 0x96, 0xed, 0x03, 0x3c, 0x8a, 0x4e, 
    0x99, 0x34, 0x6c, 0xa3, 0xc6, 0x1e, 0x9f, 0x80, 0x25, 0xf8, 0xb0, 0x83, 0xfb, 
    0xa9, 0xf4, 0xdd, 0x8e, 0xc1, 0x0e, 0xae, 0x84, 0x00, 0xf6, 0xa2, 0x3d, 0x46, 
    0x19, 0x08, 0x1a, 0x80, 0x8c, 0x2b, 0xe3, 0x1d, 0xc7, 0x40, 0x39, 0xed, 0x11, 
    0xc0, 0xc0, 0x0f, 0xc4, 0x2d, 0xe8, 0xf0, 0xe2, 0xa2, 0x08, 0x74, 0xcf, 0xcc, 
    0x79, 0xc3, 0x8b, 0x54, 0x0d, 0x4c, 0xc0, 0x0c, 0x48, 0x68, 0xc2, 0x08, 0xd0, 
    0xfc, 0x8b, 0xc7, 0xc8, 0xc1, 0x58, 0x61, 0x4e, 0x16, 0x0d, 0x3f, 0x10, 0x21, 
    0x2f, 0x14, 0xfe, 0x43, 0x8e, 0x29, 0x53, 0xda, 0x25, 0x10, 0x83, 0x0f, 0xf0, 
    0x81, 0x09, 0x12, 0xb7, 0x6c, 0x6e, 0x33, 0x8f, 0x99, 0x47, 0xd4, 0x58, 0x01, 
    0x17, 0x98, 0x80, 0x10, 0xa6, 0xb0, 0x05, 0xd1, 0x8a, 0xca, 0x31, 0xa7, 0xff, 
    0x95, 0x04, 0x62, 0x5e, 0x28, 0xca, 0xfc, 0x60, 0x44, 0x3a, 0x70, 0x2e, 0xa7, 
    0x1d, 0xd3, 0x04, 0xe3, 0x08, 0xc0, 0x00, 0x0b, 0xc0, 0x41, 0x13, 0xfe, 0xd0, 
    0x83, 0xdc, 0x07, 0x55, 0xe3, 0xbc, 0xef, 0x0c, 0xff, 0x70, 0x2d, 0xcb, 0x0d, 
    0x71, 0x04, 0xc3, 0x02, 0x6f, 0xd0, 0x02, 0x09, 0x30, 0x20, 0x81, 0x41, 0x3c, 
    0x86, 0x0f, 0xc6, 0xf2, 0x47, 0xe9, 0x5f, 0x5f, 0xe4, 0xc7, 0xb4, 0x81, 0x05, 
    0x2d, 0xfa, 0xab, 0xd9, 0x61, 0xf2, 0x18, 0x56, 0x1c, 0xa7, 0xba, 0x70, 0x50, 
    0x03, 0x22, 0x30, 0x04, 0xac, 0x16, 0x54, 0x7d, 0x10, 0x7e, 0x02, 0xe3, 0x65, 
    0xe4, 0xe4, 0x00, 0x6c, 0xe0, 0x18, 0xad, 0x80, 0x05, 0x7c, 0xd0, 0x04, 0x31, 
    0xb0, 0x00, 0x67, 0xf0, 0x18, 0x9a, 0x10, 0x7f, 0xfe, 0xa0, 0x0c, 0x06, 0xb5, 
    0x10, 0xba, 0x05, 0x07, 0x35, 0xc2, 0x68, 0x9f, 0x81, 0x70, 0x8d, 0x51, 0x1f, 
    0xd6, 0x57, 0x00, 0x1e, 0x30, 0x02, 0x37, 0x30, 0x09, 0x04, 0x98, 0x65, 0x14, 
    0x85, 0x25, 0x08, 0xd8, 0x45, 0x14, 0x95, 0x0d, 0x9d, 0xe5, 0x18, 0x78, 0xf0, 
    0x07, 0x35, 0x80, 0x03, 0x1b, 0x10, 0x0a, 0x8f, 0xe1, 0x0c, 0x18, 0x48, 0x03, 
    0xd8, 0xb0, 0x81, 0x08, 0x41, 0x19, 0xd8, 0x00, 0x05, 0x3d, 0x52, 0x73, 0xfb, 
    0xe7, 0x12, 0x1d, 0xf3, 0x1c, 0x63, 0x75, 0x00, 0x23, 0xb0, 0x03, 0x36, 0x50, 
    0x01, 0x05, 0x48, 0x51, 0xd2, 0xf0, 0x82, 0x9e, 0xe1, 0x00, 0xe3, 0x14, 0x0e, 
    0x99, 0x41, 0x09, 0x3b, 0x70, 0x02, 0x07, 0xb0, 0x00, 0xd1, 0xd7, 0x18, 0x79, 
    0x80, 0x81, 0xb0, 0xa1, 0x0d, 0x40, 0x48, 0x2f, 0x94, 0xb1, 0x0a, 0x4d, 0x32, 
    0x05, 0xd2, 0x57, 0x6d, 0x8f, 0x11, 0x1e, 0xff, 0x57, 0x00, 0x07, 0x40, 0x01, 
    0x4e, 0x58, 0x01, 0x09, 0xf0, 0x56, 0x6b, 0x45, 0x85, 0x99, 0x41, 0x0d, 0xad, 
    0x96, 0x5a, 0x94, 0x31, 0x0d, 0x59, 0x00, 0x05, 0x55, 0xf5, 0x0a, 0x8f, 0xa1, 
    0x06, 0x62, 0xe8, 0x0f, 0x2a, 0xe0, 0x5d, 0x48, 0x92, 0x19, 0x67, 0x60, 0x25, 
    0x5b, 0x40, 0x7f, 0x25, 0xff, 0xf1, 0x18, 0xa6, 0x00, 0x1d, 0x4b, 0x48, 0x01, 
    0x3e, 0xa0, 0x02, 0x13, 0x50, 0x87, 0x41, 0x05, 0x26, 0x78, 0xf8, 0x5d, 0xb8, 
    0x34, 0x06, 0x9d, 0xc1, 0x0d, 0x72, 0xa0, 0x07, 0x19, 0x86, 0x04, 0x8f, 0x71, 
    0x0f, 0x85, 0xe8, 0x0f, 0x40, 0xe0, 0x82, 0xf9, 0x91, 0x19, 0x04, 0xe0, 0x25, 
    0x5f, 0xe0, 0x88, 0x47, 0xe6, 0x18, 0x55, 0x20, 0x89, 0x70, 0x48, 0x89, 0x96, 
    0x88, 0x89, 0x14, 0xc5, 0x0b, 0x9b, 0x98, 0x19, 0x44, 0x40, 0x08, 0x8c, 0x24, 
    0x5c, 0x99, 0x01, 0x02, 0x00, 0xc0, 0x07, 0x1f, 0x80, 0x03, 0x0b, 0xd0, 0x02, 
    0x33, 0x28, 0x0b, 0xa7, 0x08, 0x1b, 0x58, 0xc8, 0x1d, 0x94, 0xc1, 0x0f, 0x15, 
    0x60, 0x26, 0x03, 0xc0, 0x0f, 0x6b, 0x38, 0x25, 0x8e, 0xd1, 0x06, 0xd9, 0x31, 
    0x89, 0x95, 0x78, 0x89, 0x6f, 0x35, 0x54, 0xbb, 0x88, 0x19, 0x65, 0xc0, 0x48, 
    0x71, 0xd0, 0x19, 0x45, 0x30, 0x04, 0x22, 0x20, 0x03, 0x23, 0xb0, 0x01, 0x18, 
    0x50, 0x71, 0xbc, 0xb0, 0x8c, 0xb0, 0xb1, 0x02, 0x93, 0xd1, 0x0e, 0xcd, 0xe5, 
    0x18, 0x62, 0x00, 0x00, 0x06, 0x70, 0x27, 0xb2, 0x50, 0x8d, 0x15, 0x31, 0x19, 
    0xdd, 0x90, 0x8d, 0xb5, 0xb8, 0x8d, 0xb8, 0x48, 0x4e, 0x33, 0xf4, 0x8d, 0x34, 
    0xc5, 0x48, 0xae, 0xd0, 0x19, 0xbb, 0x00, 0x72, 0x3b, 0x40, 0x01, 0x71, 0x38, 
    0x83, 0xf2, 0xe0, 0x8e, 0xb0, 0x11, 0x20, 0x8e, 0x51, 0x04, 0xfe, 0x60, 0x09, 
    0xb0, 0x00, 0x0c, 0x5e, 0x80, 0x2a, 0x77, 0x62, 0x84, 0x47, 0x88, 0x12, 0x93, 
    0xd1, 0x6d, 0x4a, 0xf8, 0x8f, 0xb7, 0xf8, 0x56, 0xd6, 0x40, 0x90, 0x94, 0x11, 
    0x07, 0xb7, 0x94, 0x0c, 0x98, 0x21, 0x0c, 0x09, 0x30, 0x01, 0x49, 0x60, 0x66, 
    0x07, 0xd0, 0x04, 0x8f, 0x11, 0x07, 0x10, 0x09, 0x1b, 0xc6, 0xf0, 0x18, 0xb2, 
    0xff, 0x07, 0x2a, 0x07, 0xc0, 0x87, 0x21, 0x88, 0x84, 0x8f, 0x71, 0x0a, 0xe2, 
    0xa1, 0x8d, 0x23, 0x19, 0x54, 0xb6, 0x60, 0x92, 0x8f, 0x91, 0x02, 0x89, 0x70, 
    0x4b, 0xa0, 0xa0, 0x81, 0x8f, 0x51, 0x04, 0xae, 0xd0, 0x92, 0x2a, 0xe0, 0x03, 
    0x67, 0x46, 0x78, 0x8e, 0x31, 0x04, 0x35, 0xe9, 0x0f, 0x10, 0x30, 0x19, 0x3e, 
    0x93, 0x2a, 0x20, 0xc4, 0x78, 0x21, 0xe6, 0x18, 0xfd, 0x44, 0x8b, 0x71, 0x08, 
    0x90, 0x6f, 0x05, 0x82, 0x26, 0x29, 0x06, 0xbc, 0x75, 0x4b, 0xd3, 0x20, 0x09, 
    0xf0, 0x90, 0x07, 0xf3, 0x40, 0x06, 0x1e, 0x57, 0x01, 0x93, 0x70, 0x03, 0x23, 
    0xe0, 0x01, 0xaa, 0xf0, 0x18, 0x02, 0x40, 0x01, 0x74, 0x30, 0x0e, 0x30, 0xe0, 
    0x8e, 0xce, 0xf0, 0x18, 0xb9, 0x10, 0x2b, 0xdb, 0xd2, 0x91, 0x8f, 0xf8, 0x18, 
    0xbb, 0x30, 0x1e, 0x42, 0xc9, 0x8d, 0x41, 0x45, 0x06, 0x86, 0x66, 0x92, 0x86, 
    0xb0, 0x60, 0x04, 0xa0, 0x01, 0x3d, 0xf0, 0x07, 0x6e, 0x00, 0x07, 0x1b, 0x80, 
    0x26, 0x8d, 0xf1, 0x0c, 0x14, 0xd0, 0x09, 0x87, 0x06, 0x0d, 0x4e, 0x70, 0x8a, 
    0x30, 0x60, 0x2b, 0xb1, 0x42, 0x01, 0xb0, 0x38, 0x7d, 0x8d, 0xe1, 0x81, 0x41, 
    0x59, 0x8b, 0x73, 0x18, 0x90, 0xe4, 0x24, 0x0a, 0x46, 0xd9, 0x18, 0xde, 0xb0, 
    0x60, 0x0a, 0x80, 0x05, 0x6f, 0x80, 0x04, 0x24, 0x50, 0x7b, 0x8f, 0x11, 0x0c, 
    0xf3, 0xf7, 0x18, 0x99, 0xb0, 0x5c, 0x18, 0x28, 0x59, 0x8e, 0x01, 0x2e, 0xa0, 
    0x62, 0x00, 0x53, 0x48, 0x98, 0x72, 0xe6, 0x18, 0xdf, 0xd0, 0x1e, 0x4b, 0xd8, 
    0x84, 0x4f, 0x18, 0x85, 0xe4, 0x34, 0x0b, 0xaf, 0xd9, 0x0f, 0xba, 0xb0, 0x60, 
    0x09, 0xd0, 0x01, 0x7e, 0x80, 0x08, 0x51, 0x50, 0x02, 0x84, 0xf0, 0x18, 0x6f, 
    0x90, 0x00, 0x98, 0x21, 0x06, 0x9c, 0x70, 0x8f, 0xf1, 0xff, 0xc7, 0x02, 0xb9, 
    0x19, 0x2b, 0xde, 0xe8, 0x95, 0x2b, 0x51, 0x5e, 0xff, 0x61, 0x82, 0x27, 0x90, 
    0x82, 0x2b, 0xf8, 0x56, 0xf1, 0x00, 0x02, 0xaf, 0x69, 0x0c, 0x9c, 0x27, 0x99, 
    0x7f, 0x70, 0x03, 0x5c, 0x98, 0x8f, 0x8e, 0x11, 0x03, 0x1b, 0xd0, 0x19, 0xe8, 
    0x10, 0x03, 0xf1, 0xb7, 0x01, 0x30, 0xd7, 0x18, 0xa5, 0x10, 0x2b, 0xdf, 0xa0, 
    0x8f, 0x8d, 0xf2, 0x18, 0xbf, 0x60, 0x1f, 0x00, 0x28, 0x80, 0x55, 0xe0, 0x9c, 
    0xe4, 0x94, 0x0e, 0x46, 0x59, 0x07, 0xd4, 0xc9, 0x03, 0x66, 0xb0, 0x02, 0x41, 
    0x80, 0x01, 0x0b, 0x80, 0x99, 0xfd, 0xd0, 0x08, 0x05, 0xe0, 0x0f, 0xa9, 0x87, 
    0x19, 0xaf, 0x80, 0x81, 0x16, 0xe3, 0x18, 0x44, 0x08, 0x2a, 0x14, 0x66, 0x9c, 
    0x20, 0x61, 0x2a, 0x1f, 0xa6, 0x9c, 0xd8, 0xa7, 0x7d, 0x2c, 0xd0, 0x7d, 0x2c, 
    0x18, 0x54, 0xa6, 0x60, 0x92, 0x85, 0x10, 0x5e, 0x0a, 0xc0, 0x00, 0x55, 0x20, 
    0x02, 0x3b, 0x90, 0x01, 0x1c, 0x80, 0x03, 0xf2, 0xd9, 0x18, 0xed, 0x00, 0x1b, 
    0x0d, 0x80, 0x88, 0x94, 0x11, 0x89, 0xf1, 0x77, 0x0d, 0xaf, 0x92, 0x2a, 0xc0, 
    0x80, 0xa0, 0x61, 0xd7, 0x18, 0xb8, 0xf0, 0x1f, 0x02, 0x30, 0x00, 0xb4, 0xa7, 
    0x06, 0xb7, 0xc7, 0x00, 0x33, 0x4a, 0x51, 0xbe, 0xf5, 0x8d, 0xd2, 0x50, 0xa1, 
    0x66, 0x20, 0x07, 0x41, 0x30, 0x81, 0x24, 0xf0, 0x18, 0xd1, 0xb0, 0x1b, 0x0d, 
    0x88, 0x19, 0xce, 0x11, 0x7f, 0xae, 0xe7, 0x18, 0x96, 0x00, 0x2a, 0xf9, 0xa6, 
    0xa2, 0x4a, 0xe2, 0x18, 0xb7, 0x10, 0x21, 0xfe, 0x25, 0x79, 0x5a, 0x80, 0x02, 
    0x05, 0xb6, 0x60, 0xbd, 0xf0, 0x8d, 0x18, 0x67, 0x59, 0x39, 0xda, 0x03, 0x4b, 
    0xb0, 0x90, 0x1c, 0x80, 0x00, 0x7f, 0xf0, 0x18, 0x05, 0xe3, 0x0f, 0x89, 0x80, 
    0x19, 0x77, 0xb0, 0x02, 0x62, 0xff, 0x48, 0x9e, 0x8e, 0xc1, 0x24, 0x98, 0xb2, 
    0x0d, 0x4e, 0xca, 0x81, 0xcb, 0x42, 0xa7, 0x0f, 0x50, 0x02, 0x5b, 0xb0, 0x02, 
    0x66, 0xf0, 0x76, 0x35, 0x46, 0x0a, 0x9b, 0xc8, 0x0a, 0x9c, 0x57, 0x9d, 0x82, 
    0x30, 0x07, 0x18, 0xb6, 0x00, 0x06, 0xc0, 0x68, 0x7b, 0x00, 0x1b, 0x34, 0xb0, 
    0x78, 0xfd, 0xa0, 0x04, 0x24, 0xa0, 0x07, 0xa7, 0x68, 0x00, 0x46, 0xea, 0x7f, 
    0x90, 0x92, 0x03, 0x03, 0x8a, 0x9e, 0x1e, 0xe9, 0x18, 0xb1, 0xa0, 0x21, 0x02, 
    0x80, 0x00, 0x02, 0x94, 0x05, 0x49, 0x70, 0x5b, 0x36, 0x06, 0x9c, 0x08, 0xf8, 
    0x0c, 0xb2, 0xc9, 0x00, 0x93, 0x29, 0x03, 0x14, 0x00, 0x04, 0x6d, 0xd4, 0x06, 
    0xf4, 0x38, 0x07, 0x07, 0x20, 0x88, 0x49, 0x53, 0x93, 0xe5, 0x70, 0x8d, 0x98, 
    0x72, 0x90, 0x93, 0xda, 0x7c, 0x5b, 0xc7, 0xab, 0x70, 0xd8, 0x84, 0x22, 0x00, 
    0x85, 0x59, 0xfa, 0x56, 0xab, 0x30, 0x77, 0xbc, 0x77, 0x07, 0x35, 0x56, 0x9d, 
    0x7e, 0x30, 0x07, 0xa2, 0x28, 0x01, 0x06, 0xa0, 0x09, 0xba, 0x35, 0x19, 0x3b, 
    0x50, 0x93, 0xe6, 0xf0, 0x18, 0x68, 0x00, 0x29, 0xc7, 0x90, 0xad, 0x41, 0xf8, 
    0x18, 0x90, 0x30, 0x22, 0xd7, 0x97, 0x7d, 0x6e, 0x60, 0x07, 0x32, 0xaa, 0x68, 
    0x65, 0x37, 0x3d, 0xcc, 0xf0, 0x7b, 0xf3, 0xc6, 0x02, 0x32, 0x70, 0x02, 0x40, 
    0x60, 0x72, 0x96, 0xe6, 0x19, 0x2e, 0x05, 0x91, 0x7a, 0x40, 0x27, 0x0b, 0x80, 
    0x28, 0x77, 0x06, 0xa7, 0x63, 0xf2, 0x18, 0x2a, 0xd0, 0x22, 0x75, 0x1a, 0x6e, 
    0x6f, 0xc0, 0xa9, 0x8a, 0xa6, 0x0d, 0x63, 0x70, 0xab, 0x11, 0x13, 0x0b, 0xb3, 
    0x80, 0x77, 0xc1, 0x27, 0x04, 0x88, 0xa0, 0x07, 0xcb, 0x66, 0x00, 0x3b, 0x20, 
    0x30, 0x20, 0xa0, 0x91, 0xff, 0xf1, 0x06, 0xc5, 0xa0, 0x0c, 0xa8, 0x90, 0x09, 
    0x0c, 0xff, 0x60, 0x26, 0xcf, 0xf0, 0x18, 0x42, 0x80, 0x28, 0x25, 0x8a, 0xab, 
    0x26, 0xf1, 0x18, 0xc7, 0x50, 0x23, 0x03, 0xf0, 0x00, 0x39, 0x10, 0x09, 0x53, 
    0xe0, 0x07, 0xb7, 0x15, 0xae, 0x0b, 0x96, 0x08, 0xbc, 0xd0, 0xb0, 0x9e, 0x01, 
    0x0b, 0xdc, 0x60, 0x63, 0x1e, 0xc7, 0x03, 0x96, 0x10, 0x0a, 0x26, 0xc0, 0x85, 
    0x0d, 0x20, 0x00, 0xaa, 0xd8, 0x19, 0x63, 0x87, 0x20, 0x1b, 0x46, 0x26, 0x5e, 
    0x22, 0x91, 0x8d, 0x41, 0x93, 0x7f, 0x32, 0x6d, 0x16, 0xcb, 0x86, 0x8e, 0xf1, 
    0x31, 0x2d, 0x72, 0x62, 0x71, 0xb8, 0x03, 0x2a, 0x08, 0xa1, 0x8a, 0xf6, 0x0b, 
    0x57, 0x20, 0x0f, 0x8e, 0xa0, 0x0b, 0xd6, 0x20, 0x0a, 0xcf, 0x20, 0x0a, 0x9b, 
    0x70, 0x05, 0x2e, 0xf0, 0x65, 0x04, 0x10, 0x75, 0x4c, 0xc0, 0x02, 0x47, 0x00, 
    0x05, 0x6b, 0xa0, 0x52, 0x19, 0x50, 0x2f, 0x32, 0x30, 0x01, 0xce, 0x40, 0x8d, 
    0x8f, 0x11, 0x0e, 0x08, 0xa2, 0x89, 0x8f, 0xc1, 0x7a, 0x4d, 0x12, 0x2f, 0xb1, 
    0x87, 0x28, 0x1c, 0x82, 0xaf, 0x05, 0xf1, 0x18, 0x77, 0xd0, 0x23, 0xfd, 0x8a, 
    0x03, 0xb6, 0xc7, 0x04, 0x79, 0xaa, 0x68, 0xa2, 0x8b, 0x77, 0x09, 0x80, 0x05, 
    0x4a, 0x20, 0x02, 0xb5, 0xb0, 0x05, 0x57, 0x57, 0x00, 0x5a, 0xfb, 0x18, 0xf8, 
    0xb0, 0x1b, 0x0f, 0x20, 0x05, 0x93, 0x41, 0x0e, 0xff, 0x81, 0x1f, 0x94, 0x41, 
    0x88, 0x4d, 0xd2, 0x9f, 0x8e, 0x31, 0x5d, 0x88, 0xd2, 0x55, 0x3e, 0x7b, 0x9c, 
    0x8d, 0xc1, 0x03, 0x45, 0x32, 0xb4, 0x53, 0xc6, 0x05, 0x7e, 0xe0, 0x62, 0xa3, 
    0x9b, 0xbc, 0x7e, 0x8a, 0x05, 0x55, 0x60, 0x03, 0x88, 0xf0, 0x03, 0x38, 0xe0, 
    0x01, 0x08, 0x40, 0xa5, 0x93, 0xd1, 0x25, 0xb0, 0x01, 0x04, 0xbb, 0xd7, 0x18, 
    0x21, 0x60, 0x1f, 0x03, 0x70, 0x0e, 0x3c, 0xd9, 0x8f, 0x5e, 0xff, 0x82, 0x09, 
    0x8d, 0x71, 0x07, 0x10, 0x00, 0x29, 0x65, 0x80, 0xb9, 0x03, 0xf1, 0x18, 0xa8, 
    0xd0, 0x24, 0x27, 0x06, 0x04, 0x28, 0xb8, 0x04, 0x55, 0x80, 0xa5, 0xca, 0x3b, 
    0xbf, 0xb8, 0x94, 0xa3, 0x43, 0x90, 0x04, 0x5c, 0x40, 0x02, 0x38, 0x70, 0x00, 
    0xd3, 0xeb, 0x0f, 0x31, 0xe5, 0x18, 0xd3, 0x70, 0x1c, 0x11, 0x90, 0x40, 0x8e, 
    0x51, 0x53, 0xf6, 0x41, 0x01, 0xbf, 0x70, 0x0c, 0x8e, 0x70, 0xa8, 0x66, 0x72, 
    0x04, 0x4b, 0x00, 0x2a, 0x1f, 0x50, 0x9a, 0x13, 0x31, 0x19, 0x37, 0x5b, 0x24, 
    0xfd, 0xfa, 0x05, 0x24, 0x20, 0x07, 0x96, 0xe0, 0x62, 0x4a, 0x4b, 0xbf, 0x36, 
    0xa6, 0x00, 0x1a, 0x50, 0x01, 0x7e, 0x40, 0x05, 0x1f, 0x70, 0x02, 0x1c, 0xf0, 
    0x00, 0xcd, 0xe6, 0x0f, 0xbe, 0xdb, 0x0f, 0x9f, 0x66, 0x1c, 0x6a, 0x80, 0x79, 
    0x8f, 0xc1, 0x23, 0x57, 0x89, 0x29, 0x07, 0x10, 0x30, 0xbf, 0xfb, 0x11, 0x9d, 
    0xe6, 0x25, 0xb1, 0x95, 0x01, 0x3b, 0x20, 0x02, 0xdd, 0x07, 0x77, 0x1e, 0xac, 
    0x68, 0x20, 0x5c, 0x01, 0x82, 0x40, 0x05, 0x6e, 0x30, 0x02, 0x10, 0xf0, 0x00, 
    0x6e, 0xe4, 0x0f, 0x5b, 0xda, 0x18, 0xd0, 0x04, 0x1d, 0x30, 0x30, 0x83, 0xc1, 
    0x3b, 0xc3, 0x98, 0xf2, 0x83, 0x67, 0xbb, 0x8f, 0x8e, 0x51, 0x0c, 0x1e, 0x46, 
    0x56, 0x31, 0x10, 0x04, 0x54, 0x20, 0x08, 0x1d, 0x00, 0xb7, 0x41, 0xfc, 0x56, 
    0x48, 0xc5, 0x00, 0x13, 0x20, 0x08, 0xa1, 0x70, 0x52, 0x25, 0xc0, 0xae, 0x2d, 
    0x6a, 0x57, 0xfd, 0xd0, 0xa6, 0xd9, 0x31, 0x05, 0x46, 0xda, 0x18, 0x82, 0x40, 
    0xc5, 0x88, 0x52, 0x0d, 0x98, 0x3b, 0x19, 0x76, 0x20, 0x8d, 0x08, 0xc0, 0x01, 
    0x28, 0x08, 0x68, 0x6f, 0xd7, 0xc1, 0x63, 0x8c, 0x4b, 0x7f, 0xcb, 0xbc, 0x7e, 
    0xa0, 0x05, 0x27, 0x75, 0x4f, 0xac, 0xff, 0x0b, 0x1b, 0x4a, 0xf0, 0x18, 0xa2, 
    0xd0, 0x1e, 0x27, 0x40, 0x19, 0x6d, 0x66, 0xc7, 0x6e, 0x62, 0xc5, 0x37, 0x6c, 
    0x9a, 0xc9, 0xe0, 0x66, 0x05, 0x20, 0x01, 0x34, 0xb0, 0x05, 0x81, 0x60, 0x03, 
    0x04, 0xa6, 0x45, 0x83, 0x1c, 0x54, 0xc0, 0x67, 0x01, 0x3d, 0xa0, 0x02, 0x46, 
    0x9c, 0x01, 0xa4, 0xf3, 0x42, 0xbb, 0xb1, 0xc2, 0xc9, 0x37, 0x1e, 0x8e, 0xea, 
    0x18, 0x8b, 0x50, 0x7d, 0x94, 0x6c, 0x25, 0x06, 0xe0, 0xb4, 0x3d, 0xb9, 0xa2, 
    0x8f, 0x41, 0x67, 0x66, 0x72, 0x62, 0x1e, 0xc0, 0x50, 0x73, 0xa0, 0x02, 0x43, 
    0x80, 0x05, 0x2f, 0x36, 0xca, 0xe3, 0xd4, 0x79, 0x1d, 0x80, 0x02, 0x22, 0x30, 
    0x05, 0x1f, 0xa0, 0x4c, 0xf8, 0xa4, 0x73, 0xd0, 0xe9, 0x18, 0xeb, 0xfb, 0x1f, 
    0xa4, 0xd8, 0x69, 0x2d, 0x5a, 0xcb, 0x3d, 0x42, 0x9a, 0xf8, 0x4a, 0x2c, 0x88, 
    0x32, 0xb4, 0xb2, 0x65, 0x02, 0x2b, 0x90, 0x04, 0x3d, 0x60, 0x01, 0x59, 0x24, 
    0xc8, 0xc9, 0x8b, 0x54, 0x17, 0x80, 0x05, 0x43, 0x60, 0x06, 0x7c, 0x10, 0x08, 
    0x3f, 0x00, 0x07, 0x10, 0xf0, 0xcc, 0xbb, 0x91, 0x95, 0x8f, 0x01, 0xc7, 0xff, 
    0x01, 0x08, 0x93, 0x61, 0x0b, 0xd8, 0x5c, 0x24, 0x64, 0xb0, 0xcd, 0x8f, 0x01, 
    0xa9, 0x77, 0x72, 0x7d, 0x0f, 0x00, 0x01, 0x23, 0xa0, 0x06, 0x5c, 0x20, 0x02, 
    0x28, 0x30, 0x01, 0x0c, 0xf0, 0x62, 0xe6, 0xec, 0xb7, 0xe9, 0xd4, 0x01, 0x4c, 
    0x60, 0x03, 0x72, 0x50, 0x03, 0x51, 0x10, 0x03, 0x07, 0xa0, 0xc4, 0xd7, 0xec, 
    0x0f, 0xdd, 0xf0, 0x18, 0xfa, 0xac, 0x21, 0x1a, 0x30, 0x19, 0xc9, 0xb9, 0xcf, 
    0x23, 0x72, 0x02, 0x36, 0x9c, 0xcb, 0x38, 0xec, 0x18, 0x99, 0x0c, 0x29, 0xd7, 
    0x17, 0x01, 0x10, 0x00, 0x07, 0x41, 0x50, 0x0b, 0x7c, 0x20, 0x04, 0x3d, 0xd0, 
    0x01, 0xeb, 0xff, 0xd3, 0xd0, 0x96, 0x85, 0x54, 0x1b, 0x65, 0x01, 0x43, 0x20, 
    0x08, 0x2c, 0xc0, 0xcc, 0x14, 0x80, 0x3f, 0xd3, 0x9b, 0xd1, 0x91, 0xfc, 0x18, 
    0xd9, 0x32, 0x22, 0xc4, 0xda, 0x18, 0x23, 0x20, 0xd2, 0x11, 0xb2, 0x00, 0x4c, 
    0x79, 0xc5, 0x32, 0xe7, 0x18, 0x24, 0xa8, 0xd2, 0x06, 0xf0, 0x00, 0x40, 0x10, 
    0x03, 0x61, 0xe0, 0x06, 0x88, 0xf0, 0x07, 0x82, 0x40, 0x48, 0xeb, 0x23, 0xca, 
    0x78, 0x87, 0xce, 0x0c, 0xc0, 0x03, 0xbe, 0x24, 0x02, 0x93, 0x14, 0x09, 0x2d, 
    0xc0, 0x01, 0xcf, 0x9c, 0xd1, 0xfe, 0x60, 0x0f, 0x8f, 0x31, 0x64, 0x35, 0xe2, 
    0x9a, 0x38, 0x17, 0x6d, 0x4a, 0x3d, 0x1e, 0x40, 0x26, 0xc1, 0x11, 0xe1, 0x80, 
    0xb1, 0x72, 0x7d, 0x08, 0xb0, 0x01, 0x6b, 0x30, 0x02, 0x7a, 0xb0, 0x03, 0x2b, 
    0x20, 0x02, 0x66, 0x30, 0x04, 0x85, 0x74, 0x01, 0x09, 0x80, 0x48, 0x47, 0x95, 
    0xd8, 0x8a, 0x8d, 0x54, 0x1a, 0x95, 0xce, 0x13, 0xd0, 0x03, 0xbf, 0x44, 0x05, 
    0xa1, 0x03, 0x03, 0x18, 0x70, 0xd1, 0xac, 0x6c, 0x1c, 0x91, 0x30, 0x19, 0x27, 
    0xda, 0x22, 0xa1, 0xf9, 0x18, 0xb0, 0xf0, 0xa1, 0x73, 0x2d, 0x1e, 0xad, 0xc0, 
    0x7c, 0x02, 0xd7, 0x18, 0xf1, 0x9a, 0xd7, 0x03, 0x50, 0x00, 0x11, 0x70, 0x00, 
    0x18, 0x40, 0x01, 0x4d, 0xb4, 0x02, 0x4b, 0x20, 0x08, 0x4a, 0x10, 0x3c, 0x54, 
    0x74, 0x45, 0x17, 0x70, 0xdb, 0xb8, 0xad, 0x01, 0x55, 0x64, 0x01, 0x1d, 0x50, 
    0x05, 0x6f, 0x90, 0x04, 0x2c, 0x30, 0x07, 0x3b, 0x10, 0x04, 0x19, 0xf0, 0x05, 
    0x68, 0x6d, 0x72, 0x6a, 0x0d, 0x1b, 0xd3, 0xe4, 0x18, 0xb4, 0x5b, 0x24, 0x15, 
    0xf8, 0x18, 0xfc, 0x15, 0xda, 0xd0, 0x81, 0xc7, 0x76, 0x7d, 0xd7, 0xfd, 0x60, 
    0x6a, 0xc6, 0xa2, 0xd7, 0x12, 0xc0, 0x01, 0x31, 0x90, 0x01, 0x13, 0xff, 0xb4, 
    0x02, 0x76, 0x60, 0x03, 0x7e, 0x60, 0x09, 0x4c, 0xd0, 0x03, 0x55, 0x30, 0x04, 
    0x15, 0x90, 0xde, 0x15, 0x30, 0x04, 0x55, 0xa0, 0x04, 0x6f, 0x60, 0x09, 0x42, 
    0x00, 0x4c, 0x53, 0x20, 0x03, 0x7a, 0x30, 0x46, 0x56, 0xd3, 0x46, 0x3a, 0x67, 
    0x1c, 0x93, 0x80, 0x55, 0xe2, 0x59, 0x24, 0x2c, 0xd5, 0x18, 0x46, 0x20, 0xdd, 
    0xcf, 0x71, 0xd4, 0x97, 0xac, 0x24, 0x20, 0xd0, 0xdf, 0xbf, 0x22, 0x00, 0x7a, 
    0x2d, 0x3b, 0x5f, 0x40, 0x01, 0x4e, 0x60, 0x02, 0x3b, 0x00, 0x3e, 0x5a, 0xc0, 
    0x07, 0x2c, 0xb0, 0x04, 0x22, 0x70, 0xe1, 0x22, 0xb0, 0x04, 0x2c, 0xc0, 0x07, 
    0x54, 0x30, 0x07, 0x59, 0x70, 0x03, 0x6a, 0x10, 0x06, 0x70, 0xd0, 0x49, 0x57, 
    0x63, 0x00, 0x29, 0x0c, 0x1d, 0x43, 0xe4, 0x18, 0x64, 0x6b, 0x25, 0x21, 0x1a, 
    0x98, 0xc6, 0x32, 0x09, 0x0e, 0x20, 0x22, 0x4d, 0x32, 0xb0, 0x05, 0xae, 0x24, 
    0x95, 0x70, 0x8a, 0x53, 0xea, 0x37, 0xb2, 0x43, 0x03, 0x2d, 0x40, 0x01, 0x51, 
    0xa0, 0x07, 0x24, 0x60, 0x02, 0x35, 0x20, 0x03, 0x3b, 0x50, 0xe4, 0x3b, 0x20, 
    0x03, 0x6e, 0xf0, 0x01, 0x24, 0xe0, 0x04, 0x61, 0x30, 0x02, 0x33, 0x50, 0x02, 
    0x07, 0xc0, 0x46, 0x26, 0x9e, 0xdc, 0xbc, 0xa1, 0x2b, 0x13, 0x89, 0xe0, 0x4d, 
    0x62, 0x05, 0x8f, 0x90, 0x0d, 0xf1, 0xb7, 0xdf, 0x8d, 0xa1, 0x05, 0x3d, 0xf2, 
    0x03, 0x70, 0x56, 0xdd, 0x13, 0xb1, 0x08, 0x07, 0xb2, 0x8c, 0x53, 0x6a, 0x00, 
    0x0d, 0x10, 0x01, 0x8d, 0x03, 0x01, 0x90, 0x13, 0x03, 0x38, 0xd0, 0x02, 0x70, 
    0x70, 0x02, 0x27, 0x00, 0x07, 0x2d, 0x30, 0x03, 0x31, 0x80, 0x01, 0x25, 0xc0, 
    0x01, 0x1e, 0x70, 0x35, 0x2f, 0xa4, 0xe0, 0xe3, 0x11, 0x05, 0x93, 0xf1, 0xca, 
    0x02, 0x7e, 0x1c, 0x35, 0xda, 0x18, 0x8f, 0xff, 0x1c, 0x21, 0x10, 0x10, 0x0a, 
    0x56, 0xb0, 0xdc, 0x64, 0x3e, 0x11, 0x88, 0x55, 0x93, 0x53, 0x9a, 0xda, 0x0d, 
    0x80, 0x00, 0x11, 0x20, 0x01, 0x0b, 0xf0, 0x63, 0x1e, 0xb0, 0xe9, 0x1e, 0xb0, 
    0x01, 0x1b, 0xb0, 0x00, 0x11, 0x90, 0x42, 0x05, 0x30, 0xe5, 0xff, 0xe1, 0x89, 
    0x8e, 0x01, 0x0c, 0x85, 0x9e, 0x1d, 0xbe, 0x4b, 0x0c, 0xcf, 0x01, 0x01, 0x2d, 
    0x10, 0x05, 0x32, 0x50, 0x0b, 0x48, 0xd0, 0x03, 0xae, 0x60, 0x0e, 0xc0, 0x40, 
    0xc0, 0xa4, 0x0d, 0x12, 0x94, 0xac, 0xe0, 0x93, 0x3e, 0x00, 0x06, 0x60, 0x00, 
    0x2e, 0xe4, 0x42, 0xbf, 0x0e, 0x43, 0xcd, 0x46, 0xe5, 0xd9, 0xc1, 0x04, 0x93, 
    0x91, 0x01, 0xa9, 0x0e, 0x1d, 0x12, 0xda, 0x18, 0x9e, 0xe0, 0x04, 0x21, 0xe0, 
    0x0e, 0x90, 0x20, 0x05, 0x90, 0x50, 0x0e, 0x8d, 0x20, 0xb2, 0xd4, 0xa4, 0x12, 
    0x73, 0xcd, 0xeb, 0xdc, 0x6e, 0xec, 0xed, 0xb1, 0x01, 0x00, 0xd7, 0x18, 0x9c, 
    0xb0, 0xec, 0xd0, 0xf1, 0x6c, 0x8d, 0xb1, 0x08, 0x3c, 0x49, 0x77, 0x2d, 0x41, 
    0xee, 0x3d, 0x92, 0x6d, 0xfd, 0x10, 0x86, 0xec, 0x7e, 0x1c, 0x21, 0x43, 0x85, 
    0x2f, 0x11, 0xef, 0x23, 0xf2, 0xdc, 0x8e, 0xa1, 0x72, 0xf6, 0x1e, 0x65, 0xe4, 
    0xaa, 0xee, 0x32, 0xb1, 0xef, 0x08, 0x22, 0x08, 0x20, 0x0d, 0xf0, 0xc6, 0x01, 
    0x00, 0xd9, 0x9e, 0x13, 0x04, 0xdf, 0x1e, 0x39, 0x10, 0xa4, 0x8d, 0x51, 0x0e, 
    0x09, 0xcf, 0x1b, 0x05, 0x50, 0x9c, 0x35, 0x8e, 0xf0, 0x0f, 0x9f, 0x1d, 0xa6, 
    0xde, 0x18, 0x20, 0xd0, 0x97, 0x15, 0x0f, 0x1b, 0xee, 0x4e, 0x14, 0x1b, 0xff, 
    0x1c, 0x6b, 0x96, 0xef, 0x1f, 0xef, 0x0f, 0x0f, 0xe0, 0xc6, 0x1e, 0x3f, 0xf2, 
    0xbb, 0xa1, 0x4f, 0x8e, 0xa1, 0x0d, 0x28, 0x0f, 0x0a, 0x8f, 0xce, 0x12, 0x28, 
    0x0f, 0x1b, 0x1b, 0xff, 0xb0, 0xc2, 0xea, 0x80, 0xf2, 0x02, 0x10, 0xee, 0x26, 
    0xfd, 0x13, 0x31, 0xef, 0x0f, 0x8e, 0xe4, 0x2d, 0x31, 0x8f, 0xec, 0xe8, 0xfb, 
    0x11, 0x31, 0xff, 0xd1, 0x8f, 0xe1, 0x2b, 0x28, 0x7f, 0xaf, 0x9b, 0xf2, 0xf2, 
    0x25, 0x81, 0xf2, 0xf3, 0xee, 0x18, 0x0b, 0x8a, 0xf2, 0x0f, 0xd0, 0x08, 0xf0, 
    0x11, 0x70, 0x3b, 0x81, 0xf2, 0x2a, 0xe9, 0x18, 0xfc, 0xb0, 0xf3, 0x08, 0x00, 
    0xc3, 0x95, 0x01, 0x5d, 0x38, 0x31, 0xf2, 0x13, 0xf2, 0x18, 0xb0, 0xba, 0xf3, 
    0x6c, 0xad, 0x19, 0x8d, 0x49, 0xf5, 0x36, 0x31, 0xf2, 0xd5, 0xea, 0x18, 0xf2, 
    0xb5, 0xf3, 0x6b, 0xda, 0x18, 0x27, 0x90, 0x04, 0x8e, 0xb1, 0x0b, 0x9e, 0x8a, 
    0xf6, 0x33, 0xf1, 0xf1, 0xf0, 0xe5, 0x18, 0x88, 0xb7, 0xf3, 0xb0, 0x31, 0xa6, 
    0x8e, 0xc1, 0x23, 0x84, 0x90, 0x0b, 0xf8, 0xe7, 0x0f, 0xd5, 0x5c, 0x86, 0x30, 
    0xb1, 0xf1, 0x43, 0xed, 0x18, 0x4c, 0xc0, 0xf7, 0xd7, 0x9b, 0xe2, 0xfd, 0x50, 
    0xf3, 0xc7, 0x71, 0x03, 0x25, 0x69, 0xf7, 0xf5, 0x5e, 0xf1, 0x7e, 0xe0, 0x29, 
    0x8c, 0xbf, 0x1b, 0xc4, 0xd6, 0x18, 0x29, 0xfd, 0x1c, 0x35, 0x30, 0x08, 0x5c, 
    0x1f, 0xf4, 0x0b, 0xb1, 0xf1, 0x7e, 0xdf, 0x18, 0xbe, 0xc9, 0xf7, 0x33, 0xc0, 
    0x87, 0x43, 0x2a, 0x1e, 0x10, 0x10, 0xcd, 0x4a, 0x7f, 0x11, 0x1f, 0x5f, 0x05, 
    0x90, 0x30, 0x0c, 0xc5, 0x91, 0xf9, 0xfe, 0x00, 0xf4, 0x8d, 0xe1, 0x05, 0xf6, 
    0x81, 0x08, 0x39, 0xfb, 0xfa, 0x15, 0x61, 0xfb, 0x7c, 0x8f, 0xf4, 0xa7, 0x89, 
    0x20, 0xe3, 0xe0, 0xfb, 0x14, 0x01, 0xfc, 0x31, 0xaf, 0xf2, 0xfd, 0xe0, 0x0d, 
    0x1a, 0xa2, 0x7f, 0x13, 0x4f, 0x12, 0xc8, 0x8f, 0xf2, 0xb2, 0xeb, 0xf4, 0x1a, 
    0x52, 0xfc, 0x4e, 0xdd, 0x11, 0xd1, 0xff, 0xf1, 0x2e, 0xef, 0x18, 0x69, 0xff, 
    0x20, 0x01, 0x1a, 0x22, 0xad, 0xcf, 0x3f, 0x12, 0xd9, 0x5f, 0xf1, 0x3e, 0x30, 
    0x19, 0x51, 0xaa, 0x21, 0x90, 0x7b, 0xf8, 0xe3, 0x4f, 0xf0, 0x05, 0xc0, 0xaa, 
    0x48, 0xaa, 0x21, 0x15, 0x20, 0xfa, 0x08, 0xb1, 0xfe, 0x04, 0x5f, 0x94, 0x8f, 
    0x31, 0x4a, 0x23, 0x72, 0xb9, 0xe1, 0x2f, 0x12, 0xf4, 0xbf, 0xef, 0xf6, 0xef, 
    0x18, 0x87, 0xd2, 0x22, 0x0b, 0xb0, 0x7b, 0xea, 0xdf, 0xff, 0xe4, 0x8e, 0xad, 
    0x8e, 0x31, 0x0f, 0x45, 0xe2, 0x53, 0xfb, 0x1f, 0x12, 0xfd, 0xcf, 0xee, 0xbf, 
    0x51, 0x5a, 0x45, 0xa2, 0x06, 0xf2, 0x7f, 0x10, 0xfd, 0x4f, 0xee, 0x4d, 0xdc, 
    0x18, 0xe0, 0x80, 0xe5, 0x1a, 0xa2, 0xfc, 0xea, 0xdf, 0xff, 0x85, 0x9e, 0x0b, 
    0x93, 0x21, 0x0d, 0xd6, 0x5b, 0x23, 0x82, 0x2e, 0xff, 0x06, 0xd1, 0xff, 0xa9, 
    0x9e, 0x03, 0x4f, 0xa6, 0xb6, 0x45, 0x62, 0x70, 0xf2, 0x6f, 0x10, 0xfd, 0x9f, 
    0xea, 0x0b, 0x60, 0x68, 0xc2, 0xf0, 0x99, 0x56, 0x12, 0xf2, 0x39, 0x9f, 0x12, 
    0xfd, 0xbf, 0xec, 0x2c, 0xc0, 0x08, 0xc2, 0xb0, 0x09, 0x2c, 0xd2, 0x24, 0xdb, 
    0x7f, 0xfd, 0x1c, 0xd1, 0xff, 0xec, 0xee, 0xfd, 0x5e, 0xe2, 0x9d, 0xc6, 0x3f, 
    0x11, 0xfd, 0x4f, 0xff, 0x25, 0x10, 0x0d, 0xb9, 0xbe, 0xf4, 0xfd, 0x9f, 0xfd, 
    0x3f, 0x10, 0x0e, 0xe4, 0x65, 0xfc, 0xbf, 0xdf, 0xff, 0xc8, 0x9f, 0x05, 0x04, 
    0x7e, 0xfd, 0x42, 0xdf, 0xff, 0xb6, 0x3f, 0x09, 0x96, 0x9c, 0xeb, 0x28, 0xd1, 
    0xff, 0x8c, 0x8f, 0x08, 0xab, 0xc0, 0x64, 0x94, 0xaf, 0xfe, 0xfd, 0x1f, 0xf3, 
    0xdb, 0xe9, 0xf5, 0x77, 0xdf, 0xff, 0x3b, 0x8f, 0xeb, 0xc6, 0xcf, 0x11, 0xfd, 
    0xbf, 0xf1, 0x4d, 0xb0, 0x0a, 0x8f, 0xe0, 0x0c, 0x0f, 0x50, 0x7f, 0xf2, 0x3f, 
    0x11, 0xfd, 0x4f, 0xf0, 0x39, 0x30, 0x09, 0x97, 0xff, 0x90, 0xbd, 0xb1, 0xa0, 
    0x30, 0xfb, 0x5f, 0xf9, 0xfd, 0x1f, 0xef, 0xef, 0x45, 0x5e, 0x86, 0xef, 0x13, 
    0xfd, 0x6f, 0xef, 0x15, 0xd0, 0xd4, 0x86, 0xef, 0x13, 0xfd, 0xcf, 0xee, 0x37, 
    0x60, 0xc9, 0x94, 0x0f, 0x14, 0xfd, 0x4f, 0xee, 0xee, 0x1a, 0x67, 0x47, 0xd1, 
    0xff, 0xcb, 0xee, 0xe8, 0xc6, 0xef, 0x12, 0xfd, 0x5f, 0xe8, 0x4d, 0x70, 0x9e, 
    0xf2, 0x0f, 0xfd, 0xfd, 0x1f, 0xda, 0x5f, 0x90, 0xf7, 0xc6, 0xff, 0xef, 0xfd, 
    0xaf, 0xd4, 0x31, 0xe0, 0x0a, 0xce, 0x9a, 0xeb, 0x27, 0xdf, 0xff, 0xfb, 0xac, 
    0x02, 0x8e, 0x6f, 0xfc, 0x34, 0xd1, 0xff, 0x22, 0x9d, 0xa2, 0x86, 0xcf, 0x14, 
    0xfd, 0x8f, 0xcd, 0x9c, 0xb0, 0x35, 0x86, 0xef, 0x14, 0xfd, 0x4f, 0xc9, 0x13, 
    0xc0, 0xa1, 0xc6, 0x4f, 0xf1, 0xfd, 0x7f, 0x95, 0x14, 0x50, 0xf6, 0xb9, 0xce, 
    0x14, 0xfd, 0x7f, 0x95, 0x12, 0xf0, 0x01, 0x6e, 0x2c, 0xff, 0xea, 0xdf, 0xff, 
    0xee, 0xd8, 0x03, 0x38, 0x2f, 0xff, 0xff, 0xde, 0xff, 0xee, 0x18, 0xb1, 0x86, 
    0x7f, 0x15, 0xfd, 0x0f, 0x91, 0x57, 0x2f, 0xff, 0x69, 0xdf, 0xff, 0xcb, 0x18, 
    0xc1, 0xf2, 0xff, 0xf5, 0xfd, 0xbf, 0x8c, 0x96, 0x9c, 0xf3, 0x5b, 0xd1, 0xff, 
    0xcb, 0x28, 0xf0, 0xf2, 0x4f, 0xf1, 0xfd, 0x5f, 0x88, 0x9c, 0x79, 0xfd, 0x4f, 
    0xd1, 0xff, 0xa7, 0x18, 0xf6, 0xd7, 0xff, 0x14, 0xfd, 0x5f, 0x88, 0x0f, 0xe0, 
    0xac, 0xd7, 0x0f, 0x15, 0xfd, 0x5f, 0x88, 0xe0, 0xbf, 0xff, 0x55, 0xd1, 0xff, 
    0x62, 0x58, 0xfa, 0xfb, 0x6f, 0x15, 0xfd, 0x2f, 0x86, 0x0f, 0x23, 0xff, 0x3c, 
    0xd1, 0xff, 0x18, 0x08, 0x8c, 0xd7, 0x2f, 0x15, 0xfd, 0x1f, 0xa0, 0xc6, 0xaf, 
    0x14, 0xfd, 0x1f, 0x7f, 0xcc, 0x60, 0xfc, 0x4a, 0xd1, 0xff, 0xc6, 0xb2, 0x9d, 
    0xf2, 0xaf, 0xf3, 0xfd, 0x2e, 0x8f, 0x2b, 0x11, 0x90, 0xeb, 0x5c, 0xd1, 0xff, 
    0xbf, 0xb2, 0x2a, 0xd7, 0x5f, 0x15, 0xfd, 0x8f, 0x2b, 0x8a, 0x22, 0xff, 0x41, 
    0xd1, 0xff, 0xb8, 0x02, 0x0b, 0xc6, 0xdf, 0x14, 0xfd, 0x1f, 0x2b, 0x54, 0x79, 
    0xfd, 0x57, 0xd1, 0xff, 0xa9, 0x32, 0x03, 0xb8, 0xcc, 0x16, 0x01, 0x01, 0x00, 
    0x21, 0xf9, 0x04, 0x09, 0x08, 0x00, 0xff, 0x00, 0x2c, 0x00, 0x00, 0x00, 0x00, 
    0xf0, 0x00, 0xf0, 0x00, 0x00, 0x08, 0xff, 0x00, 0xff, 0x09, 0x1c, 0x48, 0xb0, 
    0xa0, 0xc1, 0x83, 0x08, 0x13, 0x2a, 0x5c, 0xc8, 0xb0, 0xa1, 0xc3, 0x87, 0x10, 
    0x23, 0x4a, 0x9c, 0x48, 0xb1, 0xa2, 0xc5, 0x8b, 0x18, 0x33, 0x6a, 0xdc, 0xc8, 
    0xb1, 0xa3, 0xc7, 0x8f, 0x20, 0x43, 0x8a, 0x1c, 0x49, 0xb2, 0xa4, 0xc9, 0x93, 
    0x28, 0x53, 0xaa, 0x5c, 0xc9, 0xb2, 0xa5, 0xcb, 0x97, 0x30, 0x63, 0xca, 0x9c, 
    0x49, 0xb3, 0xa6, 0xcd, 0x9b, 0x38, 0x73, 0xea, 0xdc, 0xc9, 0xb3, 0xa7, 0xcf, 
    0x9f, 0x40, 0x83, 0x0a, 0x1d, 0x4a, 0xb4, 0xa8, 0xd1, 0xa3, 0x48, 0x93, 0x2a, 
    0x5d, 0xca, 0xb4, 0xa9, 0xd3, 0xa7, 0x50, 0xa3, 0x4a, 0x9d, 0x4a, 0xb5, 0xaa, 
    0xd5, 0xab, 0x58, 0xb3, 0x6a, 0xdd, 0xca, 0xb5, 0xab, 0xd7, 0xaf, 0x60, 0xc3, 
    0x8a, 0x1d, 0x4b, 0xb6, 0xac, 0xd9, 0xb3, 0x68, 0xd3, 0xaa, 0x5d, 0xcb, 0xb6, 
    0xad, 0xdb, 0xb7, 0x70, 0xe3, 0xca, 0x9d, 0x4b, 0xb7, 0xae, 0xdd, 0xbb, 0x78, 
    0xf3, 0xea, 0xdd, 0xcb, 0xb7, 0xaf, 0xdf, 0xbf, 0x80, 0x03, 0x0b, 0x1e, 0x4c, 
    0xb8, 0xb0, 0xe1, 0xc3, 0x88, 0x13, 0x2b, 0x5e, 0xcc, 0xb8, 0xb1, 0xe3, 0xc7, 
    0x90, 0x23, 0x4b, 0x9e, 0x4c, 0xb9, 0xb2, 0xe5, 0xcb, 0x98, 0x33, 0x6b, 0xde, 
    0xcc, 0xb9, 0xf3, 0xe5, 0x7e, 0xa0, 0x43, 0x83, 0xf6, 0x8c, 0x54, 0xb4, 0xe9, 
    0xd0, 0xa4, 0x89, 0x9e, 0x5e, 0x3d, 0x3a, 0xf5, 0x4f, 0xd6, 0xb0, 0x5d, 0xf7, 
    0x3c, 0x2d, 0xa6, 0x82, 0x09, 0x33, 0xe1, 0x4a, 0xb1, 0x96, 0x9d, 0xf3, 0x74, 
    0x26, 0x38, 0xfe, 0x82, 0xfb, 0x6b, 0x80, 0x82, 0xd9, 0x6a, 0xde, 0x36, 0x4f, 
    0x5b, 0x10, 0xce, 0x3c, 0x78, 0x16, 0x23, 0xa6, 0x91, 0xd3, 0x3c, 0xcd, 0xa5, 
    0xb9, 0x75, 0x13, 0xe5, 0xa2, 0x4b, 0x7f, 0xb9, 0x5a, 0x83, 0xf5, 0xef, 0x10, 
    0x9e, 0x68, 0xff, 0xdf, 0x9e, 0x12, 0x76, 0xa1, 0xef, 0xe8, 0xe5, 0x8c, 0x27, 
    0x5f, 0x12, 0x76, 0x3f, 0x47, 0xe8, 0xe3, 0x77, 0x13, 0xcd, 0xbe, 0x3d, 0xec, 
    0x72, 0x71, 0xe2, 0xc7, 0xaf, 0xb1, 0xbe, 0xbe, 0x47, 0xd8, 0xfb, 0x2c, 0xa1, 
    0xdf, 0x80, 0xc2, 0xd0, 0xe7, 0xdf, 0x47, 0xab, 0x79, 0x43, 0x87, 0x16, 0x03, 
    0x36, 0x48, 0x49, 0x7f, 0x07, 0x62, 0x74, 0x9a, 0x2f, 0x82, 0x34, 0x68, 0xa1, 
    0x3f, 0x03, 0x10, 0x61, 0x60, 0x84, 0x19, 0x99, 0x46, 0x04, 0x34, 0x17, 0x86, 
    0x18, 0xcd, 0x86, 0x1c, 0x5a, 0x64, 0x5a, 0x1a, 0x27, 0x84, 0x18, 0xe2, 0x08, 
    0x10, 0x96, 0x18, 0x91, 0x69, 0x28, 0xa8, 0xa8, 0xa2, 0x3d, 0x2d, 0xba, 0xd8, 
    0x90, 0x69, 0xe7, 0xc9, 0x18, 0x62, 0x06, 0x35, 0xda, 0xa8, 0x90, 0x69, 0x8d, 
    0xe8, 0x28, 0x63, 0x26, 0x24, 0xfa, 0x78, 0xa3, 0x68, 0x3d, 0x08, 0xa9, 0xa2, 
    0x09, 0x3d, 0x1a, 0x59, 0x90, 0x69, 0xba, 0x28, 0x29, 0xa3, 0x24, 0x45, 0x3a, 
    0x89, 0x90, 0x69, 0x1e, 0x48, 0xa9, 0x62, 0x20, 0x4d, 0x5a, 0x69, 0xda, 0x2f, 
    0x5a, 0xca, 0x08, 0x4e, 0x95, 0x56, 0x12, 0x24, 0xda, 0x21, 0x61, 0xca, 0x78, 
    0x07, 0x99, 0x65, 0xfe, 0x63, 0xda, 0x11, 0x69, 0xaa, 0x08, 0x0b, 0x9b, 0x5e, 
    0x8a, 0x66, 0x4d, 0x9c, 0x2a, 0x4a, 0x41, 0xa7, 0x91, 0xa7, 0x91, 0x80, 0x67, 
    0x88, 0xd4, 0xec, 0xe9, 0xa3, 0x69, 0xde, 0xfd, 0x79, 0xe1, 0x25, 0x82, 0xba, 
    0x68, 0x9a, 0x2f, 0x86, 0x86, 0x58, 0x41, 0xa2, 0x1c, 0x9a, 0x56, 0xc7, 0x06, 
    0x8d, 0x5e, 0xc8, 0x1f, 0x6a, 0x6d, 0x0a, 0x64, 0x5a, 0x0d, 0x95, 0x5e, 0x18, 
    0x45, 0x97, 0x11, 0x9a, 0x86, 0x49, 0xa7, 0x17, 0x1e, 0xb0, 0x07, 0xa4, 0xfe, 
    0x89, 0x26, 0x09, 0xa9, 0x21, 0xb6, 0x82, 0x2a, 0x7b, 0xa6, 0x6d, 0xff, 0xc1, 
    0xea, 0x85, 0xc1, 0xbc, 0x4a, 0x9e, 0x68, 0xa6, 0xcc, 0x7a, 0x61, 0x12, 0xa0, 
    0xd6, 0x27, 0x5a, 0x22, 0xba, 0x5a, 0xb8, 0x00, 0x08, 0xb6, 0x4a, 0x27, 0x9a, 
    0x0a, 0xc1, 0x5a, 0x48, 0x24, 0xa6, 0x4e, 0x8a, 0x26, 0x4b, 0xb2, 0x0d, 0x52, 
    0xd1, 0xeb, 0xad, 0xa2, 0x99, 0x01, 0xed, 0x80, 0x90, 0x14, 0xcb, 0xdb, 0x69, 
    0x30, 0x5c, 0x1b, 0xdf, 0x01, 0xe8, 0x30, 0xcb, 0xa7, 0x68, 0xdf, 0x78, 0x1b, 
    0x5f, 0x03, 0xd7, 0x18, 0x93, 0xa9, 0x68, 0xd5, 0x98, 0xab, 0xdf, 0x16, 0xaf, 
    0x9c, 0x66, 0xa3, 0x68, 0xe8, 0xb8, 0xdb, 0x9c, 0x00, 0x56, 0x60, 0xd3, 0x86, 
    0x7b, 0x25, 0x9a, 0xe6, 0x82, 0xbd, 0xc2, 0x5d, 0xe1, 0xde, 0xc0, 0xd4, 0x86, 
    0x16, 0x05, 0xc0, 0xfe, 0xa4, 0x30, 0xf0, 0xc2, 0xc6, 0x8a, 0xc6, 0x0e, 0xc2, 
    0xf1, 0x9a, 0xc6, 0x4f, 0x3d, 0xe6, 0xac, 0xb9, 0x70, 0x6b, 0xb2, 0x99, 0x66, 
    0x4f, 0x0b, 0xf6, 0x7a, 0x40, 0x4f, 0x33, 0xa2, 0x9c, 0xc2, 0x83, 0x1a, 0x03, 
    0x08, 0x57, 0x88, 0x34, 0x17, 0x63, 0x9c, 0x1a, 0x90, 0x2c, 0x58, 0x28, 0x40, 
    0x16, 0x2e, 0xec, 0xb2, 0x8b, 0x80, 0xb3, 0x1e, 0x30, 0xc4, 0x35, 0xa7, 0xe4, 
    0x12, 0x47, 0x00, 0xb4, 0xc4, 0xe6, 0xda, 0x6a, 0x1d, 0xc4, 0xf7, 0x85, 0x26, 
    0xef, 0xb0, 0x63, 0xda, 0x0f, 0xee, 0x46, 0xa1, 0x0d, 0x23, 0xbb, 0xad, 0x6c, 
    0x9a, 0x11, 0xc2, 0x15, 0x60, 0xc2, 0x1f, 0x54, 0x7c, 0x50, 0x86, 0x86, 0xab, 
    0x5d, 0x83, 0xf0, 0x05, 0x86, 0x1c, 0xe7, 0x74, 0x68, 0xb7, 0x98, 0x60, 0x09, 
    0x1d, 0xb1, 0xa4, 0x8c, 0x04, 0xc2, 0xfe, 0x00, 0x21, 0x8f, 0xd7, 0x93, 0x89, 
    0x6b, 0x50, 0x68, 0xe2, 0xa5, 0xdc, 0x0f, 0x2c, 0x17, 0xa0, 0x2d, 0x5c, 0x10, 
    0x73, 0x4e, 0xfb, 0x97, 0xdc, 0xcc, 0xca, 0xff, 0x2d, 0x85, 0x2d, 0x9a, 0x98, 
    0x60, 0xb7, 0x75, 0x95, 0xe8, 0xbd, 0x17, 0xdf, 0x88, 0xdb, 0xb9, 0xc3, 0xe0, 
    0xfa, 0xf5, 0x01, 0x1a, 0x08, 0x8a, 0x25, 0x3e, 0x70, 0x0a, 0x62, 0xc0, 0x22, 
    0x0e, 0x39, 0x83, 0xe4, 0x43, 0x8a, 0x15, 0x8c, 0x37, 0x28, 0x43, 0x2a, 0x82, 
    0x1f, 0x26, 0xf9, 0xc2, 0x3a, 0xc4, 0xd0, 0x79, 0x98, 0x03, 0x69, 0xcb, 0xd6, 
    0x6a, 0x60, 0xdc, 0xe1, 0x48, 0x36, 0xe3, 0x90, 0xc3, 0x84, 0x0f, 0x4d, 0xc8, 
    0x61, 0xc1, 0x2a, 0xd5, 0x88, 0x22, 0xca, 0x33, 0xde, 0x20, 0xb3, 0x1a, 0x08, 
    0x39, 0x9e, 0x2e, 0x65, 0x18, 0x4d, 0xe3, 0x75, 0xda, 0x22, 0x56, 0x40, 0xa0, 
    0x62, 0x0b, 0x36, 0x24, 0xf2, 0xc8, 0x69, 0x63, 0x84, 0x21, 0xbc, 0x92, 0x9f, 
    0x16, 0x5f, 0xd7, 0x84, 0xd2, 0x4b, 0x69, 0xc3, 0x18, 0xa6, 0xdd, 0x92, 0xc1, 
    0xf4, 0x3a, 0x22, 0x20, 0x8a, 0xcf, 0x74, 0x9d, 0xc6, 0x09, 0x9e, 0xc3, 0xe0, 
    0x08, 0xbe, 0x90, 0x80, 0xd4, 0xa3, 0x0c, 0xdb, 0x71, 0x9d, 0x36, 0xca, 0x9f, 
    0x10, 0x1c, 0x22, 0xda, 0x10, 0xeb, 0x4b, 0xf9, 0xc1, 0x37, 0x86, 0x9b, 0x08, 
    0xbf, 0x50, 0xa6, 0xe1, 0x43, 0xa5, 0x08, 0x80, 0x87, 0x3c, 0xc4, 0x23, 0x7f, 
    0x61, 0x32, 0x47, 0xff, 0x20, 0x92, 0xb2, 0xa1, 0x98, 0xe6, 0x12, 0xac, 0x32, 
    0x00, 0x02, 0xc3, 0x84, 0x00, 0x30, 0x2c, 0xf0, 0x48, 0x0d, 0x04, 0x8a, 0x69, 
    0x80, 0x91, 0xac, 0x37, 0xac, 0x60, 0x82, 0x42, 0xe2, 0x95, 0xbc, 0x34, 0x22, 
    0x39, 0x0d, 0x8a, 0x26, 0x12, 0xba, 0x6a, 0x80, 0x2d, 0x40, 0x83, 0x0b, 0x10, 
    0xea, 0xa8, 0x67, 0xff, 0x93, 0x08, 0x6c, 0x8a, 0xe0, 0x8e, 0x76, 0xe0, 0x83, 
    0x00, 0x04, 0x58, 0x96, 0xea, 0x56, 0x62, 0x1a, 0x71, 0x04, 0xcb, 0x15, 0xa2, 
    0xb9, 0x81, 0x0b, 0xff, 0x65, 0x54, 0xb8, 0x18, 0x3a, 0x04, 0x36, 0xaf, 0x10, 
    0x41, 0x96, 0x9a, 0x73, 0x84, 0x3a, 0x5c, 0x50, 0x25, 0xa2, 0x69, 0x83, 0xf2, 
    0x74, 0xe5, 0x0c, 0xd1, 0x1c, 0x63, 0x88, 0x32, 0x1a, 0x85, 0x9e, 0x46, 0xf8, 
    0x10, 0xd8, 0x50, 0x43, 0x0d, 0xfa, 0x61, 0xd2, 0x13, 0x4f, 0x62, 0x9a, 0xb3, 
    0x05, 0x2b, 0x0b, 0x51, 0x2c, 0x40, 0x9c, 0xb2, 0x81, 0x87, 0x5c, 0x9c, 0x4e, 
    0x09, 0x78, 0xe0, 0xe2, 0x41, 0x2e, 0xd6, 0x86, 0x37, 0x58, 0x48, 0x84, 0x6e, 
    0xab, 0x89, 0x69, 0x5a, 0x71, 0xad, 0xf9, 0x84, 0x06, 0x0a, 0x69, 0x3a, 0x43, 
    0x68, 0xda, 0xd5, 0x39, 0x03, 0x44, 0xac, 0x4a, 0x29, 0x63, 0x83, 0x3e, 0x70, 
    0x10, 0xa2, 0x5f, 0x8c, 0x91, 0x24, 0xa6, 0xf9, 0x1e, 0xb4, 0x84, 0x20, 0x1a, 
    0x4e, 0x85, 0x49, 0x1d, 0xa2, 0xa1, 0x85, 0xf0, 0x70, 0x31, 0x42, 0xb9, 0xf9, 
    0xa2, 0x07, 0x08, 0xd0, 0x91, 0xef, 0xf2, 0x28, 0x13, 0xd3, 0x50, 0xc2, 0x5b, 
    0x28, 0x10, 0xcd, 0x14, 0xd2, 0x04, 0x44, 0xd1, 0x54, 0x40, 0x78, 0x7e, 0x44, 
    0x9c, 0x21, 0x8a, 0x81, 0x2c, 0x25, 0xad, 0xe2, 0x91, 0x21, 0x11, 0x8d, 0x27, 
    0xcc, 0xc5, 0x02, 0xd1, 0x08, 0x21, 0x4d, 0x05, 0x08, 0x57, 0x68, 0xd0, 0x30, 
    0xbd, 0x53, 0xc8, 0xad, 0x14, 0xce, 0xb0, 0x41, 0x03, 0xc2, 0x74, 0x02, 0x62, 
    0x91, 0x92, 0x3b, 0xa2, 0xe9, 0x86, 0xb9, 0x6a, 0x21, 0x1a, 0x32, 0xc4, 0x09, 
    0x02, 0xeb, 0x00, 0x8d, 0x28, 0x38, 0x00, 0x3e, 0xac, 0x9d, 0x86, 0x08, 0xbe, 
    0xb8, 0x84, 0x19, 0x4c, 0x10, 0x86, 0x65, 0xc6, 0xa9, 0x00, 0x9e, 0xd8, 0xa1, 
    0x48, 0x4c, 0xd3, 0x2d, 0x6f, 0x41, 0x41, 0x34, 0x95, 0xf8, 0x53, 0x16, 0x5a, 
    0x66, 0xa1, 0x0a, 0xc0, 0xa2, 0x19, 0x84, 0x80, 0xd6, 0x1b, 0x4e, 0x73, 0xff, 
    0x08, 0x42, 0x7c, 0x81, 0x54, 0x10, 0xd0, 0x81, 0x3a, 0x73, 0x19, 0x1a, 0x6c, 
    0xb8, 0xeb, 0x04, 0xa2, 0xc9, 0x86, 0xbb, 0x82, 0x60, 0xa7, 0x24, 0x05, 0x8b, 
    0x7b, 0xa1, 0x39, 0x83, 0xae, 0x7e, 0x80, 0x4b, 0x04, 0x85, 0xa6, 0x50, 0xde, 
    0xfa, 0x80, 0x68, 0xce, 0x67, 0x2e, 0x4d, 0x9c, 0x46, 0x12, 0xdc, 0x9c, 0x55, 
    0x28, 0x44, 0xe3, 0xc6, 0x59, 0xa9, 0xa0, 0xa2, 0x1d, 0x11, 0x4d, 0x1a, 0x4a, 
    0xe0, 0xae, 0x5a, 0x85, 0xa6, 0x3a, 0xbc, 0x5c, 0x0d, 0x3e, 0x74, 0x65, 0x00, 
    0x45, 0x88, 0xe6, 0x9f, 0xac, 0x6a, 0xa5, 0xca, 0x4a, 0x19, 0x1a, 0x48, 0xb8, 
    0x8b, 0x10, 0xa2, 0x51, 0x84, 0x00, 0xdc, 0x35, 0x00, 0x57, 0x99, 0xc6, 0x1d, 
    0xc1, 0x32, 0xc6, 0x4d, 0x67, 0x45, 0x8f, 0x81, 0x82, 0x44, 0x34, 0x57, 0x30, 
    0x97, 0x19, 0x4c, 0x93, 0x09, 0x80, 0xed, 0xe2, 0x34, 0x0e, 0x08, 0x96, 0x07, 
    0x20, 0x3a, 0x08, 0x5d, 0xc5, 0xf1, 0x99, 0x2d, 0x31, 0x8d, 0x1d, 0xbc, 0x85, 
    0x28, 0xd1, 0x20, 0x63, 0x06, 0xf6, 0x52, 0xc3, 0x69, 0x66, 0xaa, 0xcf, 0x0f, 
    0xce, 0x8a, 0x03, 0xde, 0xec, 0x87, 0x1e, 0x43, 0x03, 0x8f, 0x59, 0xd1, 0xc0, 
    0x09, 0x32, 0x98, 0xc3, 0x04, 0x0a, 0xf1, 0x55, 0xd1, 0xc8, 0x01, 0x60, 0x34, 
    0x0a, 0xcd, 0x36, 0x00, 0x89, 0xc5, 0x0b, 0xe1, 0x00, 0x3a, 0x60, 0x65, 0x89, 
    0x68, 0xba, 0x1a, 0xa7, 0x05, 0xc0, 0xa0, 0x09, 0x66, 0x20, 0x84, 0x31, 0xd2, 
    0x21, 0x05, 0x9b, 0xba, 0xa7, 0x42, 0x71, 0xea, 0xc2, 0x23, 0xe4, 0x91, 0x8a, 
    0x04, 0xf4, 0x40, 0x06, 0x68, 0x8d, 0xcf, 0x0b, 0xcc, 0x5a, 0x58, 0x15, 0x7d, 
    0x61, 0x11, 0x4e, 0xfd, 0x4f, 0x68, 0x84, 0x18, 0x26, 0x34, 0xb4, 0xc2, 0x89, 
    0x7c, 0x7b, 0xc2, 0x1f, 0xf0, 0x54, 0x85, 0xd5, 0xff, 0x2c, 0x02, 0x1d, 0xf6, 
    0x48, 0xc7, 0x2c, 0xd0, 0xa0, 0x04, 0x2e, 0xfc, 0x00, 0x02, 0x18, 0x30, 0x4d, 
    0x17, 0x4a, 0x1b, 0x22, 0x1c, 0x28, 0x2c, 0xb1, 0x50, 0x0c, 0x4d, 0x11, 0xd2, 
    0x14, 0x0e, 0xc9, 0x6d, 0x82, 0xb0, 0x71, 0xd2, 0xe1, 0xc5, 0x1a, 0x51, 0x04, 
    0xd1, 0x30, 0x8a, 0xb8, 0x17, 0xda, 0x02, 0x4a, 0x37, 0x22, 0x9a, 0x67, 0xa4, 
    0x49, 0x0c, 0x72, 0x43, 0x06, 0x3b, 0x48, 0x81, 0x51, 0x3c, 0x31, 0x60, 0x74, 
    0xfd, 0x20, 0x82, 0x13, 0xb0, 0x7b, 0x21, 0x25, 0xa4, 0x36, 0xa5, 0x82, 0x4d, 
    0x13, 0x39, 0x60, 0x63, 0x08, 0x5d, 0xa8, 0x02, 0x14, 0x13, 0xe0, 0x02, 0x23, 
    0x49, 0x65, 0x85, 0xae, 0x25, 0xee, 0x0e, 0xec, 0xbd, 0xd0, 0x31, 0xde, 0xcb, 
    0x11, 0xd1, 0xcc, 0x2f, 0x4d, 0x2e, 0x58, 0xc6, 0x23, 0xe6, 0x91, 0x8b, 0x17, 
    0x58, 0x20, 0x14, 0x4e, 0x08, 0xe5, 0xb5, 0x22, 0x60, 0x87, 0x0a, 0x60, 0x01, 
    0x13, 0xb9, 0xd8, 0xc5, 0x33, 0x92, 0x91, 0x87, 0xea, 0xb2, 0x66, 0x0f, 0x59, 
    0xb0, 0x5b, 0x18, 0x58, 0x6b, 0x28, 0x1a, 0x38, 0x73, 0xa7, 0xd0, 0x0c, 0x4d, 
    0x10, 0x02, 0x2c, 0xa3, 0x0d, 0x84, 0x61, 0x0e, 0x04, 0x28, 0xc4, 0x26, 0x4c, 
    0xb3, 0x87, 0x35, 0x84, 0x68, 0x03, 0x92, 0xc4, 0xd3, 0x54, 0xfb, 0x81, 0x0e, 
    0x1f, 0x18, 0x6a, 0xc7, 0xc8, 0x2d, 0x4f, 0x68, 0x90, 0xca, 0x62, 0x2d, 0x99, 
    0x20, 0x0d, 0xd6, 0xbd, 0x10, 0x2e, 0x0a, 0x64, 0x0a, 0x73, 0x84, 0x22, 0x4d, 
    0x03, 0x80, 0x6d, 0x3f, 0x1a, 0x21, 0xe1, 0x38, 0x01, 0x35, 0xc8, 0x42, 0x06, 
    0x0d, 0x88, 0x8a, 0xac, 0xa5, 0x25, 0x98, 0xa6, 0x17, 0x0d, 0xd2, 0xa8, 0x69, 
    0xdc, 0x2a, 0xa5, 0x01, 0xec, 0x2b, 0x34, 0x8c, 0x8d, 0x93, 0x2a, 0x08, 0xcc, 
    0xdd, 0xd0, 0x04, 0x8f, 0xff, 0xcb, 0x4a, 0x5a, 0xb3, 0x68, 0xb2, 0xaa, 0x9f, 
    0x29, 0x9c, 0x06, 0xcc, 0x61, 0x22, 0xc0, 0x99, 0xfe, 0x64, 0x3f, 0x2c, 0xa3, 
    0x44, 0x34, 0x82, 0x83, 0xb3, 0x96, 0xdc, 0xf1, 0x26, 0xfd, 0x14, 0x40, 0x17, 
    0xa6, 0x09, 0x5a, 0x9a, 0xb2, 0x05, 0x1a, 0x36, 0xe0, 0x09, 0xa1, 0x6c, 0xe6, 
    0x48, 0x30, 0xe8, 0x29, 0x68, 0x29, 0x01, 0x01, 0x15, 0xa2, 0x89, 0xc5, 0x03, 
    0x06, 0x84, 0x06, 0x5a, 0x1c, 0x82, 0x11, 0xb3, 0xc0, 0xd3, 0x16, 0xfb, 0x41, 
    0x0c, 0x3c, 0x35, 0xd7, 0xcf, 0x26, 0x01, 0x0d, 0x18, 0x2a, 0x8d, 0x27, 0x1a, 
    0x98, 0x66, 0x1d, 0xe6, 0x3a, 0x6c, 0x68, 0xa2, 0x94, 0x26, 0x86, 0x46, 0xfa, 
    0x22, 0x24, 0x65, 0x75, 0x9c, 0x2e, 0x60, 0x1a, 0x11, 0x78, 0x6b, 0x05, 0xa2, 
    0x79, 0x41, 0x9c, 0x10, 0x7d, 0xeb, 0x8a, 0x98, 0x46, 0x1a, 0xba, 0x8e, 0x53, 
    0x2e, 0x4c, 0xe3, 0x86, 0x6b, 0xed, 0x33, 0x34, 0x81, 0x48, 0x13, 0x8f, 0x8a, 
    0x4d, 0x91, 0xd3, 0x7c, 0x22, 0xd9, 0x69, 0x6a, 0xc0, 0xa9, 0x42, 0x63, 0x08, 
    0x09, 0x26, 0x4b, 0x04, 0xa2, 0xf1, 0x43, 0x9a, 0xae, 0xb1, 0x5d, 0x5c, 0x9b, 
    0x86, 0x0e, 0xd8, 0x8e, 0x13, 0x97, 0x44, 0x33, 0x0c, 0x68, 0x89, 0x19, 0x34, 
    0xf3, 0x08, 0x53, 0x04, 0x50, 0x8b, 0xea, 0x91, 0x98, 0xe6, 0x8a, 0xe9, 0x8e, 
    0x13, 0x20, 0x4c, 0x33, 0x8d, 0x64, 0x49, 0xa0, 0x11, 0xa1, 0x51, 0xc4, 0x01, 
    0xb4, 0x34, 0x8a, 0x72, 0xfb, 0x2f, 0x34, 0xea, 0xc8, 0xf7, 0x9f, 0xaa, 0x28, 
    0x1a, 0xe8, 0xce, 0x6a, 0x1b, 0xa2, 0xe1, 0x81, 0x96, 0x74, 0x53, 0xef, 0x75, 
    0x8a, 0x66, 0x89, 0x0a, 0x8f, 0xd3, 0x8c, 0x43, 0x93, 0x84, 0x6f, 0x8b, 0x86, 
    0x1b, 0x52, 0x72, 0x82, 0xc1, 0x8d, 0x0d, 0xcf, 0x8c, 0xff, 0x69, 0x00, 0xdb, 
    0xff, 0xee, 0x07, 0x0d, 0x92, 0xe5, 0x03, 0xd1, 0x40, 0x50, 0x49, 0x5e, 0xa0, 
    0xf6, 0x44, 0x44, 0xa3, 0x83, 0x90, 0x9a, 0x3c, 0x4e, 0x24, 0xd8, 0x85, 0x3d, 
    0x6a, 0xa9, 0x22, 0x03, 0xcc, 0x20, 0x08, 0x3e, 0x08, 0x85, 0x12, 0x14, 0x30, 
    0x8a, 0x44, 0x70, 0x22, 0x15, 0x00, 0xe8, 0x80, 0x08, 0x7c, 0xe0, 0x04, 0x9c, 
    0xfa, 0x03, 0x09, 0x1b, 0x95, 0x52, 0x33, 0x64, 0x2e, 0xc3, 0x97, 0xde, 0x1c, 
    0x61, 0x40, 0x10, 0xc1, 0x2a, 0x98, 0x51, 0x8a, 0x51, 0x2e, 0xec, 0x09, 0xca, 
    0x60, 0x46, 0x1c, 0x58, 0x21, 0x9a, 0x39, 0x28, 0xc9, 0x12, 0x23, 0x27, 0x79, 
    0x3f, 0x58, 0x71, 0x75, 0x77, 0x6d, 0x81, 0x07, 0xf9, 0xe8, 0x04, 0x7a, 0x57, 
    0xf3, 0x64, 0x21, 0x51, 0xa9, 0xe2, 0x16, 0xc7, 0x43, 0xdb, 0xaf, 0x45, 0x03, 
    0x2f, 0x8c, 0x7a, 0xee, 0xab, 0x79, 0x02, 0x2d, 0x14, 0x1d, 0xa2, 0x2f, 0xa4, 
    0x9d, 0xe4, 0xed, 0xdc, 0xfb, 0xac, 0x82, 0xe0, 0x00, 0x80, 0xf3, 0x2d, 0x05, 
    0x27, 0x96, 0x1b, 0x1e, 0xfa, 0x90, 0xf8, 0x01, 0x35, 0x81, 0xea, 0x33, 0xcf, 
    0xa7, 0xe2, 0x59, 0x45, 0x02, 0x59, 0x2c, 0x4c, 0x0a, 0xe7, 0x30, 0x06, 0x2e, 
    0xde, 0x80, 0x08, 0x3d, 0x64, 0x60, 0x04, 0x23, 0x80, 0xc2, 0x16, 0x64, 0x90, 
    0x04, 0x32, 0xe8, 0x63, 0x17, 0xc9, 0x38, 0x2e, 0x6c, 0x40, 0xe0, 0x0c, 0x9b, 
    0xc7, 0xa7, 0x18, 0x98, 0x97, 0x08, 0x29, 0x36, 0x4f, 0x2a, 0x1c, 0x8c, 0x96, 
    0x35, 0x20, 0x68, 0xc6, 0x15, 0x26, 0x70, 0x30, 0x19, 0x9d, 0xc0, 0x0e, 0x2f, 
    0x58, 0x87, 0xd1, 0x58, 0xe3, 0x89, 0x18, 0x7d, 0x67, 0x01, 0x2b, 0xf0, 0xc5, 
    0xe1, 0x2b, 0x32, 0x54, 0xde, 0x37, 0x4a, 0x13, 0x71, 0x3b, 0xcd, 0x33, 0xe2, 
    0x41, 0x81, 0x3f, 0x7d, 0x00, 0x1a, 0x98, 0x5e, 0xcd, 0xff, 0xca, 0xfd, 0x21, 
    0x82, 0x53, 0x94, 0x61, 0x02, 0x9f, 0x48, 0xa7, 0x1c, 0x61, 0x62, 0x7d, 0x43, 
    0x85, 0xa1, 0x1a, 0xab, 0x69, 0x43, 0x26, 0xa8, 0xc0, 0xaa, 0x0e, 0xc0, 0x50, 
    0x34, 0x12, 0x3d, 0x2f, 0xc1, 0x68, 0xd2, 0x7e, 0x3c, 0xb9, 0x42, 0xf6, 0xa2, 
    0xa1, 0x0f, 0xe3, 0xa7, 0x2b, 0x61, 0x50, 0x44, 0xad, 0xc1, 0x30, 0x35, 0xd1, 
    0x7f, 0x61, 0x22, 0x01, 0x65, 0x45, 0x55, 0x48, 0xe3, 0x2d, 0x76, 0xc0, 0x0a, 
    0xed, 0xc0, 0x00, 0x9a, 0x42, 0x3e, 0x09, 0xa8, 0x80, 0x4a, 0xb2, 0x06, 0x79, 
    0x70, 0x1a, 0x90, 0xd0, 0x6c, 0x76, 0x53, 0x81, 0xd3, 0xa7, 0x11, 0x18, 0x28, 
    0x24, 0x3f, 0xf0, 0x3e, 0xa6, 0xa1, 0x0d, 0xd5, 0xf7, 0x81, 0x42, 0x31, 0x82, 
    0x32, 0x32, 0x02, 0x00, 0xd8, 0x0f, 0x87, 0x20, 0x03, 0xa7, 0x33, 0x14, 0x2c, 
    0xb8, 0x22, 0x26, 0x18, 0x1a, 0xa4, 0x90, 0x82, 0x08, 0x23, 0x00, 0x18, 0x10, 
    0x1c, 0x34, 0x58, 0x83, 0x0d, 0x12, 0x01, 0xb7, 0x60, 0x1a, 0x65, 0xc0, 0x2a, 
    0x26, 0x50, 0x01, 0xb8, 0x80, 0x09, 0x84, 0x10, 0x0a, 0x11, 0x10, 0x1f, 0x1a, 
    0x50, 0x0e, 0x4f, 0x40, 0x0c, 0xcc, 0x70, 0x0a, 0xa0, 0x20, 0x08, 0x40, 0x01, 
    0x84, 0x0d, 0x62, 0x1c, 0xd1, 0x44, 0x2a, 0x72, 0xc0, 0x0b, 0xa7, 0x01, 0x0e, 
    0x74, 0xc0, 0x03, 0xeb, 0xc5, 0x1c, 0x91, 0x00, 0x1b, 0x8d, 0xb0, 0x07, 0x90, 
    0xb3, 0x13, 0x58, 0xa8, 0x1f, 0x8e, 0x40, 0x84, 0x9d, 0x42, 0x06, 0x10, 0xe5, 
    0x1e, 0xf1, 0x24, 0x1c, 0x7f, 0x20, 0x37, 0x39, 0xb1, 0x86, 0xe8, 0x31, 0x07, 
    0xa6, 0xf1, 0x0a, 0x95, 0xd2, 0x01, 0x46, 0x75, 0x31, 0xb6, 0x20, 0x1c, 0x6b, 
    0x50, 0x36, 0x76, 0x68, 0x13, 0x78, 0x68, 0x1d, 0x02, 0xe0, 0x61, 0xa0, 0x11, 
    0x88, 0x86, 0xa2, 0x07, 0x79, 0xff, 0xc3, 0x37, 0xd7, 0x16, 0x1c, 0x1b, 0x60, 
    0x05, 0xa4, 0xc0, 0x08, 0xd9, 0xb7, 0x7f, 0x33, 0x71, 0x88, 0xcd, 0xa1, 0x0f, 
    0xa2, 0x41, 0x04, 0x3a, 0x98, 0x26, 0x5f, 0x60, 0x59, 0x89, 0xc3, 0x00, 0xd6, 
    0x31, 0x03, 0x47, 0x30, 0x01, 0x21, 0x90, 0x0f, 0xbe, 0x40, 0x88, 0xeb, 0xc7, 
    0x7e, 0x9a, 0x18, 0x1c, 0x39, 0x60, 0x1a, 0xbf, 0x64, 0x28, 0x7f, 0x87, 0x38, 
    0x3a, 0xd0, 0x20, 0x03, 0xe0, 0x04, 0x84, 0xb0, 0x71, 0x78, 0x37, 0x12, 0xaf, 
    0x18, 0x1c, 0x8e, 0x13, 0x1a, 0xbb, 0xd0, 0x28, 0xa9, 0x80, 0x38, 0x90, 0x27, 
    0x1a, 0x32, 0x78, 0x21, 0x42, 0x90, 0x3e, 0xfd, 0xd0, 0x0c, 0x06, 0xc0, 0x7f, 
    0xaf, 0x58, 0x00, 0x02, 0x15, 0x1a, 0x40, 0x60, 0x28, 0x11, 0x90, 0x38, 0x20, 
    0x10, 0x79, 0x09, 0xa7, 0x22, 0x7e, 0xa0, 0x68, 0xd0, 0xa8, 0x89, 0xc5, 0x18, 
    0x1a, 0xd4, 0xd0, 0x28, 0xee, 0x05, 0x78, 0xfd, 0xe0, 0x63, 0x42, 0xf2, 0x8d, 
    0x87, 0x48, 0x71, 0xa0, 0x41, 0x66, 0x78, 0x52, 0x0f, 0xe6, 0xd8, 0x0f, 0xef, 
    0x60, 0x1d, 0x41, 0x60, 0x01, 0x4c, 0x30, 0x05, 0x4e, 0xc0, 0x52, 0xdf, 0xa1, 
    0x8e, 0x6b, 0x48, 0x51, 0xa1, 0xc1, 0x47, 0x86, 0xf2, 0x00, 0x8a, 0x38, 0x77, 
    0xa2, 0xd0, 0x1c, 0x94, 0x24, 0x1a, 0x8d, 0x00, 0x0b, 0xbc, 0x80, 0x09, 0x21, 
    0xe6, 0x83, 0xfc, 0x88, 0x85, 0x07, 0x09, 0x1a, 0x13, 0xd0, 0x28, 0x1c, 0x70, 
    0x66, 0x80, 0x07, 0x60, 0xc2, 0x81, 0x00, 0xf4, 0xc6, 0x1a, 0x99, 0x70, 0x13, 
    0xaf, 0x68, 0x03, 0xa2, 0x41, 0x78, 0x7f, 0x72, 0x77, 0x80, 0xb7, 0x7b, 0xc2, 
    0xf1, 0x00, 0x5e, 0x67, 0x3d, 0x99, 0xa8, 0x89, 0x70, 0x20, 0x1a, 0xce, 0x67, 
    0x28, 0x71, 0x38, 0x77, 0x21, 0xd0, 0x1c, 0x43, 0xe0, 0x1e, 0xad, 0xe0, 0x91, 
    0xaf, 0xff, 0x78, 0x35, 0xfd, 0x60, 0x0f, 0x6a, 0x64, 0x28, 0x40, 0xe0, 0x78, 
    0x80, 0x17, 0x68, 0xcc, 0x11, 0x08, 0x9a, 0x60, 0x05, 0xaa, 0x70, 0x05, 0xc7, 
    0x30, 0x06, 0xe0, 0xf0, 0x04, 0x8c, 0xe0, 0x27, 0x86, 0xf8, 0x8b, 0x33, 0xe0, 
    0x27, 0x95, 0xb2, 0x01, 0x71, 0x35, 0x3a, 0xdb, 0xd8, 0x20, 0x0f, 0x60, 0x3a, 
    0xc2, 0x71, 0x81, 0xbf, 0xc8, 0x2a, 0xbc, 0x88, 0x5e, 0xc9, 0x98, 0x8e, 0x2b, 
    0xd9, 0x95, 0xa4, 0x02, 0x92, 0x73, 0x47, 0x0f, 0x5a, 0xf2, 0x90, 0x64, 0x79, 
    0x72, 0x40, 0x99, 0x38, 0xc4, 0x50, 0x8d, 0x52, 0xa2, 0x96, 0x6b, 0x89, 0x27, 
    0xc0, 0x26, 0x39, 0x87, 0xb0, 0x00, 0xa8, 0x33, 0x96, 0x73, 0x59, 0x29, 0x64, 
    0x90, 0x38, 0xf8, 0x60, 0x4e, 0x71, 0x29, 0x97, 0x7b, 0x19, 0x27, 0x2a, 0xa0, 
    0x7e, 0x0b, 0xd3, 0x0b, 0x2b, 0x96, 0x97, 0x82, 0x39, 0x98, 0x69, 0x82, 0x01, 
    0xbc, 0x30, 0x90, 0xa2, 0x01, 0x0e, 0xcb, 0x10, 0x02, 0x0f, 0xa8, 0x24, 0x5f, 
    0xc0, 0x05, 0x5c, 0x80, 0x93, 0x8c, 0x49, 0x2a, 0x07, 0xf0, 0x06, 0xdf, 0x70, 
    0x0a, 0xdf, 0x70, 0x06, 0x43, 0x80, 0x04, 0x41, 0xb0, 0x69, 0x5a, 0xf2, 0x01, 
    0xc6, 0x60, 0x59, 0x9a, 0xb9, 0x99, 0x2e, 0x54, 0x02, 0x4c, 0x00, 0x7f, 0x21, 
    0x58, 0x11, 0xac, 0x09, 0x42, 0x0d, 0xb0, 0x02, 0xef, 0xd0, 0x96, 0xb9, 0x37, 
    0x11, 0xb3, 0x09, 0x3e, 0x40, 0x40, 0x05, 0xd7, 0x50, 0x0d, 0x6c, 0x80, 0x89, 
    0x7a, 0xb9, 0x9b, 0x76, 0xf3, 0x00, 0x21, 0x20, 0x77, 0x08, 0xf8, 0x94, 0xc4, 
    0x69, 0x37, 0x54, 0xb0, 0x81, 0xc9, 0xb9, 0x9a, 0xcb, 0x69, 0x2f, 0xa9, 0x24, 
    0x9c, 0x77, 0x18, 0x9d, 0x00, 0x83, 0x01, 0x2f, 0x98, 0x9b, 0x1c, 0x61, 0x9d, 
    0xf6, 0xd2, 0x01, 0x52, 0xd6, 0x8b, 0x31, 0xc1, 0x9d, 0xde, 0xff, 0x92, 0x05, 
    0x87, 0x04, 0x9e, 0x32, 0x21, 0x9e, 0xc9, 0x92, 0x01, 0xf3, 0xa0, 0x92, 0x41, 
    0x81, 0x9e, 0xba, 0x62, 0x01, 0x1b, 0x19, 0x9b, 0x25, 0xe1, 0x9e, 0xa4, 0x12, 
    0x06, 0x8f, 0x28, 0x9f, 0x26, 0x41, 0x9f, 0x95, 0x62, 0x01, 0xa2, 0x88, 0x9f, 
    0xf9, 0xa9, 0x9f, 0x7f, 0x02, 0x71, 0x46, 0x54, 0x14, 0x00, 0x1a, 0x27, 0x27, 
    0xb0, 0x0c, 0x03, 0x6a, 0x14, 0x05, 0x1a, 0x26, 0x6f, 0xd0, 0x9f, 0x28, 0xa6, 
    0x14, 0x0b, 0x2a, 0x25, 0x09, 0x90, 0xa0, 0x48, 0x11, 0xa1, 0x42, 0x72, 0x0e, 
    0x14, 0x5a, 0xa1, 0x16, 0x1a, 0x22, 0x0b, 0x90, 0x0f, 0x19, 0xaa, 0xa1, 0x1b, 
    0xda, 0x20, 0x2d, 0xc0, 0x0f, 0xad, 0xf8, 0x14, 0x21, 0x1a, 0x2d, 0xf0, 0x50, 
    0xa2, 0x26, 0x7a, 0xa2, 0xf1, 0x51, 0x70, 0x2a, 0xba, 0xa2, 0x2c, 0x6a, 0x1d, 
    0x23, 0xf2, 0xa2, 0x30, 0x1a, 0xa3, 0xc2, 0x71, 0x55, 0xfe, 0xc9, 0x95, 0x36, 
    0xea, 0x0f, 0xc4, 0xa6, 0x9d, 0xca, 0x69, 0xa3, 0xd2, 0xf5, 0xa0, 0x55, 0xb1, 
    0xa3, 0xfe, 0xe0, 0xa1, 0x39, 0x0a, 0x9d, 0x21, 0x7a, 0x4b, 0x47, 0x8a, 0xa4, 
    0x16, 0x5a, 0x93, 0x4b, 0xca, 0xa4, 0x0b, 0x5a, 0x02, 0x34, 0x6a, 0x15, 0x31, 
    0x4a, 0x0a, 0x4f, 0x8a, 0x13, 0x2c, 0xaa, 0xa4, 0xe6, 0xd9, 0x14, 0x27, 0xda, 
    0x02, 0x53, 0x7a, 0x15, 0x27, 0x3a, 0x3e, 0x3e, 0xda, 0x13, 0x21, 0x0a, 0x00, 
    0x57, 0xaa, 0x13, 0x1b, 0xda, 0x00, 0x5f, 0x8a, 0x15, 0x1b, 0x2a, 0x48, 0x63, 
    0xea, 0x13, 0x16, 0x3a, 0x6f, 0x6f, 0x0a, 0xa7, 0x11, 0x3a, 0x0b, 0x67, 0xaa, 
    0x86, 0x51, 0x7a, 0xa7, 0x78, 0x5a, 0xa0, 0x4a, 0x35, 0xa7, 0x74, 0x0a, 0xa0, 
    0x38, 0xa0, 0xa7, 0x7b, 0xaa, 0x9f, 0x9e, 0xe7, 0xa7, 0x7f, 0x4a, 0x9f, 0x86, 
    0x67, 0xa8, 0x87, 0xea, 0x9e, 0x7d, 0x05, 0xba, 0xa5, 0x53, 0x11, 0x10, 0x00, 
    0x21, 0xf9, 0x04, 0x05, 0x08, 0x00, 0xff, 0x00, 0x2c, 0x00, 0x00, 0x00, 0x00, 
    0xf0, 0x00, 0xf0, 0x00, 0x00, 0x08, 0xff, 0x00, 0xff, 0x09, 0x1c, 0x48, 0xb0, 
    0xa0, 0xc1, 0x83, 0x08, 0x13, 0x2a, 0x5c, 0xc8, 0xb0, 0xa1, 0xc3, 0x87, 0x10, 
    0x23, 0x4a, 0x9c, 0x48, 0xb1, 0xa2, 0xc5, 0x8b, 0x18, 0x33, 0x6a, 0xdc, 0xc8, 
    0xb1, 0xa3, 0xc7, 0x8f, 0x20, 0x43, 0x8a, 0x1c, 0x49, 0xb2, 0xa4, 0xc9, 0x93, 
    0x28, 0x53, 0xaa, 0x5c, 0xc9, 0xb2, 0xa5, 0xcb, 0x97, 0x30, 0x63, 0xca, 0x9c, 
    0x49, 0xb3, 0xa6, 0xcd, 0x9b, 0x38, 0x73, 0xea, 0xdc, 0xc9, 0xb3, 0xa7, 0xcf, 
    0x9f, 0x40, 0x83, 0x0a, 0x1d, 0x4a, 0xb4, 0xa8, 0xd1, 0xa3, 0x48, 0x93, 0x2a, 
    0x5d, 0xca, 0xb4, 0xa9, 0xd3, 0xa7, 0x50, 0xa3, 0x4a, 0x9d, 0x4a, 0xb5, 0xaa, 
    0xd5, 0xab, 0x58, 0xb3, 0x6a, 0xdd, 0xca, 0xb5, 0xab, 0xd7, 0xaf, 0x60, 0xc3, 
    0x8a, 0x1d, 0x4b, 0xb6, 0xac, 0xd9, 0xb3, 0x68, 0xd3, 0xaa, 0x5d, 0xcb, 0xb6, 
    0xad, 0xdb, 0xb7, 0x70, 0xe3, 0xca, 0x9d, 0x4b, 0xb7, 0xae, 0xdd, 0xbb, 0x78, 
    0xf3, 0xea, 0xdd, 0xcb, 0xb7, 0xaf, 0xdf, 0xbf, 0x80, 0x03, 0x0b, 0x1e, 0x4c, 
    0xb8, 0xb0, 0xe1, 0xc3, 0x88, 0x13, 0x2b, 0x5e, 0xcc, 0xb8, 0xb1, 0xe3, 0xc7, 
    0x6d, 0xfb, 0x49, 0x9e, 0x2c, 0x19, 0x72, 0x55, 0xca, 0x98, 0x29, 0x5b, 0x8e, 
    0x9a, 0xb9, 0x73, 0xe5, 0xcd, 0x49, 0x3d, 0x8b, 0xc6, 0x0c, 0xba, 0xe8, 0x68, 
    0xc9, 0xd8, 0xb8, 0x0d, 0x99, 0x60, 0xce, 0x54, 0xe7, 0xd2, 0x40, 0x4f, 0x4b, 
    0x16, 0x65, 0xc2, 0x9f, 0xed, 0xdb, 0x28, 0x62, 0x91, 0x86, 0xdd, 0xf3, 0xb4, 
    0x8e, 0x3b, 0x01, 0x6e, 0x0b, 0xb7, 0x5d, 0x82, 0xd8, 0x6e, 0xde, 0x39, 0x3d, 
    0xc3, 0xe3, 0x15, 0xe2, 0xcf, 0x9a, 0xe1, 0xd0, 0xfd, 0x49, 0xc8, 0xa3, 0x19, 
    0x39, 0xce, 0xce, 0xfb, 0x94, 0x3c, 0x88, 0xce, 0xdd, 0xf6, 0x94, 0xe3, 0xd6, 
    0x67, 0x66, 0xff, 0x2e, 0x16, 0xa6, 0xbb, 0x79, 0xdb, 0xcf, 0xc0, 0x87, 0x7f, 
    0x99, 0xf9, 0xd3, 0xf9, 0xf7, 0x35, 0xd4, 0xaf, 0x5f, 0xd9, 0x39, 0xda, 0xfb, 
    0xfb, 0x9c, 0xe4, 0xcf, 0x3f, 0xd9, 0x39, 0xce, 0xfd, 0xff, 0xa8, 0x54, 0xb7, 
    0x1f, 0x4a, 0x9e, 0xa1, 0xf0, 0xdf, 0x7f, 0x9a, 0xe8, 0x37, 0x20, 0x48, 0x9d, 
    0xc5, 0x52, 0xc3, 0x81, 0xff, 0x39, 0xa1, 0xe0, 0x82, 0x1c, 0x79, 0xe6, 0xc8, 
    0x02, 0x10, 0x1e, 0xd8, 0x8e, 0x80, 0x14, 0x7e, 0xd4, 0x59, 0x23, 0xab, 0x64, 
    0x08, 0xa1, 0x1c, 0x13, 0x76, 0x68, 0x51, 0x67, 0xbb, 0xd0, 0x20, 0x62, 0x86, 
    0xba, 0x4d, 0x66, 0x62, 0x47, 0x99, 0x15, 0x11, 0xcf, 0x8a, 0x22, 0xca, 0xc2, 
    0xe1, 0x8b, 0x27, 0x66, 0x36, 0x0e, 0x04, 0x34, 0x8a, 0x78, 0xcd, 0x8d, 0x38, 
    0x4e, 0x94, 0x59, 0x1a, 0x9c, 0xf4, 0xb8, 0xe2, 0x0b, 0x40, 0x06, 0x09, 0x51, 
    0x66, 0x20, 0xfc, 0x60, 0xe4, 0x8a, 0x85, 0x24, 0xa9, 0x64, 0x43, 0x99, 0x19, 
    0x32, 0xc7, 0x93, 0x2b, 0x7e, 0x23, 0xe5, 0x94, 0x0b, 0x61, 0x56, 0xca, 0x01, 
    0x58, 0xae, 0x18, 0xcf, 0x96, 0x5c, 0x22, 0x84, 0x19, 0x3a, 0x23, 0x84, 0xb9, 
    0x62, 0x0f, 0x64, 0x96, 0x59, 0x10, 0x66, 0x7b, 0x6c, 0xa7, 0xa6, 0x88, 0x4c, 
    0xb4, 0xe9, 0xe6, 0x40, 0x98, 0x59, 0x32, 0xe7, 0x8a, 0x13, 0xd8, 0x79, 0x27, 
    0x66, 0x5e, 0xec, 0xb9, 0xe2, 0x19, 0x7e, 0x96, 0x89, 0x19, 0x2a, 0x82, 0x42, 
    0x59, 0x28, 0x97, 0x98, 0xa9, 0x91, 0xa8, 0x88, 0xef, 0x2c, 0xaa, 0x24, 0x66, 
    0xee, 0x3d, 0x9a, 0xa1, 0x3c, 0x92, 0x06, 0x49, 0x59, 0x1a, 0x96, 0x8a, 0x98, 
    0x4d, 0xa6, 0x38, 0x52, 0xc6, 0x4a, 0xa7, 0x19, 0xae, 0x02, 0xaa, 0x89, 0x98, 
    0xb9, 0x41, 0x2a, 0x84, 0x64, 0x9c, 0xda, 0x21, 0x65, 0x77, 0xac, 0xff, 0x0a, 
    0x61, 0x05, 0xae, 0x2e, 0x88, 0x19, 0x17, 0xb2, 0x1e, 0xc8, 0x42, 0x89, 0x8c, 
    0x4e, 0x56, 0x4a, 0xae, 0x07, 0x36, 0xc1, 0xeb, 0x94, 0x94, 0x75, 0x03, 0xec, 
    0x7f, 0x2d, 0xa4, 0x50, 0xeb, 0x7e, 0x94, 0x59, 0x70, 0xec, 0x7d, 0x08, 0x78, 
    0xb2, 0xec, 0x7c, 0x94, 0x55, 0xf1, 0xec, 0x7d, 0xee, 0x4c, 0xbb, 0x1e, 0x65, 
    0x13, 0x5c, 0xfb, 0x5e, 0x2f, 0xda, 0x86, 0x47, 0xd9, 0x05, 0xde, 0x9e, 0x47, 
    0xa8, 0x8b, 0x77, 0x1a, 0x44, 0xd9, 0x38, 0xe5, 0x9a, 0x57, 0x27, 0xba, 0xe9, 
    0x12, 0x44, 0x59, 0x11, 0xed, 0x76, 0xd7, 0x27, 0xbc, 0xf1, 0x0a, 0x84, 0xd9, 
    0x0d, 0xf5, 0x46, 0x07, 0x45, 0xb8, 0xe2, 0x4e, 0x66, 0x4d, 0xbf, 0xc3, 0xf9, 
    0x40, 0x06, 0x08, 0xa2, 0xc5, 0x8b, 0xd9, 0x28, 0xfd, 0x7e, 0x60, 0xc1, 0x15, 
    0xc6, 0xc9, 0xd6, 0xcf, 0x9f, 0x98, 0x41, 0x51, 0xee, 0x03, 0x99, 0x48, 0x9c, 
    0x19, 0xc5, 0x93, 0xb9, 0xe3, 0xad, 0x01, 0x9b, 0x68, 0x9c, 0x70, 0xaf, 0x93, 
    0x71, 0x73, 0xad, 0x1e, 0x12, 0xeb, 0x50, 0x44, 0x11, 0x12, 0x6b, 0x4a, 0xd9, 
    0x09, 0xcf, 0xb6, 0x40, 0x99, 0x22, 0x52, 0xcc, 0xd3, 0x07, 0x0f, 0x4c, 0xac, 
    0xf0, 0x41, 0x06, 0x34, 0x00, 0xe1, 0x01, 0x17, 0xde, 0xb4, 0x8c, 0x2a, 0x65, 
    0x87, 0x18, 0x39, 0xc0, 0x0f, 0x18, 0x40, 0xc8, 0x44, 0x11, 0x46, 0xcc, 0xf2, 
    0xc5, 0x7b, 0x08, 0xf0, 0xa2, 0xf1, 0xd0, 0x93, 0xa5, 0x92, 0xa1, 0x07, 0x37, 
    0x58, 0x90, 0x0f, 0x3b, 0xfd, 0xb4, 0xd1, 0x07, 0x84, 0x10, 0x50, 0x00, 0x61, 
    0x28, 0xe9, 0xb8, 0x93, 0x87, 0x18, 0x08, 0x7b, 0x66, 0x98, 0xda, 0x12, 0x61, 
    0x46, 0xc0, 0x7f, 0x49, 0xcc, 0x23, 0x4d, 0x67, 0x68, 0xc8, 0x2a, 0x00, 0x10, 
    0x14, 0x70, 0x11, 0x8d, 0x30, 0xaf, 0x05, 0xff, 0x36, 0xf5, 0x43, 0x99, 0xbd, 
    0xb2, 0x41, 0x77, 0x27, 0x24, 0x90, 0xcc, 0x68, 0xbb, 0x5c, 0xeb, 0xc1, 0x35, 
    0xa5, 0x6c, 0xec, 0x97, 0xc8, 0xf8, 0x76, 0x89, 0x19, 0x3f, 0x33, 0x08, 0x77, 
    0x04, 0x25, 0xb3, 0x64, 0x62, 0x84, 0x6c, 0x76, 0x5c, 0xfc, 0x8a, 0xe3, 0x7a, 
    0x41, 0x0e, 0xba, 0xe4, 0x94, 0x1d, 0x83, 0xc3, 0x0e, 0x98, 0x0c, 0x23, 0x1b, 
    0x11, 0x87, 0xec, 0x92, 0xcf, 0x24, 0xfd, 0x6a, 0x33, 0xac, 0x5b, 0xa7, 0x01, 
    0x73, 0x09, 0x2e, 0xd7, 0xa8, 0x3e, 0x32, 0xe9, 0x93, 0x21, 0x23, 0x9b, 0x27, 
    0xb9, 0xa0, 0xa0, 0x22, 0xc1, 0xb7, 0x59, 0x01, 0xf0, 0x57, 0x9e, 0x1d, 0x32, 
    0x4d, 0x0f, 0x19, 0x0c, 0x17, 0x44, 0x34, 0x78, 0xb0, 0xcd, 0xbb, 0x6c, 0x8f, 
    0x30, 0x00, 0x26, 0xf1, 0xd0, 0x31, 0x01, 0xcc, 0x33, 0x2b, 0xf8, 0x63, 0x97, 
    0x67, 0x52, 0x08, 0xf1, 0x9e, 0x02, 0x5c, 0xf7, 0xad, 0x90, 0x6c, 0xe5, 0xcc, 
    0xb2, 0x05, 0xf6, 0xff, 0xd5, 0xd5, 0x59, 0x1a, 0xe1, 0x1c, 0xd8, 0x80, 0x36, 
    0x6c, 0x8c, 0xae, 0xae, 0x67, 0x9d, 0xa8, 0x83, 0x89, 0x0f, 0x51, 0xb0, 0x0f, 
    0xa1, 0xbc, 0x13, 0x8b, 0x4c, 0x66, 0xaa, 0x01, 0x03, 0x11, 0x3d, 0x20, 0x0e, 
    0xf6, 0xc3, 0x53, 0x66, 0xf2, 0x60, 0x0c, 0x3b, 0x5c, 0xcf, 0x7f, 0x2b, 0x7a, 
    0x84, 0xf9, 0xcc, 0x92, 0x19, 0x54, 0x54, 0xc0, 0x48, 0x48, 0x50, 0x16, 0x90, 
    0x32, 0x23, 0x86, 0x4b, 0x34, 0x00, 0x82, 0x4f, 0x82, 0xc5, 0xee, 0xc6, 0x92, 
    0x99, 0x6b, 0x84, 0xc9, 0x0d, 0x9b, 0x8b, 0x5c, 0x66, 0x68, 0x91, 0x03, 0x10, 
    0x62, 0x49, 0x15, 0xa7, 0x21, 0x0b, 0x66, 0x42, 0xa4, 0xa6, 0x2a, 0x1c, 0x27, 
    0x33, 0x57, 0x70, 0xa1, 0x9a, 0x0a, 0xd1, 0x0c, 0x96, 0x49, 0x0f, 0x2c, 0x94, 
    0xb1, 0x85, 0xa0, 0xff, 0x0e, 0x51, 0x9d, 0xcc, 0xc8, 0x42, 0x87, 0x7b, 0xf2, 
    0x80, 0x10, 0x2a, 0x51, 0x87, 0x09, 0x7a, 0x85, 0x32, 0x7a, 0xda, 0x53, 0x2a, 
    0x8a, 0x48, 0x99, 0x6a, 0x20, 0xf1, 0x51, 0x1e, 0xa0, 0x84, 0xb4, 0x8e, 0x77, 
    0x14, 0xca, 0x1c, 0x41, 0x50, 0x26, 0x18, 0x0d, 0xa2, 0xae, 0x68, 0x29, 0x20, 
    0xe8, 0x2e, 0x72, 0x5c, 0xa1, 0xcc, 0x07, 0x04, 0x55, 0x80, 0x4e, 0x78, 0x46, 
    0x18, 0x16, 0x23, 0xa3, 0xa5, 0xe0, 0x90, 0x40, 0xad, 0x4c, 0xc6, 0x08, 0x2d, 
    0x48, 0x14, 0x2b, 0x3c, 0x03, 0x07, 0x39, 0x92, 0x2a, 0x3f, 0x75, 0xb4, 0x0a, 
    0x65, 0xa4, 0x11, 0x81, 0x30, 0x39, 0x61, 0x7d, 0xb6, 0x01, 0x44, 0x67, 0x34, 
    0xe0, 0xc7, 0x55, 0x61, 0x2a, 0x90, 0x30, 0xfa, 0xa1, 0x4a, 0x28, 0xe3, 0x8d, 
    0x30, 0x05, 0x43, 0x32, 0x2e, 0xb0, 0x0d, 0x25, 0xda, 0xd3, 0x48, 0x59, 0xd9, 
    0x08, 0x92, 0x17, 0x81, 0x1c, 0x7d, 0x26, 0xb3, 0x0c, 0x2c, 0x6d, 0x72, 0x32, 
    0x24, 0xf0, 0x07, 0xb8, 0x30, 0xf3, 0xc0, 0x63, 0x99, 0x61, 0x18, 0xd8, 0xb0, 
    0x96, 0xff, 0x40, 0xb1, 0x07, 0x50, 0xb6, 0x4d, 0x74, 0x9f, 0x21, 0xd0, 0x64, 
    0xc6, 0xd8, 0x23, 0x1b, 0x52, 0x46, 0x0b, 0xfe, 0x48, 0x02, 0x65, 0x8a, 0x31, 
    0x05, 0x6f, 0xf9, 0xa1, 0x8a, 0x10, 0x84, 0x43, 0xc8, 0x66, 0x37, 0x3d, 0x5c, 
    0xe6, 0xb2, 0x24, 0x98, 0xf9, 0x45, 0x09, 0x68, 0xa4, 0x48, 0xca, 0x34, 0xc3, 
    0x00, 0xfe, 0x20, 0xd1, 0x64, 0x9c, 0xe5, 0x2d, 0x3a, 0x60, 0xe6, 0x41, 0x10, 
    0x54, 0x07, 0x33, 0x0f, 0x22, 0x31, 0x7e, 0x88, 0xa2, 0x17, 0xfa, 0x50, 0x45, 
    0x2e, 0x68, 0x11, 0x20, 0x27, 0x8e, 0x04, 0x33, 0x62, 0x28, 0x06, 0x2c, 0x24, 
    0x71, 0x86, 0xf7, 0x94, 0x60, 0x09, 0xaa, 0x88, 0x1e, 0x66, 0x92, 0xa6, 0xff, 
    0x85, 0x34, 0x50, 0x66, 0x13, 0xe5, 0x1a, 0x04, 0x66, 0x8c, 0x05, 0x42, 0x5b, 
    0x8c, 0x53, 0x5f, 0xb2, 0x11, 0xc6, 0x27, 0xb8, 0x30, 0x80, 0xe8, 0x20, 0x61, 
    0x1e, 0xee, 0x0c, 0x09, 0xe2, 0x7a, 0x40, 0x01, 0x20, 0xf8, 0x63, 0x01, 0x91, 
    0x90, 0x43, 0x3c, 0x3e, 0x71, 0x8e, 0x67, 0x34, 0xc2, 0x33, 0x0c, 0xf0, 0x07, 
    0x02, 0x9e, 0x80, 0x19, 0x59, 0x5e, 0x6b, 0x06, 0x24, 0x9d, 0x8c, 0x15, 0x41, 
    0xb8, 0x81, 0xb4, 0x3d, 0xb3, 0x99, 0x99, 0xf1, 0xc6, 0x2b, 0xcc, 0x80, 0xa1, 
    0xf3, 0xd8, 0x41, 0x9f, 0x68, 0x14, 0x89, 0x6c, 0xc0, 0xa0, 0x8c, 0x2d, 0xca, 
    0x26, 0x10, 0xb6, 0xd1, 0x12, 0x65, 0x02, 0xd5, 0xae, 0x5d, 0x4d, 0x46, 0x13, 
    0x3a, 0x14, 0x6a, 0x4e, 0x01, 0x38, 0x9a, 0x64, 0x5c, 0xe3, 0x8b, 0x10, 0x42, 
    0x40, 0xfd, 0xb8, 0xc8, 0x10, 0x67, 0x76, 0x06, 0x18, 0x59, 0xb0, 0x8d, 0x07, 
    0x7c, 0x37, 0x19, 0x00, 0x10, 0x6c, 0x14, 0x8c, 0x60, 0x03, 0x1d, 0x90, 0x48, 
    0x03, 0xfb, 0x49, 0x2c, 0x05, 0x92, 0x08, 0x47, 0xf7, 0x68, 0x14, 0x06, 0x30, 
    0x50, 0x95, 0x77, 0x6d, 0xb8, 0x05, 0x2e, 0xd5, 0xc1, 0x4d, 0xdb, 0xa0, 0x61, 
    0x98, 0xec, 0xfb, 0xe0, 0x7d, 0xe6, 0xd0, 0x8e, 0x66, 0xd0, 0xa1, 0x5b, 0xc0, 
    0x9a, 0xe2, 0x6e, 0x24, 0x06, 0x0e, 0x17, 0x88, 0x0d, 0x4b, 0x82, 0x38, 0x68, 
    0x28, 0x27, 0x53, 0x84, 0x26, 0x38, 0xa0, 0x19, 0xa2, 0x01, 0x03, 0x3b, 0xa4, 
    0x80, 0x8d, 0x71, 0x74, 0xa0, 0x79, 0xc3, 0xa1, 0x06, 0x65, 0xb2, 0xda, 0x49, 
    0x7f, 0x64, 0x01, 0x33, 0x63, 0xe0, 0x03, 0xb0, 0x3e, 0xa7, 0x19, 0xd9, 0x78, 
    0x23, 0x15, 0x35, 0x0d, 0x93, 0x01, 0xda, 0xf0, 0xd6, 0x84, 0x60, 0x46, 0xb4, 
    0xfe, 0xf8, 0x00, 0x26, 0x7a, 0x41, 0x8a, 0x56, 0xff, 0x88, 0x62, 0x1b, 0x84, 
    0xa8, 0x81, 0x45, 0xcd, 0x23, 0x01, 0xb9, 0x4a, 0x26, 0x19, 0x9d, 0xf5, 0xc7, 
    0x00, 0x22, 0x86, 0x19, 0x2a, 0x00, 0xab, 0x1b, 0x22, 0xb3, 0x86, 0x12, 0x1e, 
    0x75, 0x87, 0xd6, 0xba, 0x76, 0x32, 0xb8, 0x78, 0x12, 0x0e, 0x5c, 0x2a, 0x8e, 
    0xe0, 0x3e, 0x20, 0x85, 0x98, 0x01, 0x01, 0xbf, 0x72, 0x35, 0xb7, 0xc9, 0xe8, 
    0x00, 0x61, 0x60, 0x28, 0x45, 0x2c, 0x0e, 0x31, 0x0f, 0x5c, 0x44, 0xa2, 0x53, 
    0xc0, 0x70, 0xae, 0x99, 0x26, 0x63, 0x83, 0x27, 0x8d, 0x80, 0x32, 0xdb, 0x08, 
    0xae, 0x3f, 0x96, 0xe1, 0x99, 0x58, 0x34, 0x54, 0x56, 0xc2, 0x9a, 0x0c, 0x18, 
    0x58, 0x20, 0x07, 0x0e, 0x18, 0xe0, 0xbe, 0xab, 0x6a, 0xd1, 0x4b, 0x75, 0x4a, 
    0x99, 0xfe, 0x19, 0x29, 0x08, 0x94, 0x19, 0x84, 0x7c, 0x35, 0x20, 0x9a, 0xe7, 
    0xe4, 0xea, 0x13, 0x94, 0xe9, 0x40, 0xcc, 0x14, 0x9b, 0x23, 0xc9, 0xe4, 0x01, 
    0x4b, 0xda, 0x94, 0x0c, 0x23, 0xe5, 0x8b, 0x8e, 0xce, 0x3c, 0x01, 0x01, 0xc0, 
    0xe2, 0x00, 0x65, 0x62, 0xf1, 0xac, 0x21, 0xa8, 0x97, 0x9c, 0x93, 0x99, 0x05, 
    0x96, 0x68, 0x35, 0x99, 0x2b, 0xc9, 0xb7, 0xb9, 0x98, 0x01, 0xc3, 0x86, 0x81, 
    0xe5, 0x0b, 0xca, 0xd4, 0x06, 0x58, 0xfb, 0x38, 0xf1, 0xfd, 0x24, 0x03, 0x5b, 
    0x23, 0xe1, 0x82, 0x32, 0xa9, 0x3c, 0x56, 0x06, 0x72, 0x91, 0x0b, 0x4d, 0xb0, 
    0xc0, 0x09, 0x3c, 0xca, 0x10, 0x28, 0x30, 0x63, 0x88, 0x68, 0x4c, 0xf3, 0x59, 
    0xd5, 0x94, 0x0c, 0x19, 0x80, 0xf5, 0x01, 0x0a, 0x57, 0xb8, 0x1f, 0x3e, 0xc0, 
    0x92, 0x1d, 0x28, 0x93, 0x34, 0x60, 0x45, 0xc1, 0xb7, 0xfa, 0x6d, 0xc5, 0x3c, 
    0x30, 0xb1, 0x04, 0x12, 0xc4, 0xe0, 0x3c, 0x02, 0x60, 0xed, 0x64, 0xee, 0x21, 
    0xa7, 0x6b, 0x65, 0xb8, 0xff, 0x1f, 0xaa, 0x00, 0xd6, 0x25, 0x75, 0xfc, 0xa6, 
    0xc9, 0x28, 0x00, 0x4b, 0x03, 0xa0, 0x85, 0x64, 0xec, 0x73, 0x2c, 0xe4, 0x9e, 
    0x66, 0x11, 0x8c, 0x78, 0xc5, 0x28, 0xa6, 0x00, 0xe2, 0xe1, 0xb0, 0x58, 0x32, 
    0xb1, 0x6a, 0xd7, 0x0c, 0xfe, 0x99, 0x2b, 0x01, 0x94, 0x6f, 0xc0, 0xef, 0x9c, 
    0x8c, 0x7f, 0xc2, 0xc4, 0x04, 0xd8, 0x3d, 0x8b, 0x01, 0xa2, 0x33, 0x04, 0x2d, 
    0xa0, 0xa1, 0x84, 0x1a, 0x78, 0xc0, 0x1f, 0x90, 0xd8, 0x6c, 0xbf, 0x82, 0x26, 
    0x99, 0x4e, 0x0c, 0x6e, 0x55, 0x5f, 0x70, 0x69, 0x00, 0xf9, 0x93, 0x62, 0xf9, 
    0x0e, 0xc7, 0x05, 0x8a, 0xb0, 0x6a, 0x11, 0x24, 0x41, 0x19, 0x3c, 0x10, 0x0c, 
    0x49, 0x93, 0xd9, 0x2e, 0xa9, 0x60, 0x60, 0xe5, 0x2b, 0x9b, 0xc3, 0xd5, 0xc3, 
    0x89, 0x01, 0x12, 0x08, 0x60, 0x8c, 0x77, 0x6c, 0xa2, 0x19, 0x53, 0x85, 0x5c, 
    0x1a, 0x7a, 0x20, 0x22, 0x28, 0xf0, 0x61, 0x0a, 0x38, 0x08, 0x13, 0xaf, 0x27, 
    0xe3, 0x60, 0x52, 0x1d, 0x40, 0xcd, 0x90, 0x26, 0xb0, 0x64, 0x9c, 0x01, 0xec, 
    0xf3, 0x14, 0x20, 0x08, 0x1d, 0x50, 0xc5, 0x3a, 0x92, 0x3d, 0x1a, 0x79, 0x88, 
    0xe8, 0x5e, 0xfd, 0x40, 0x46, 0xfc, 0xb4, 0xfc, 0x0c, 0x49, 0x84, 0x02, 0x58, 
    0xd8, 0xa0, 0x73, 0x9d, 0x25, 0x53, 0x89, 0x6e, 0xcb, 0xaf, 0x06, 0x64, 0xb8, 
    0xc2, 0x30, 0xf2, 0xa0, 0x6a, 0x5f, 0xed, 0x00, 0x42, 0x5a, 0xc8, 0x4c, 0xbd, 
    0xe5, 0x1b, 0x0d, 0x79, 0x33, 0xb5, 0x1f, 0xae, 0xb0, 0x37, 0x8d, 0x46, 0xe0, 
    0x87, 0x4f, 0x30, 0x02, 0x4e, 0x85, 0xfc, 0x4f, 0x7a, 0x32, 0xd3, 0xca, 0x46, 
    0x0a, 0xd3, 0xe0, 0x08, 0x95, 0xcc, 0x1f, 0x14, 0xfe, 0x24, 0x42, 0x60, 0xe6, 
    0x0e, 0x2d, 0xbc, 0xcf, 0x36, 0x3a, 0x53, 0xb9, 0xe0, 0x6e, 0xa1, 0xd7, 0x42, 
    0xff, 0x9a, 0xcc, 0x1e, 0x92, 0xcc, 0xf1, 0x1e, 0x59, 0xe2, 0x50, 0xff, 0x91, 
    0xc0, 0x31, 0x3e, 0xee, 0xea, 0x45, 0x63, 0x9c, 0x32, 0xe5, 0x68, 0x39, 0x96, 
    0x22, 0x45, 0x19, 0x47, 0x1c, 0xa8, 0x03, 0xd9, 0xf0, 0xc5, 0x1d, 0xde, 0x51, 
    0xf2, 0xe0, 0xa2, 0xec, 0xe6, 0x93, 0xb9, 0xb0, 0xce, 0x9f, 0x84, 0x0f, 0xcc, 
    0xcc, 0x63, 0xe9, 0xef, 0x71, 0x00, 0xc6, 0xff, 0x41, 0x99, 0x14, 0x94, 0x07, 
    0xea, 0x3d, 0xd2, 0x05, 0x66, 0x86, 0x80, 0xf5, 0xee, 0xf8, 0x30, 0xdb, 0x12, 
    0x9d, 0x0c, 0x38, 0xbb, 0xbe, 0x22, 0x66, 0x60, 0x06, 0xb0, 0x3d, 0x3a, 0x00, 
    0x1f, 0x70, 0x11, 0x87, 0x42, 0x38, 0x23, 0x1b, 0xf7, 0xb0, 0x34, 0x77, 0x6e, 
    0xa0, 0x09, 0x03, 0xcb, 0x4a, 0x09, 0x28, 0xa7, 0xc8, 0x64, 0x18, 0xa1, 0x57, 
    0xb2, 0x8b, 0x68, 0x01, 0x44, 0xc0, 0x4c, 0x10, 0x86, 0x83, 0x01, 0x12, 0x20, 
    0x42, 0x08, 0x09, 0xc0, 0x05, 0x16, 0x90, 0x10, 0x84, 0x53, 0x4b, 0x47, 0x0d, 
    0x15, 0x60, 0xc5, 0xd7, 0x41, 0x3b, 0x63, 0xe1, 0xd4, 0x42, 0x32, 0xc8, 0x60, 
    0x41, 0xae, 0x94, 0x31, 0xf5, 0x81, 0x60, 0x62, 0x14, 0x15, 0xf7, 0x3b, 0x84, 
    0xaa, 0x4c, 0x99, 0x27, 0xa4, 0x29, 0x0a, 0x0e, 0x10, 0x45, 0x4a, 0x33, 0x23, 
    0x0d, 0x50, 0xf4, 0x61, 0x0c, 0x4d, 0x94, 0x18, 0x2a, 0xee, 0x2c, 0x9c, 0x7a, 
    0x4c, 0x46, 0x18, 0xb2, 0x82, 0x61, 0xe7, 0x05, 0x22, 0x7a, 0x2c, 0x5d, 0x7c, 
    0x32, 0xa6, 0xb8, 0x82, 0x55, 0x25, 0xb6, 0x0e, 0x5d, 0x7f, 0x52, 0x32, 0x69, 
    0xea, 0x14, 0x04, 0xf2, 0xae, 0xf7, 0x7e, 0x28, 0x42, 0x06, 0xbd, 0x37, 0x12, 
    0x16, 0x56, 0x3f, 0x7c, 0xc8, 0xa9, 0xc0, 0x36, 0x42, 0xa0, 0xcc, 0x72, 0x3b, 
    0x75, 0x09, 0xe6, 0xdf, 0x52, 0x32, 0xed, 0x88, 0xbe, 0xff, 0x91, 0x48, 0x5b, 
    0x7d, 0x64, 0x24, 0x23, 0x1d, 0x2e, 0xd0, 0x00, 0x13, 0xb4, 0x40, 0x05, 0x4a, 
    0xa4, 0x37, 0x33, 0x4e, 0xf0, 0x47, 0x7c, 0x26, 0x43, 0x88, 0x4e, 0x7d, 0xc1, 
    0xfb, 0x4b, 0xc2, 0x4c, 0x31, 0xc4, 0xbf, 0x22, 0x0e, 0xf0, 0xc2, 0x8d, 0x9d, 
    0x31, 0x0c, 0xfa, 0x70, 0x01, 0x22, 0xa0, 0x06, 0x51, 0xe0, 0x03, 0x17, 0xe0, 
    0x1a, 0x92, 0x71, 0x08, 0x52, 0x70, 0x0e, 0x56, 0x60, 0x07, 0x59, 0xa0, 0x05, 
    0x76, 0xb0, 0x04, 0x2c, 0x40, 0x05, 0x47, 0x40, 0x02, 0x30, 0xc0, 0x00, 0x44, 
    0x44, 0x19, 0xc0, 0xe0, 0x0f, 0x6a, 0x40, 0x19, 0xf5, 0x67, 0x29, 0x23, 0x37, 
    0x75, 0x99, 0xa1, 0x2a, 0xfc, 0xa7, 0x34, 0xe4, 0x36, 0x19, 0xc9, 0x10, 0x0d, 
    0x3e, 0x50, 0x00, 0x0d, 0xf0, 0x00, 0x30, 0x08, 0x83, 0x08, 0xf0, 0x00, 0x2e, 
    0x70, 0x0a, 0x5a, 0x00, 0x03, 0x6a, 0x30, 0x05, 0x76, 0x20, 0x08, 0x55, 0x80, 
    0x05, 0x09, 0x40, 0x00, 0x09, 0x60, 0x01, 0x4c, 0x20, 0x02, 0x88, 0x10, 0x04, 
    0x2d, 0xa0, 0x7b, 0x93, 0xc1, 0x01, 0xfe, 0x40, 0x19, 0x95, 0xb7, 0x27, 0x6d, 
    0x44, 0x82, 0x94, 0x01, 0x02, 0x22, 0x70, 0x82, 0x07, 0x62, 0x07, 0x12, 0x34, 
    0x40, 0x3b, 0x60, 0x00, 0x08, 0xb0, 0x00, 0x1c, 0x40, 0x03, 0x31, 0x80, 0x03, 
    0x2d, 0xd0, 0x02, 0x33, 0xf0, 0x05, 0x34, 0xf0, 0x05, 0x14, 0xa0, 0x06, 0x73, 
    0xa0, 0x02, 0x15, 0xa0, 0x00, 0xa9, 0xe0, 0x05, 0xc1, 0x40, 0x0a, 0x77, 0x80, 
    0x0a, 0xa6, 0x30, 0x0b, 0x9a, 0x30, 0x01, 0x4b, 0xb0, 0x03, 0x23, 0x50, 0x06, 
    0x94, 0x81, 0x0d, 0x09, 0x40, 0x19, 0x49, 0x60, 0x29, 0x19, 0x80, 0x7f, 0x0e, 
    0x01, 0x4f, 0x4d, 0x40, 0x85, 0xff, 0x81, 0x6e, 0x94, 0xe1, 0x09, 0x16, 0x60, 
    0x00, 0x0f, 0x70, 0x00, 0x18, 0xff, 0x30, 0x02, 0x4e, 0x60, 0x02, 0x3d, 0x40, 
    0x06, 0x09, 0x80, 0x08, 0x47, 0x70, 0x03, 0x6e, 0x50, 0x03, 0x88, 0x20, 0x02, 
    0x43, 0x00, 0x00, 0x68, 0x90, 0x08, 0xd9, 0x20, 0x05, 0x99, 0x71, 0x0f, 0x80, 
    0xc0, 0x00, 0x2a, 0x70, 0x03, 0x19, 0x10, 0x78, 0x9e, 0x71, 0x63, 0x89, 0xf2, 
    0x1d, 0x4b, 0xc5, 0x20, 0x94, 0xe1, 0x24, 0x86, 0xf8, 0x1e, 0xa7, 0x84, 0x19, 
    0xc1, 0xc0, 0x01, 0x0d, 0xb0, 0x01, 0x18, 0x00, 0x05, 0x6e, 0x30, 0x07, 0x98, 
    0xb0, 0x81, 0xfd, 0x50, 0x07, 0xe4, 0xa0, 0x04, 0x96, 0xf0, 0x06, 0x13, 0x40, 
    0x00, 0x68, 0x80, 0x09, 0xbf, 0x40, 0x1d, 0x9d, 0x91, 0x09, 0x2e, 0xe0, 0x05, 
    0x09, 0x60, 0x03, 0x32, 0xe0, 0x02, 0xa2, 0x01, 0x54, 0x8f, 0x72, 0x57, 0xaf, 
    0xe8, 0x11, 0x94, 0x32, 0x8b, 0xef, 0x81, 0x8d, 0x94, 0x81, 0x0a, 0x13, 0xc0, 
    0x88, 0x10, 0x70, 0x02, 0x26, 0xb0, 0x02, 0x42, 0xb0, 0x47, 0x99, 0xe1, 0x0c, 
    0x67, 0x70, 0x06, 0x9f, 0xe8, 0x02, 0x0e, 0x20, 0x06, 0xa2, 0xe1, 0x0b, 0x0e, 
    0xe0, 0x02, 0xa0, 0x80, 0x05, 0x4b, 0xf0, 0x59, 0x9e, 0xc1, 0x0c, 0x96, 0x92, 
    0x31, 0xd9, 0x18, 0x49, 0x93, 0x11, 0x71, 0xdc, 0x18, 0x1d, 0x0f, 0x40, 0x5f, 
    0x80, 0x22, 0x00, 0x05, 0xb0, 0x00, 0x18, 0xe0, 0x04, 0x59, 0xa0, 0x02, 0x1d, 
    0x70, 0x38, 0x9d, 0x51, 0x04, 0x2e, 0xe0, 0x02, 0x65, 0x10, 0x02, 0x01, 0xd0, 
    0x0a, 0xa3, 0x01, 0x06, 0x71, 0x30, 0x8f, 0x68, 0x80, 0x05, 0x22, 0xb0, 0x64, 
    0x9e, 0xf1, 0x02, 0x89, 0x82, 0x00, 0xaa, 0x08, 0x76, 0xfe, 0x28, 0x19, 0x39, 
    0x14, 0x90, 0xd1, 0x11, 0x05, 0x63, 0x90, 0x19, 0x2c, 0x60, 0x90, 0x1e, 0x80, 
    0x03, 0x24, 0xa0, 0x05, 0x6f, 0x40, 0x00, 0xa7, 0x20, 0x1a, 0x9e, 0x10, 0x00, 
    0x38, 0xff, 0x19, 0x00, 0xb3, 0x70, 0x1a, 0xa5, 0x80, 0x93, 0x21, 0x60, 0x05, 
    0xa5, 0x68, 0x06, 0x1d, 0x40, 0x0e, 0xaa, 0xc0, 0x8f, 0x94, 0x71, 0x7d, 0x7b, 
    0xc2, 0x05, 0x82, 0x58, 0x55, 0x8c, 0x85, 0x4d, 0x28, 0x39, 0x1c, 0x25, 0xc0, 
    0x55, 0x93, 0xd1, 0x08, 0x54, 0x20, 0x00, 0x0d, 0x70, 0x00, 0x27, 0x20, 0x03, 
    0x7f, 0xc0, 0x03, 0x67, 0x90, 0x08, 0x3a, 0x20, 0x1a, 0xe5, 0x90, 0x93, 0x01, 
    0x50, 0x63, 0xa3, 0x91, 0x0b, 0x39, 0x19, 0x02, 0x5d, 0xd0, 0x07, 0x64, 0xc0, 
    0x00, 0x28, 0x80, 0x04, 0x6e, 0xc0, 0x07, 0x6e, 0x45, 0x19, 0xd6, 0xa8, 0x26, 
    0xe1, 0x80, 0x74, 0x92, 0xa1, 0x79, 0x4f, 0x39, 0x1c, 0xcb, 0x34, 0x19, 0x52, 
    0x00, 0x03, 0x56, 0x79, 0x00, 0x23, 0x20, 0x03, 0x36, 0x80, 0x05, 0x80, 0xe0, 
    0x0a, 0xe8, 0xe8, 0x19, 0xa4, 0x20, 0x96, 0x0f, 0x27, 0x1a, 0xba, 0x20, 0x96, 
    0x01, 0xe0, 0x00, 0x65, 0x60, 0x05, 0x94, 0x40, 0x06, 0x3c, 0x30, 0x09, 0x32, 
    0x30, 0x09, 0x98, 0x21, 0x09, 0x7b, 0x32, 0x92, 0xab, 0x46, 0x12, 0x93, 0x71, 
    0x44, 0x79, 0x29, 0x1c, 0xc6, 0x43, 0x19, 0x71, 0x66, 0x90, 0x78, 0x73, 0x04, 
    0x49, 0x90, 0x00, 0x5e, 0xe0, 0x8e, 0x8d, 0xe3, 0x19, 0x4f, 0x40, 0x0e, 0x62, 
    0x79, 0x85, 0x9d, 0xe1, 0x08, 0x8e, 0x99, 0x93, 0x83, 0x80, 0x0d, 0xc3, 0xb0, 
    0x0a, 0xd1, 0x28, 0x03, 0x6f, 0x80, 0x19, 0x06, 0xf6, 0x03, 0xcd, 0xc3, 0x01, 
    0x00, 0x09, 0x21, 0x80, 0xd4, 0x8f, 0x15, 0xd2, 0x0f, 0xa6, 0xe0, 0x94, 0xa1, 
    0xe9, 0x0f, 0x11, 0xa0, 0x6a, 0xdc, 0xe6, 0x92, 0x23, 0x70, 0x03, 0x49, 0x70, 
    0x01, 0xab, 0xe9, 0x00, 0x71, 0x30, 0x79, 0x98, 0x21, 0x0f, 0x8e, 0xa9, 0x0f, 
    0x9d, 0x21, 0x06, 0xd5, 0x50, 0x9b, 0x38, 0x69, 0x0e, 0x00, 0xff, 0xd8, 0x0f, 
    0xe2, 0x80, 0x05, 0x76, 0xe0, 0x04, 0x21, 0x40, 0x19, 0x80, 0xe0, 0x0f, 0x9a, 
    0xd5, 0x0f, 0x63, 0x50, 0x04, 0x86, 0x00, 0x0d, 0x2b, 0xd0, 0x47, 0xff, 0x81, 
    0x77, 0x50, 0x58, 0x6d, 0xcb, 0x69, 0x94, 0xfd, 0xd0, 0x81, 0xfe, 0x60, 0x00, 
    0x1b, 0xd0, 0x02, 0x37, 0xa0, 0x02, 0x0a, 0xe0, 0x05, 0x65, 0xe0, 0x00, 0x38, 
    0x29, 0x9b, 0x94, 0x01, 0x0e, 0x57, 0x00, 0x9e, 0xc2, 0x37, 0x19, 0x9d, 0x90, 
    0x09, 0xe0, 0x89, 0x93, 0x0d, 0x4a, 0x19, 0xda, 0x50, 0x05, 0x81, 0x10, 0x05, 
    0x41, 0x94, 0x08, 0x9e, 0x61, 0x04, 0xe8, 0x20, 0x0e, 0x9c, 0x80, 0x04, 0x87, 
    0x05, 0x1d, 0x19, 0x60, 0x2a, 0x4b, 0x49, 0x25, 0xc6, 0xb0, 0x9c, 0xb7, 0xe1, 
    0x71, 0x40, 0x26, 0x5c, 0x11, 0xf0, 0x05, 0x1f, 0x20, 0x02, 0x0c, 0x50, 0x9d, 
    0x39, 0x09, 0x0d, 0xe5, 0x30, 0x19, 0x8a, 0x40, 0x5e, 0x11, 0x8a, 0x93, 0x9f, 
    0xc0, 0x0c, 0xcb, 0xc0, 0x0a, 0x71, 0x90, 0xa3, 0x85, 0x80, 0x5d, 0x93, 0xe1, 
    0x0b, 0x0a, 0xc0, 0x02, 0x3f, 0x70, 0x46, 0xb7, 0x20, 0x60, 0xa3, 0x01, 0x02, 
    0xe5, 0x00, 0x0c, 0xe7, 0x90, 0x0d, 0xe3, 0x90, 0x0b, 0xd9, 0x60, 0x0d, 0x11, 
    0x25, 0x12, 0xa4, 0x80, 0xa2, 0xb6, 0x21, 0x33, 0x94, 0xf1, 0x9c, 0x08, 0x50, 
    0x02, 0x3f, 0x10, 0x0a, 0x16, 0x80, 0x06, 0xee, 0x58, 0x9b, 0xbd, 0xc0, 0x0c, 
    0xbc, 0xf0, 0x0b, 0x39, 0x9a, 0xa6, 0xe0, 0x09, 0x0e, 0x9d, 0x61, 0x0a, 0xa3, 
    0xf0, 0x06, 0x3e, 0x40, 0x8d, 0xd5, 0x37, 0x1a, 0x2a, 0xd1, 0x77, 0xcb, 0xa9, 
    0x67, 0x93, 0xa1, 0x0c, 0x05, 0xd0, 0x9f, 0x07, 0x00, 0x03, 0x5c, 0xa0, 0x04, 
    0xa9, 0x60, 0x05, 0x06, 0xaa, 0xa6, 0x84, 0x4a, 0xa8, 0x4d, 0xd7, 0x19, 0xee, 
    0xd0, 0x07, 0x16, 0x20, 0x07, 0x88, 0xff, 0x40, 0x1a, 0x73, 0x6a, 0x9c, 0x1f, 
    0x81, 0xa5, 0xfe, 0x30, 0x0a, 0x98, 0x91, 0x47, 0x03, 0x10, 0x01, 0x33, 0x50, 
    0x03, 0x7e, 0xa0, 0x09, 0x98, 0x40, 0x91, 0x85, 0x0a, 0x9e, 0x71, 0x60, 0x0c, 
    0xf7, 0x10, 0x00, 0x3f, 0x9a, 0xa6, 0xc5, 0xe0, 0x19, 0xc5, 0xe0, 0x0a, 0x04, 
    0xb0, 0x04, 0x5b, 0x90, 0x2d, 0x4b, 0x85, 0x4b, 0x2c, 0x81, 0xa5, 0x03, 0xb0, 
    0x08, 0x14, 0x6a, 0x1b, 0x05, 0xc0, 0x01, 0x91, 0xa0, 0x05, 0x58, 0xe0, 0x05, 
    0x2f, 0x30, 0xa8, 0x85, 0x3a, 0x08, 0xe1, 0x40, 0x07, 0xd6, 0x00, 0x09, 0x86, 
    0x20, 0x06, 0x4f, 0xd0, 0x06, 0x45, 0x00, 0x06, 0x6c, 0x60, 0x0d, 0xd3, 0x30, 
    0x08, 0xe0, 0x09, 0x63, 0x99, 0x31, 0x0b, 0x5d, 0x40, 0x08, 0x42, 0x40, 0x02, 
    0xdc, 0x60, 0x27, 0xb2, 0xe1, 0x12, 0x58, 0xaa, 0xa1, 0x93, 0x51, 0x34, 0x2c, 
    0x3a, 0x03, 0x3e, 0x60, 0x09, 0x67, 0x20, 0xa8, 0x9f, 0xfa, 0x0d, 0xcb, 0xf0, 
    0x51, 0xb2, 0x71, 0x0b, 0xbc, 0x50, 0x9b, 0x8f, 0x46, 0x19, 0x8d, 0x10, 0x00, 
    0x2e, 0x90, 0x0a, 0x28, 0xe0, 0x06, 0x98, 0x06, 0xa9, 0x39, 0x81, 0xa2, 0x07, 
    0x50, 0x4b, 0x93, 0x01, 0x7d, 0xfd, 0x09, 0x04, 0x51, 0x10, 0x0a, 0x58, 0xd0, 
    0x07, 0x2f, 0xf0, 0xa9, 0xaf, 0x80, 0x6d, 0x1a, 0xf3, 0x08, 0x62, 0x19, 0x07, 
    0xb1, 0x87, 0x19, 0xf0, 0x10, 0x00, 0x65, 0x00, 0x08, 0x4a, 0x70, 0x03, 0x66, 
    0xb0, 0x7b, 0x1c, 0x81, 0xa2, 0x8f, 0x24, 0x19, 0x8f, 0x60, 0x1b, 0x02, 0x80, 
    0x00, 0x5f, 0x50, 0x03, 0x96, 0x40, 0x08, 0x5d, 0xe0, 0xab, 0x69, 0x4a, 0x90, 
    0xb8, 0x24, 0x05, 0x62, 0x49, 0x6a, 0xa0, 0x15, 0x00, 0x2f, 0x00, 0x0a, 0x43, 
    0x70, 0x04, 0x4b, 0x40, 0xb1, 0x1b, 0xb1, 0x9c, 0x07, 0x80, 0x19, 0xb5, 0x60, 
    0x1b, 0x03, 0xff, 0xb0, 0x00, 0x14, 0x30, 0x07, 0x3c, 0xc0, 0xab, 0x84, 0x3a, 
    0x08, 0x9c, 0x37, 0x7c, 0x6c, 0xe0, 0xac, 0x01, 0x60, 0x7b, 0x99, 0x61, 0x0e, 
    0x2a, 0xeb, 0x05, 0x1d, 0x90, 0x05, 0x48, 0x00, 0xb3, 0x1a, 0xb1, 0x9c, 0x1e, 
    0x69, 0x92, 0xb7, 0x51, 0x00, 0x10, 0x10, 0x04, 0x4b, 0xc0, 0xa9, 0x22, 0x0b, 
    0xaa, 0x6c, 0x3a, 0xa7, 0xd4, 0x80, 0x93, 0x05, 0x87, 0x19, 0xcf, 0x80, 0x93, 
    0x2f, 0x40, 0x09, 0x16, 0x80, 0x08, 0xae, 0x68, 0xaf, 0x37, 0x11, 0x9a, 0x02, 
    0x00, 0x0f, 0x94, 0x51, 0x72, 0x1b, 0x4b, 0x03, 0x32, 0x60, 0x09, 0xa9, 0xd0, 
    0x05, 0x84, 0x2a, 0x8a, 0x8f, 0xaa, 0x03, 0xa5, 0xba, 0x0e, 0x5f, 0xe9, 0x7c, 
    0x26, 0xeb, 0x93, 0x8a, 0xca, 0x05, 0x3b, 0xa0, 0x41, 0x24, 0xb9, 0x13, 0xa1, 
    0xe9, 0x8d, 0xfd, 0x20, 0x0a, 0xb7, 0x21, 0x00, 0x12, 0xd0, 0x02, 0x88, 0x50, 
    0x01, 0x94, 0x30, 0xb0, 0x69, 0xca, 0x9d, 0x8f, 0x2a, 0x19, 0x74, 0x90, 0x93, 
    0xd7, 0x70, 0x05, 0xd3, 0x80, 0xa6, 0x67, 0xd9, 0xb7, 0x2b, 0x50, 0xa2, 0x29, 
    0x11, 0x9a, 0xe4, 0x86, 0x94, 0xc2, 0xb5, 0x01, 0x19, 0x80, 0x04, 0x0c, 0x90, 
    0x08, 0x9e, 0x9a, 0xa3, 0x67, 0xf4, 0xa8, 0xad, 0xa0, 0xa6, 0x61, 0xcb, 0x03, 
    0x53, 0xf0, 0xb2, 0x66, 0x7b, 0xb6, 0x4f, 0x09, 0xbb, 0x92, 0x31, 0x06, 0xc2, 
    0x61, 0x00, 0x40, 0xb0, 0x05, 0x22, 0x40, 0x00, 0xe4, 0x9a, 0xa3, 0xb2, 0x13, 
    0xb9, 0x92, 0x61, 0x08, 0xac, 0xeb, 0x05, 0x13, 0x10, 0x08, 0x87, 0xd6, 0x99, 
    0x42, 0x91, 0x97, 0x2b, 0x39, 0x19, 0xe2, 0x13, 0xb5, 0x39, 0x10, 0x04, 0x49, 
    0x10, 0x0f, 0x21, 0x9b, 0xa6, 0x16, 0x09, 0xbc, 0xfd, 0xa0, 0x03, 0xb0, 0x99, 
    0xa3, 0x2f, 0x40, 0xbc, 0x81, 0xd0, 0x07, 0x4c, 0x9b, 0x11, 0x4f, 0xff, 0x79, 
    0x2e, 0x92, 0xf1, 0x2b, 0xc2, 0x51, 0x00, 0x6b, 0x60, 0x02, 0x66, 0x40, 0x06, 
    0x63, 0x1a, 0xa1, 0x5d, 0x6b, 0xbd, 0x70, 0x96, 0xa6, 0x61, 0x6b, 0x01, 0x5c, 
    0xd0, 0x01, 0x9c, 0x8b, 0x12, 0x28, 0x39, 0x00, 0x79, 0x2b, 0x19, 0xd1, 0x25, 
    0x1c, 0x0d, 0x40, 0x03, 0x6e, 0x80, 0x02, 0xa9, 0x50, 0x06, 0x69, 0x4a, 0xa5, 
    0xee, 0xdb, 0x0f, 0xe3, 0x10, 0xa1, 0xbd, 0x70, 0x0e, 0xd1, 0x90, 0x08, 0x0a, 
    0x60, 0x07, 0x37, 0x10, 0x6b, 0xdf, 0x6b, 0x11, 0x28, 0x99, 0x58, 0x93, 0x01, 
    0x0b, 0xd0, 0xd1, 0xbf, 0x6e, 0xf0, 0x06, 0x01, 0x9c, 0xa3, 0xbf, 0xd0, 0x6f, 
    0x91, 0x4b, 0x9b, 0x8e, 0x19, 0x07, 0x86, 0x80, 0x79, 0xdd, 0x20, 0xaf, 0x3e, 
    0x60, 0x03, 0xf5, 0x6b, 0x12, 0x28, 0x49, 0x6b, 0x93, 0xc1, 0x59, 0xfc, 0xeb, 
    0xbf, 0x00, 0x2c, 0xc0, 0x11, 0x6a, 0x50, 0x05, 0xdc, 0x0f, 0x20, 0x2c, 0x96, 
    0x0a, 0x38, 0x19, 0x95, 0xc0, 0x00, 0x7c, 0x10, 0x05, 0x34, 0x1c, 0xb8, 0xf7, 
    0xca, 0x8d, 0xb4, 0xdb, 0x0f, 0xc4, 0x10, 0x1d, 0x05, 0x50, 0x02, 0x1f, 0x90, 
    0xbe, 0xeb, 0x5b, 0x9b, 0x90, 0x55, 0xc3, 0xbd, 0xe0, 0x98, 0xed, 0x49, 0x19, 
    0x9d, 0x40, 0x06, 0x28, 0x20, 0x03, 0x2a, 0x10, 0xc1, 0x15, 0x11, 0x90, 0xe7, 
    0x40, 0x19, 0x75, 0x03, 0x1d, 0x52, 0xfb, 0x03, 0x2a, 0x80, 0x0b, 0xd3, 0x5b, 
    0x9b, 0x71, 0xa0, 0xa4, 0xd6, 0x1b, 0x0e, 0x62, 0x09, 0x0d, 0x1e, 0xbc, 0x08, 
    0x98, 0x60, 0x01, 0x73, 0x70, 0x79, 0x58, 0x3c, 0x11, 0xdc, 0xe8, 0x01, 0x10, 
    0xdc, 0x0f, 0x62, 0xc0, 0x1d, 0x06, 0x70, 0x00, 0x51, 0xc0, 0x02, 0x0a, 0xe0, 
    0x0a, 0xa7, 0x9b, 0xb0, 0x6a, 0x5b, 0xc3, 0xf8, 0x20, 0x96, 0xe3, 0xf0, 0x3e, 
    0x83, 0xa0, 0x09, 0x4b, 0xe0, 0x06, 0xf0, 0xff, 0x18, 0xbb, 0x33, 0xc1, 0x8d, 
    0x91, 0x40, 0x19, 0x63, 0x15, 0x1d, 0x37, 0x4b, 0x01, 0x72, 0x60, 0x01, 0x9c, 
    0xe0, 0xb8, 0x4c, 0x5c, 0xc3, 0x29, 0xa0, 0x0d, 0x62, 0xa9, 0x9f, 0x36, 0x1a, 
    0x00, 0x67, 0x20, 0x08, 0x35, 0xd0, 0x4e, 0x40, 0x2c, 0xbb, 0x86, 0xb8, 0x7c, 
    0x93, 0xd1, 0x84, 0x87, 0xfb, 0x00, 0x33, 0x50, 0x0b, 0x4a, 0x20, 0xa6, 0x11, 
    0x4a, 0x7e, 0xd6, 0xfb, 0xae, 0x62, 0x09, 0xad, 0x83, 0x54, 0x06, 0x68, 0xa0, 
    0x04, 0x47, 0xc0, 0xc2, 0xa5, 0x6c, 0x13, 0x01, 0xd9, 0x05, 0x92, 0x01, 0x09, 
    0x12, 0xc0, 0x1d, 0x56, 0x59, 0x02, 0x26, 0xa0, 0x02, 0x84, 0xd0, 0xbb, 0x8e, 
    0x79, 0x0f, 0xb4, 0xea, 0xbe, 0x6c, 0xe0, 0x98, 0xa1, 0x96, 0x19, 0x90, 0xb0, 
    0xbd, 0x43, 0x90, 0x05, 0x51, 0x8c, 0xbc, 0x3e, 0x81, 0x92, 0x5b, 0x00, 0x4c, 
    0xe6, 0x61, 0x00, 0x1e, 0x10, 0x06, 0x5a, 0xa0, 0x01, 0x7d, 0xf0, 0xc7, 0xb1, 
    0x59, 0xc0, 0xfb, 0xe0, 0x98, 0x74, 0x8b, 0x19, 0xb2, 0xb0, 0xb2, 0x16, 0xaa, 
    0x75, 0x8c, 0x2c, 0x13, 0x92, 0x0a, 0x1d, 0x02, 0x10, 0x01, 0x38, 0xe0, 0x03, 
    0x80, 0xba, 0xc4, 0x62, 0x59, 0x09, 0x05, 0x5c, 0x08, 0x8e, 0x39, 0x71, 0x94, 
    0x61, 0xb7, 0x65, 0x30, 0x0a, 0x28, 0xb0, 0x03, 0x39, 0xf6, 0xce, 0x31, 0x11, 
    0xcf, 0x5e, 0x0c, 0x01, 0x7a, 0xb0, 0x04, 0x09, 0x60, 0xba, 0x11, 0xca, 0x8c, 
    0x91, 0x0b, 0x0b, 0xb5, 0x39, 0xa1, 0x93, 0x61, 0x0e, 0x0e, 0x60, 0x05, 0xf1, 
    0xa0, 0x02, 0x6a, 0x90, 0xce, 0xd8, 0xdc, 0x13, 0x08, 0x3d, 0x1c, 0x37, 0x7b, 
    0x02, 0x53, 0xd0, 0x03, 0x80, 0x30, 0xc6, 0x8e, 0xb9, 0x0a, 0x60, 0x36, 0xa7, 
    0x97, 0x00, 0x9e, 0x8b, 0x29, 0x19, 0xc0, 0x10, 0x00, 0x21, 0x90, 0x08, 0x09, 
    0x10, 0x0a, 0x26, 0xff, 0x60, 0xb0, 0x43, 0xf1, 0xd1, 0xc2, 0x61, 0x95, 0xcf, 
    0xcb, 0x02, 0x09, 0x20, 0xb0, 0x11, 0x7a, 0xad, 0x8f, 0x7a, 0x08, 0x39, 0xfa, 
    0x0e, 0xb0, 0xd0, 0x0c, 0xce, 0x00, 0xb6, 0xa0, 0x50, 0x01, 0x59, 0x40, 0x05, 
    0x29, 0x4c, 0x12, 0x38, 0x2d, 0x1c, 0x37, 0x0b, 0x07, 0x3e, 0x80, 0x02, 0xf1, 
    0xe0, 0xc7, 0x11, 0x7a, 0x7c, 0x56, 0x55, 0x07, 0xd7, 0xf0, 0xa9, 0x0e, 0xd0, 
    0x05, 0x64, 0x60, 0x06, 0x4d, 0xc0, 0x03, 0x71, 0x2c, 0xc7, 0x4f, 0xad, 0xb1, 
    0xb7, 0x1a, 0x06, 0x72, 0x50, 0x05, 0xa3, 0xa0, 0xcc, 0x8e, 0x79, 0xb1, 0xb8, 
    0xa4, 0x03, 0x42, 0x5b, 0xa8, 0x2f, 0xc0, 0x09, 0x3c, 0x1c, 0x05, 0xfa, 0x49, 
    0x14, 0x65, 0x7d, 0x1b, 0x03, 0xf0, 0x00, 0x34, 0x40, 0x02, 0x7c, 0x60, 0x01, 
    0x25, 0x4d, 0xce, 0x39, 0x69, 0x0b, 0xfe, 0x24, 0x3a, 0x75, 0xb0, 0xd2, 0x5c, 
    0x6d, 0x05, 0x67, 0x80, 0x02, 0x47, 0x20, 0x03, 0x4d, 0xed, 0xd4, 0x79, 0x6d, 
    0xb3, 0x12, 0x10, 0x03, 0x6a, 0xc0, 0x02, 0x1d, 0x50, 0x98, 0x82, 0x8d, 0x93, 
    0x97, 0xa0, 0xaf, 0x1a, 0xd3, 0x93, 0x9f, 0xfa, 0x98, 0x2e, 0x80, 0x06, 0x3c, 
    0xa0, 0x05, 0x5b, 0x90, 0x0e, 0x8f, 0x3d, 0x12, 0x91, 0x7d, 0x1b, 0xfe, 0x89, 
    0x03, 0x4d, 0x60, 0x07, 0x5c, 0x89, 0x09, 0x05, 0x0a, 0x9e, 0x85, 0xf0, 0xb3, 
    0xb2, 0xd1, 0x0c, 0xa5, 0x5a, 0xa8, 0xf3, 0x48, 0x09, 0x17, 0x60, 0x03, 0x26, 
    0x30, 0x02, 0x80, 0xdb, 0xd1, 0xd9, 0x9c, 0xda, 0xfe, 0x20, 0x00, 0x06, 0xb0, 
    0x00, 0x33, 0x10, 0x04, 0x5a, 0xc0, 0x04, 0x9a, 0xe0, 0x05, 0x5d, 0x90, 0xd9, 
    0x01, 0x40, 0x0a, 0x42, 0x9a, 0x19, 0xc2, 0x20, 0x0b, 0x9f, 0x0d, 0xda, 0xd0, 
    0x78, 0x8a, 0x2d, 0x60, 0x62, 0x63, 0x4d, 0xd6, 0xc2, 0x4d, 0xdc, 0x0b, 0xff, 
    0xf0, 0x05, 0x7a, 0x80, 0x08, 0x7e, 0xc0, 0x00, 0xa3, 0x90, 0x08, 0x13, 0x09, 
    0x9e, 0xfa, 0x20, 0x05, 0x71, 0x39, 0x19, 0x20, 0x60, 0x08, 0xed, 0x50, 0xdd, 
    0x0e, 0xf0, 0x93, 0xa0, 0xa0, 0x01, 0x42, 0xe0, 0x03, 0x30, 0x70, 0x00, 0x64, 
    0xd9, 0xcb, 0x38, 0x21, 0xdc, 0xb7, 0x1b, 0x01, 0x39, 0x40, 0x01, 0x35, 0xc0, 
    0x07, 0x3d, 0x40, 0x00, 0xa0, 0x00, 0xdb, 0x21, 0x70, 0xb5, 0x38, 0x59, 0x09, 
    0xbc, 0x70, 0x0c, 0xf5, 0x40, 0x07, 0xfc, 0x5c, 0xdd, 0x21, 0x50, 0x06, 0x89, 
    0x70, 0x06, 0x3c, 0xb0, 0x04, 0x32, 0x70, 0x02, 0x40, 0xd0, 0x9b, 0xdb, 0xcd, 
    0xdd, 0xfc, 0x2d, 0x5c, 0x08, 0x70, 0x00, 0x38, 0x10, 0xde, 0x36, 0x30, 0x01, 
    0x9a, 0xf0, 0x89, 0x5d, 0xd0, 0xab, 0x08, 0x5e, 0xdd, 0x38, 0x19, 0xdf, 0x2e, 
    0x80, 0x09, 0x68, 0x40, 0x00, 0x4c, 0x40, 0xd3, 0x27, 0x70, 0x00, 0x0d, 0x80, 
    0xb2, 0xc0, 0xfd, 0x13, 0x1d, 0x9e, 0xd3, 0x06, 0x20, 0x01, 0x39, 0x30, 0x02, 
    0x6a, 0xc0, 0x05, 0x93, 0x50, 0x05, 0x09, 0x40, 0x06, 0x5e, 0x80, 0x09, 0x5d, 
    0x30, 0x91, 0x0e, 0x90, 0xe2, 0x39, 0x9a, 0xe4, 0x11, 0x6e, 0x05, 0x9c, 0x00, 
    0x08, 0x00, 0x30, 0x04, 0x93, 0x50, 0x0b, 0x5b, 0x80, 0x01, 0x1b, 0x50, 0x00, 
    0x1f, 0xb8, 0xe1, 0x1c, 0x9e, 0xe3, 0x1e, 0xee, 0x01, 0x34, 0x90, 0x01, 0x1f, 
    0x30, 0x05, 0x2c, 0x60, 0x09, 0x13, 0xa0, 0x00, 0x84, 0x00, 0x08, 0x94, 0x90, 
    0x08, 0x56, 0x70, 0xe4, 0x2f, 0xd0, 0xe6, 0x21, 0xf0, 0xe6, 0x70, 0xfe, 0xe6, 
    0x6d, 0x5e, 0x06, 0x5d, 0xe0, 0x0a, 0x7d, 0x00, 0x08, 0xf1, 0xa0, 0x01, 0x3d, 
    0x60, 0x03, 0x5c, 0xd0, 0xdb, 0x39, 0x10, 0x01, 0x06, 0x20, 0x00, 0x77, 0x7d, 
    0x14, 0x5c, 0x3e, 0x1c, 0xc4, 0x8d, 0x00, 0x1b, 0xff, 0x50, 0x02, 0x70, 0x10, 
    0x09, 0x6e, 0x30, 0x05, 0x7c, 0x90, 0x04, 0x4c, 0xd0, 0x01, 0x17, 0xa0, 0x09, 
    0x64, 0x30, 0x0a, 0x68, 0xe0, 0x05, 0x94, 0xd0, 0x07, 0x7d, 0xc0, 0x09, 0x9c, 
    0xce, 0xe9, 0x7d, 0x40, 0x09, 0x5e, 0x00, 0x08, 0x64, 0x40, 0x00, 0x42, 0x68, 
    0x03, 0x5a, 0xe0, 0x03, 0x41, 0x30, 0x02, 0x6b, 0xb0, 0x00, 0x0d, 0xd0, 0x50, 
    0x63, 0xa2, 0xe5, 0x5b, 0x5e, 0xe8, 0xc3, 0xad, 0x85, 0x5c, 0xf8, 0x05, 0x23, 
    0xb0, 0x05, 0x26, 0x70, 0x04, 0x73, 0x60, 0x07, 0x93, 0x20, 0x08, 0x6f, 0x50, 
    0x05, 0x15, 0xd0, 0x01, 0x16, 0x80, 0x05, 0x0c, 0x50, 0xec, 0xc5, 0x8e, 0x05, 
    0x16, 0x50, 0x01, 0x4a, 0x20, 0x08, 0x4b, 0x20, 0x07, 0x47, 0xa0, 0x06, 0x61, 
    0xd0, 0x02, 0x25, 0xb0, 0x01, 0x08, 0x10, 0xe8, 0xfe, 0x80, 0xa1, 0xa7, 0xad, 
    0xc2, 0xb2, 0x2e, 0xcf, 0xc4, 0xdd, 0x00, 0x12, 0x70, 0x00, 0x39, 0x10, 0x03, 
    0x27, 0x10, 0x06, 0x7a, 0xf0, 0x01, 0x35, 0xb0, 0x03, 0xb5, 0x30, 0x05, 0x88, 
    0x30, 0x07, 0x2b, 0xd0, 0xee, 0xed, 0x3e, 0x07, 0x88, 0x10, 0x08, 0x37, 0xf0, 
    0x01, 0x5b, 0x40, 0x01, 0x31, 0x90, 0x03, 0x1e, 0xf0, 0x00, 0x05, 0x30, 0x00, 
    0x02, 0x40, 0x1c, 0x3e, 0xa5, 0xdf, 0x3a, 0xb1, 0xed, 0xdd, 0x21, 0x00, 0x03, 
    0x60, 0x00, 0x2f, 0xb8, 0x00, 0x07, 0x00, 0x01, 0x6b, 0x80, 0x01, 0x33, 0xd0, 
    0x02, 0x27, 0x30, 0x02, 0x14, 0x00, 0x03, 0x12, 0x2f, 0xf1, 0x14, 0x30, 0x02, 
    0x2d, 0x10, 0x03, 0x6b, 0xc0, 0x01, 0x1b, 0x10, 0x01, 0x0d, 0x10, 0xe8, 0xfd, 
    0x7e, 0x1b, 0x22, 0x04, 0xeb, 0x14, 0x21, 0xf0, 0xef, 0x41, 0xf0, 0x05, 0xef, 
    0x82, 0x33, 0x18, 0x01, 0x11, 0x20, 0x01, 0x2c, 0xdf, 0xf2, 0x12, 0x10, 0x01, 
    0x0f, 0x80, 0x00, 0x05, 0xf7, 0xf0, 0x5f, 0x1f, 0x3f, 0x1c, 0x8e, 0x90, 0xed, 
    0xf6, 0x4b, 0xf2, 0x07, 0x22, 0x00, 0x3c, 0x6f, 0xf2, 0x03, 0xf0, 0xf3, 0x40, 
    0xcf, 0xef, 0x35, 0x1f, 0x1d, 0xe6, 0x60, 0x4b, 0x40, 0xa1, 0xf3, 0xc7, 0x62, 
    0xda, 0x38, 0x9f, 0xf3, 0x48, 0xbf, 0x2a, 0x87, 0x69, 0xd0, 0x01, 0xdf, 0xf4, 
    0xa4, 0xb2, 0x4a, 0x22, 0x7f, 0x11, 0x52, 0xdf, 0x29, 0x57, 0xbc, 0xf4, 0x2a, 
    0x71, 0xf5, 0x96, 0x82, 0x84, 0x00, 0x7f, 0xf4, 0x5c, 0xbf, 0x27, 0x7a, 0x70, 
    0x05, 0x0b, 0x7b, 0xe3, 0x48, 0x11, 0xf6, 0x73, 0x72, 0x5d, 0x55, 0x1f, 0xb3, 
    0x68, 0x1f, 0x26, 0xde, 0xb4, 0xf6, 0x4d, 0xdb, 0xf6, 0x4f, 0x42, 0xf5, 0x5f, 
    0x7f, 0xd3, 0x72, 0xdf, 0x23, 0x94, 0xaa, 0xf5, 0xda, 0x7a, 0xf7, 0x2b, 0xc2, 
    0x73, 0x70, 0xcf, 0xf6, 0x7c, 0x0f, 0x21, 0x02, 0xa5, 0xf7, 0x2f, 0x11, 0xf8, 
    0x10, 0x02, 0xcc, 0x84, 0x5f, 0xf8, 0x86, 0x7f, 0x1f, 0x4c, 0x9d, 0xf8, 0x8a, 
    0xbf, 0xf8, 0xe6, 0x81, 0x88, 0x75, 0x4f, 0xe8, 0x90, 0xdf, 0x1d, 0xda, 0xfd, 
    0xf7, 0x91, 0x5a, 0xf9, 0xd1, 0x01, 0x0d, 0x46, 0xff, 0x14, 0x9a, 0x0f, 0x1d, 
    0x51, 0x06, 0xf5, 0x67, 0xff, 0xf9, 0xb7, 0x21, 0x0e, 0x9d, 0x0f, 0x15, 0xa4, 
    0x6f, 0x1b, 0x3f, 0xe2, 0xf8, 0x34, 0x91, 0xfa, 0x52, 0xc7, 0xfa, 0xad, 0xff, 
    0xf9, 0x8e, 0x0d, 0xfb, 0xb1, 0x5f, 0xf9, 0x10, 0xb0, 0xde, 0x93, 0xef, 0x14, 
    0x9f, 0x9f, 0xdf, 0xb9, 0xaf, 0xfb, 0x95, 0x5f, 0x9c, 0xbd, 0xef, 0xfb, 0x8b, 
    0x4f, 0x02, 0xa7, 0x5f, 0x15, 0x95, 0x6f, 0xc6, 0x64, 0x01, 0xf9, 0x00, 0x40, 
    0xfb, 0xfb, 0x6d, 0xf8, 0x73, 0xc0, 0xfc, 0xcd, 0xcf, 0xf7, 0x23, 0xc0, 0x99, 
    0x66, 0xcf, 0x15, 0x01, 0x01, 0x00, 0x3b
};

const lv_img_dsc_t gif_dani = {
  .header.cf = LV_IMG_CF_RAW_CHROMA_KEYED,
  .header.always_zero = 0,
  .header.reserved = 0,
  .header.w = 240,
  .header.h = 240,
  .data_size = 73925,
  .data = gif_dani_map,
};
